{
  "add_ff": {
    "range": [
      1
    ],
    "results": [
      12.998334513621835
    ],
    "stddev": [
      0.29168427989834717
    ]
  },
  "mul_ff": {
    "range": [
      1
    ],
    "results": [
      22.07316536027129
    ],
    "stddev": [
      0.5199744135937614
    ]
  },
  "add_G1": {
    "range": [
      1
    ],
    "results": [
      586.2760103233077
    ],
    "stddev": [
      3.786229296670383
    ]
  },
  "add_G2": {
    "range": [
      1
    ],
    "results": [
      2142.2948511613654
    ],
    "stddev": [
      25.963119244032963
    ]
  },
  "mul_G1": {
    "range": [
      1
    ],
    "results": [
      145598.08725370123
    ],
    "stddev": [
      1472.5514204433034
    ]
  },
  "mul_G2": {
    "range": [
      1
    ],
    "results": [
      587005.4981254052
    ],
    "stddev": [
      9503.039521372802
    ]
  },
  "msm_G1": {
    "range": [
      2,
      4,
      8,
      16,
      32,
      64,
      128,
      256,
      512,
      1024,
      2048,
      4096,
      8192,
      16384,
      32768,
      65536,
      131072,
      262144,
      524288,
      1048576,
      2097152
    ],
    "results": [
      7742023.191428568,
      7777504.101428572,
      7857948.127142856,
      7949311.681428572,
      8115706.132857143,
      8160586.724285713,
      8202584.5971428575,
      8347845.175000004,
      8308325.261666668,
      9477795.536666665,
      8715711.516266232,
      8687728.148784272,
      8591526.139779942,
      8635018.804155843,
      8832135.130916307,
      9467888.225039681,
      10539254.839664903,
      12722565.350714285,
      21492298.090849206,
      34095798.486388884,
      58231588.810515866
    ],
    "stddev": [
      19837.18652021097,
      2725.3559878534556,
      28744.682383560852,
      7402.349506437221,
      10731.014754729715,
      23417.85234296339,
      16279.949388984895,
      38859.07010865165,
      21839.611473882516,
      65781.11615945036,
      81908.70244990019,
      33356.84076537129,
      12831.843359809012,
      15132.41355416116,
      9102.704672212598,
      3254.635167408204,
      34819.508117758545,
      20295.02803693925,
      27244.669097834736,
      39506.257782163855,
      99798.63697725508
    ]
  },
  "msm_G2": {
    "range": [
      2,
      4,
      8,
      16,
      32,
      64,
      128,
      256,
      512,
      1024,
      2048,
      4096,
      8192,
      16384,
      32768,
      65536,
      131072,
      262144,
      524288,
      1048576,
      2097152
    ],
    "results": [
      29347408.252738096,
      29233792.042023808,
      29401878.01715278,
      29680538.212380957,
      30210094.80031746,
      30489301.13136243,
      30585118.50665344,
      31196795.136679895,
      30961369.4756746,
      36302915.06625661,
      32660885.98304233,
      32941758.386256613,
      32690032.35072751,
      33603100.50346561,
      35533894.04746032,
      39866983.4548016,
      48290359.74684524,
      66697065.60396825,
      103124142.78357144,
      169744339.90805557,
      293398137.15
    ],
    "stddev": [
      2969.087348035733,
      4888.7789831316795,
      23992.035806929474,
      23996.497972896857,
      29738.878330159143,
      125320.58938246935,
      38481.37476356071,
      211750.31055024514,
      95712.96429866276,
      445317.9693676435,
      331350.8973808584,
      124973.36822720875,
      42613.010393679564,
      39614.44460920587,
      15305.572765385596,
      6038.828743060421,
      44458.618619763954,
      75869.2559306469,
      156809.07888509575,
      273504.3603279686,
      300384.798329913
    ]
  },
  "pairing": {
    "range": [
      1
    ],
    "results": [
      4131834.181231963
    ],
    "stddev": [
      4848.459383661652
    ]
  },
  "fft": {
    "range": [
      2,
      4,
      8,
      16,
      32,
      64,
      128,
      256,
      512,
      1024,
      2048,
      4096,
      8192,
      16384,
      32768,
      65536,
      131072,
      262144,
      524288,
      1048576,
      2097152
    ],
    "results": [
      11154.443683088639,
      11696.83644571068,
      12190.367591283202,
      12883.411565477321,
      13578.081731077003,
      14305.578982411016,
      15346.655878866502,
      16656.007523415978,
      21519.008324194663,
      24633.126726551814,
      28015.70118502088,
      31114.86819027989,
      34547.72612110355,
      37951.388658779964,
      45809.502507302546,
      79536.20092437384,
      99984.0053478109,
      178027.9179226851,
      400031.6471743595,
      725963.9040365962,
      1384119.9057497594
    ],
    "stddev": [
      5.769153571504784,
      15.24347856570574,
      10.93669816874321,
      15.412021727059265,
      11.932273075644067,
      16.39762799367767,
      62.512271671668074,
      12.067947279582627,
      15.501364586072151,
      39.22679208541277,
      21.302566193836142,
      27.32823791089289,
      82.05484603206709,
      38.054490121327206,
      22.3343308650285,
      50.276346707970816,
      238.57338640378595,
      25.068886251755732,
      660.0803150835502,
      2821.3083192965532,
      4621.960965077976
    ]
  }
}