{
  "add_ff": {
    "range": [
      1
    ],
    "results": [
      13.553532530538156
    ],
    "stddev": [
      0.29271746205648413
    ]
  },
  "mul_ff": {
    "range": [
      1
    ],
    "results": [
      23.55828874625575
    ],
    "stddev": [
      0.35557201196047034
    ]
  },
  "add_G1": {
    "range": [
      1
    ],
    "results": [
      629.083942377046
    ],
    "stddev": [
      5.812089183189147
    ]
  },
  "add_G2": {
    "range": [
      1
    ],
    "results": [
      2292.2553058837393
    ],
    "stddev": [
      14.458668151299126
    ]
  },
  "mul_G1": {
    "range": [
      1
    ],
    "results": [
      159164.69280043908
    ],
    "stddev": [
      1505.3515251787317
    ]
  },
  "mul_G2": {
    "range": [
      1
    ],
    "results": [
      621527.8402167534
    ],
    "stddev": [
      10821.458241235814
    ]
  },
  "msm_G1": {
    "range": [
      2,
      4,
      8,
      16,
      32,
      64,
      128,
      256,
      512,
      1024,
      2048,
      4096,
      8192,
      16384,
      32768,
      65536,
      131072,
      262144,
      524288,
      1048576,
      2097152
    ],
    "results": [
      6756531.91125,
      6767763.515,
      6728897.835,
      6766419.45125,
      6907129.04375,
      6945649.15625,
      6972959.26625,
      7084703.23,
      7066084.9575,
      7943787.638571429,
      7364831.338452379,
      7358840.710653235,
      7295947.03464591,
      7317967.954536019,
      7445344.021733822,
      7774382.7735648155,
      8321996.468650794,
      9428457.779178571,
      15897193.0532672,
      24664404.316150792,
      41184044.536441796
    ],
    "stddev": [
      3213.781974330195,
      3255.4253691088516,
      34645.639912106366,
      6415.947750062316,
      9156.816560498368,
      17420.910696096435,
      11080.207344907501,
      29202.381448681324,
      16256.168217068598,
      44375.8354633555,
      63162.86893014348,
      37429.16335190016,
      11157.060897902005,
      16170.452711109254,
      11600.285655268428,
      14836.236363700868,
      16334.638937200532,
      27650.272971382714,
      6387.072610367763,
      8072.04086206559,
      35743.881139361714
    ]
  },
  "msm_G2": {
    "range": [
      2,
      4,
      8,
      16,
      32,
      64,
      128,
      256,
      512,
      1024,
      2048,
      4096,
      8192,
      16384,
      32768,
      65536,
      131072,
      262144,
      524288,
      1048576,
      2097152
    ],
    "results": [
      25139792.753958337,
      25223817.88282738,
      25377253.77670635,
      25620183.024583332,
      26440238.20061508,
      26671201.81401786,
      26756956.11080357,
      27357222.72705357,
      27075185.277123015,
      31515828.74349206,
      28351082.840436507,
      28373598.742549606,
      27437316.757896822,
      27543248.474146824,
      27850420.78831349,
      28915900.506884914,
      30901597.817460317,
      36312103.677817464,
      49343723.55337302,
      70306413.98317459,
      112348789.04968253
    ],
    "stddev": [
      3828.8865732949957,
      2851.943111783483,
      17801.06687816752,
      25398.908753758573,
      48862.358933095595,
      83196.0865162344,
      43538.80457639367,
      95272.35919708251,
      102148.86302209971,
      457445.77073017316,
      280824.7615143151,
      130144.81467335956,
      66595.14059442226,
      61209.54086318204,
      47518.02624633021,
      42670.487424323976,
      48939.08852876144,
      143543.8980395076,
      33541.58825189645,
      54474.162725036345,
      136787.66931997155
    ]
  },
  "pairing": {
    "range": [
      1
    ],
    "results": [
      4392684.311662888
    ],
    "stddev": [
      7442.459491788859
    ]
  },
  "fft": {
    "range": [
      2,
      4,
      8,
      16,
      32,
      64,
      128,
      256,
      512,
      1024,
      2048,
      4096,
      8192,
      16384,
      32768,
      65536,
      131072,
      262144,
      524288,
      1048576,
      2097152
    ],
    "results": [
      12437.08940037087,
      12980.13057899995,
      13563.469671830477,
      14126.625986945559,
      14486.485648285976,
      15103.533902636385,
      15863.83931007249,
      17103.11527528926,
      32158.625732274755,
      30205.521702868056,
      31486.387582834363,
      30653.813156131197,
      31617.68842151829,
      34755.58039970204,
      39970.130103546355,
      62687.694938487955,
      74660.17711537707,
      89460.35193335208,
      206083.7070170608,
      362588.10551381775,
      761278.3656266533
    ],
    "stddev": [
      109.99282034844683,
      53.975532566070925,
      76.3462845757166,
      30.62419849187635,
      11.450738887258836,
      43.70157182819161,
      86.80302091379183,
      168.40081565500242,
      46.15832670054188,
      136.10490980364122,
      62.30611027968844,
      21.631390719105696,
      72.47806810631585,
      195.47811000272435,
      31.44793769341711,
      282.099185073121,
      182.6585482725768,
      136.2948947568434,
      140.99694626595905,
      293.9400860726033,
      968.8335048702595
    ]
  }
}