{
  "add_ff": {
    "range": [
      1
    ],
    "results": [
      26.158430415630438
    ],
    "stddev": [
      0.15132585740309143
    ]
  },
  "mul_ff": {
    "range": [
      1
    ],
    "results": [
      43.874203389024316
    ],
    "stddev": [
      1.3236675153994983
    ]
  },
  "add_G1": {
    "range": [
      1
    ],
    "results": [
      1174.0357236143373
    ],
    "stddev": [
      6.374092101476276
    ]
  },
  "add_G2": {
    "range": [
      1
    ],
    "results": [
      3959.2594857336885
    ],
    "stddev": [
      11.872459217266359
    ]
  },
  "mul_G1": {
    "range": [
      1
    ],
    "results": [
      256834.91492852446
    ],
    "stddev": [
      2743.4710120717164
    ]
  },
  "mul_G2": {
    "range": [
      1
    ],
    "results": [
      931923.3742460732
    ],
    "stddev": [
      8124.901123371946
    ]
  },
  "msm_G1": {
    "range": [
      2,
      4,
      8,
      16,
      32,
      64,
      128,
      256,
      512,
      1024,
      2048,
      4096,
      8192,
      16384,
      32768,
      65536,
      131072,
      262144,
      524288,
      1048576,
      2097152
    ],
    "results": [
      8044661.438571426,
      8094213.694285715,
      8139812.122857145,
      8244678.899999998,
      8448791.038333334,
      8508384.153333334,
      8550541.166666664,
      8696671.578333333,
      8660820.488333333,
      9894355.248333333,
      9062077.232960317,
      8962256.31118326,
      8933589.031847041,
      8988255.288780665,
      9336872.64334127,
      10131819.607857144,
      11265581.72171076,
      13718697.15982993,
      23801133.671626985,
      39136832.71968254,
      68495196.79644842
    ],
    "stddev": [
      1190.6837734122912,
      1633.6471604682906,
      5469.925161485593,
      32549.012599967737,
      11265.54792280565,
      22028.133822968306,
      17869.080685735684,
      45282.27788578889,
      19110.12034960149,
      62458.422616545104,
      76850.35634020512,
      28653.175252271998,
      8391.879510517947,
      21664.071775143933,
      10685.564152658124,
      1300.8873173933323,
      2183.835718388003,
      12747.828950809466,
      86375.71340004638,
      295071.7960652076,
      200178.79674130058
    ]
  },
  "msm_G2": {
    "range": [
      2,
      4,
      8,
      16,
      32,
      64,
      128,
      256,
      512,
      1024,
      2048,
      4096,
      8192,
      16384,
      32768,
      65536,
      131072,
      262144,
      524288,
      1048576,
      2097152
    ],
    "results": [
      30525203.47414021,
      30627269.074629627,
      30805569.077619046,
      30893608.36283069,
      31450260.990806878,
      31660792.26788359,
      31833668.57939154,
      32463534.373082012,
      32220854.843875665,
      37784927.72970899,
      34000172.72796297,
      34208894.86730158,
      34154554.82722222,
      34971631.68920635,
      37132464.84544973,
      42089470.86550265,
      50694087.78021825,
      70796104.81259921,
      110712445.13436508,
      182417663.6666667,
      316286766.75
    ],
    "stddev": [
      9887.192301864507,
      728.6678145027621,
      24270.26544246991,
      50735.5550420348,
      51295.210066242864,
      75939.61049229433,
      55292.293605930834,
      104973.3946240409,
      78851.34005621346,
      476394.6706912159,
      321508.59010271804,
      242386.80844207195,
      54138.96092768053,
      148915.66149422384,
      67128.07221295488,
      56866.18327952715,
      84905.81108605054,
      152522.49296757497,
      119284.03205756062,
      66981.62704702636,
      57872.01564497732
    ]
  },
  "pairing": {
    "range": [
      1
    ],
    "results": [
      5172670.123489859
    ],
    "stddev": [
      2711.4828872418566
    ]
  },
  "fft": {
    "range": [
      2,
      4,
      8,
      16,
      32,
      64,
      128,
      256,
      512,
      1024,
      2048,
      4096,
      8192,
      16384,
      32768,
      65536,
      131072,
      262144,
      524288,
      1048576,
      2097152
    ],
    "results": [
      18232.58974970945,
      19107.930907731825,
      19835.81874605777,
      20743.68907262585,
      21527.330085487472,
      22267.9579402547,
      22271.977417134956,
      23480.15710829426,
      28096.311309883207,
      31279.170120685572,
      34570.32441882564,
      38026.360067031324,
      41485.55913013904,
      45127.68530674385,
      53236.01972965244,
      88523.55476438979,
      110952.25871793379,
      199653.11293519972,
      447537.24453275756,
      808605.2617822026,
      1549472.9619652946
    ],
    "stddev": [
      15.870589448894053,
      10.054873756968455,
      14.073306249490921,
      17.273017773741483,
      15.332187783524944,
      18.9945741752302,
      14.502503016860377,
      19.171461270380632,
      13.589834111482494,
      26.86380984684938,
      20.363970499688207,
      35.089904110202454,
      19.76243938646717,
      18.0152793935841,
      23.276260146801157,
      44.050771096373204,
      335.9348799520335,
      753.6988348701415,
      2195.6259672119213,
      4173.366453727692,
      12957.156810118031
    ]
  }
}