{
  "add_ff": {
    "range": [
      1
    ],
    "results": [
      6.608990629532819
    ]
  },
  "mul_ff": {
    "range": [
      1
    ],
    "results": [
      33.5987151596963
    ]
  },
  "invert": {
    "range": [
      1
    ],
    "results": [
      10438.115793959347
    ]
  },
  "add_G1": {
    "range": [
      1
    ],
    "results": [
      449.04968566413606
    ]
  },
  "mul_G1": {
    "range": [
      1
    ],
    "results": [
      154139.50297169722
    ]
  }
}