{
  "add_ff": {
    "range": [
      1
    ],
    "results": [
      5.843217785599375
    ],
    "stddev": [
      0.009944307487793076
    ]
  },
  "mul_ff": {
    "range": [
      1
    ],
    "results": [
      28.89667887616105
    ],
    "stddev": [
      0.056099726688087305
    ]
  },
  "invert": {
    "range": [
      1
    ],
    "results": [
      8928.459861493217
    ],
    "stddev": [
      4.2396808129342345
    ]
  },
  "add_G1": {
    "range": [
      1
    ],
    "results": [
      357.03729148573825
    ],
    "stddev": [
      0.2133433577573639
    ]
  },
  "mul_G1": {
    "range": [
      1
    ],
    "results": [
      131389.90548148367
    ],
    "stddev": [
      78.9716416763785
    ]
  }
}