{
  "add_ff": {
    "range": [
      1
    ],
    "results": [
      6.701654210938616
    ],
    "stddev": [
      0.009439641054208393
    ]
  },
  "mul_ff": {
    "range": [
      1
    ],
    "results": [
      32.339954102285205
    ],
    "stddev": [
      0.08714518315860045
    ]
  },
  "invert": {
    "range": [
      1
    ],
    "results": [
      11451.178860055965
    ],
    "stddev": [
      3.415665272860143
    ]
  },
  "add_G1": {
    "range": [
      1
    ],
    "results": [
      413.9646361221457
    ],
    "stddev": [
      0.15441092899210698
    ]
  },
  "mul_G1": {
    "range": [
      1
    ],
    "results": [
      149411.53123966407
    ],
    "stddev": [
      51.46224248437915
    ]
  }
}