{
  "add_ff": {
    "range": [
      1
    ],
    "results": [
      3.952783104176058
    ],
    "stddev": [
      0.023634422503524995
    ]
  },
  "mul_ff": {
    "range": [
      1
    ],
    "results": [
      19.790762081150696
    ],
    "stddev": [
      0.11826642570438146
    ]
  },
  "invert": {
    "range": [
      1
    ],
    "results": [
      6988.939626279211
    ],
    "stddev": [
      88.49905250693982
    ]
  },
  "add_G1": {
    "range": [
      1
    ],
    "results": [
      270.6039135703439
    ],
    "stddev": [
      1.5266950831431474
    ]
  },
  "mul_G1": {
    "range": [
      1
    ],
    "results": [
      97695.09349414075
    ],
    "stddev": [
      500.79297807002615
    ]
  }
}