{
  "add_ff": {
    "range": [
      1
    ],
    "results": [
      5.085433936525049
    ]
  },
  "mul_ff": {
    "range": [
      1
    ],
    "results": [
      27.1033535901317
    ]
  },
  "invert": {
    "range": [
      1
    ],
    "results": [
      8814.28009047138
    ]
  },
  "add_G1": {
    "range": [
      1
    ],
    "results": [
      346.773127058708
    ]
  },
  "mul_G1": {
    "range": [
      1
    ],
    "results": [
      126256.28398672385
    ]
  }
}