{
  "add_ff": {
    "range": [
      1
    ],
    "results": [
      6.608990629532819
    ],
    "stddev": [
      0.17620596943762035
    ]
  },
  "mul_ff": {
    "range": [
      1
    ],
    "results": [
      33.5987151596963
    ],
    "stddev": [
      0.6379553223235546
    ]
  },
  "invert": {
    "range": [
      1
    ],
    "results": [
      10438.115793959347
    ],
    "stddev": [
      370.7930472955666
    ]
  },
  "add_G1": {
    "range": [
      1
    ],
    "results": [
      449.04968566413606
    ],
    "stddev": [
      8.319929023163798
    ]
  },
  "mul_G1": {
    "range": [
      1
    ],
    "results": [
      154139.50297169722
    ],
    "stddev": [
      2942.8716560465286
    ]
  }
}