{
  "add_ff": {
    "range": [
      1
    ],
    "results": [
      5.240903059032819
    ],
    "stddev": [
      0.037885653714404575
    ]
  },
  "mul_ff": {
    "range": [
      1
    ],
    "results": [
      23.584312914534525
    ],
    "stddev": [
      0.06628770746903222
    ]
  },
  "invert": {
    "range": [
      1
    ],
    "results": [
      8556.6051509164
    ],
    "stddev": [
      7.817523353236156
    ]
  },
  "add_G1": {
    "range": [
      1
    ],
    "results": [
      316.07951431335573
    ],
    "stddev": [
      1.0580970876410083
    ]
  },
  "mul_G1": {
    "range": [
      1
    ],
    "results": [
      115735.64959924444
    ],
    "stddev": [
      176.04052762977125
    ]
  }
}