{
  "add_ff": {
    "range": [
      1
    ],
    "results": [
      6.783263380238379
    ],
    "stddev": [
      0.015825218382537302
    ]
  },
  "mul_ff": {
    "range": [
      1
    ],
    "results": [
      33.60751570044894
    ],
    "stddev": [
      0.0741457454633538
    ]
  },
  "invert": {
    "range": [
      1
    ],
    "results": [
      10357.43673553623
    ],
    "stddev": [
      11.129806259657022
    ]
  },
  "add_G1": {
    "range": [
      1
    ],
    "results": [
      414.3055099216882
    ],
    "stddev": [
      0.5507829000961291
    ]
  },
  "mul_G1": {
    "range": [
      1
    ],
    "results": [
      150476.5732599058
    ],
    "stddev": [
      2807.915175172136
    ]
  }
}