{
  "add_ff": {
    "range": [
      1
    ],
    "results": [
      5.085433936525049
    ],
    "stddev": [
      0.07555737712400815
    ]
  },
  "mul_ff": {
    "range": [
      1
    ],
    "results": [
      27.1033535901317
    ],
    "stddev": [
      0.021103174532628548
    ]
  },
  "invert": {
    "range": [
      1
    ],
    "results": [
      8814.28009047138
    ],
    "stddev": [
      5.08203436826019
    ]
  },
  "add_G1": {
    "range": [
      1
    ],
    "results": [
      346.773127058708
    ],
    "stddev": [
      0.31211496238291475
    ]
  },
  "mul_G1": {
    "range": [
      1
    ],
    "results": [
      126256.28398672385
    ],
    "stddev": [
      75.93286903816615
    ]
  }
}