{
  "add_ff": {
    "range": [
      1
    ],
    "results": [
      11.436042493692787
    ],
    "stddev": [
      0.007561879516847831
    ]
  },
  "mul_ff": {
    "range": [
      1
    ],
    "results": [
      102.36700436287049
    ],
    "stddev": [
      0.050076628362722884
    ]
  },
  "invert": {
    "range": [
      1
    ],
    "results": [
      27112.718836036554
    ],
    "stddev": [
      8.420675649287075
    ]
  },
  "add_G1": {
    "range": [
      1
    ],
    "results": [
      999.386713342792
    ],
    "stddev": [
      0.42866970666504717
    ]
  },
  "mul_G1": {
    "range": [
      1
    ],
    "results": [
      357363.0284767156
    ],
    "stddev": [
      146.8412695878158
    ]
  }
}