{
  "add_ff": {
    "range": [
      1
    ],
    "results": [
      6.107245401078617
    ],
    "stddev": [
      0.03162716192891868
    ]
  },
  "mul_ff": {
    "range": [
      1
    ],
    "results": [
      32.59461621062594
    ],
    "stddev": [
      0.019913360160164862
    ]
  },
  "invert": {
    "range": [
      1
    ],
    "results": [
      9791.21253623303
    ],
    "stddev": [
      5.692484763147081
    ]
  },
  "add_G1": {
    "range": [
      1
    ],
    "results": [
      415.2291166759166
    ],
    "stddev": [
      0.5871717152406629
    ]
  },
  "mul_G1": {
    "range": [
      1
    ],
    "results": [
      146597.5050026115
    ],
    "stddev": [
      185.23171902308766
    ]
  }
}