{
  "add_ff": {
    "range": [
      1
    ],
    "results": [
      6.107245401078617
    ]
  },
  "mul_ff": {
    "range": [
      1
    ],
    "results": [
      32.59461621062594
    ]
  },
  "invert": {
    "range": [
      1
    ],
    "results": [
      9791.21253623303
    ]
  },
  "add_G1": {
    "range": [
      1
    ],
    "results": [
      415.2291166759166
    ]
  },
  "mul_G1": {
    "range": [
      1
    ],
    "results": [
      146597.5050026115
    ]
  }
}