{
  "add_ff": {
    "range": [
      1
    ],
    "results": [
      11.436042493692787
    ]
  },
  "mul_ff": {
    "range": [
      1
    ],
    "results": [
      102.36700436287049
    ]
  },
  "invert": {
    "range": [
      1
    ],
    "results": [
      27112.718836036554
    ]
  },
  "add_G1": {
    "range": [
      1
    ],
    "results": [
      999.386713342792
    ]
  },
  "mul_G1": {
    "range": [
      1
    ],
    "results": [
      357363.0284767156
    ]
  }
}