{
  "add_ff": {
    "range": [
      1
    ],
    "results": [
      5.2945010160070725
    ],
    "stddev": [
      0.040146468827376956
    ]
  },
  "mul_ff": {
    "range": [
      1
    ],
    "results": [
      23.841987534981804
    ],
    "stddev": [
      0.011981147042424853
    ]
  },
  "invert": {
    "range": [
      1
    ],
    "results": [
      10179.995079330301
    ],
    "stddev": [
      53.94277755148261
    ]
  },
  "add_G1": {
    "range": [
      1
    ],
    "results": [
      474.4472624119189
    ],
    "stddev": [
      1.8149354214962468
    ]
  },
  "mul_G1": {
    "range": [
      1
    ],
    "results": [
      180654.56361987055
    ],
    "stddev": [
      1550.4285877095601
    ]
  },
  "msm_G1": {
    "range": [
      2,
      4,
      8,
      16,
      32,
      64,
      128,
      256,
      512,
      1024,
      2048,
      4096,
      8192,
      16384,
      32768,
      65536,
      131072,
      262144,
      524288,
      1048576,
      2097152
    ],
    "results": [
      177246.79657448464,
      377913.99852988106,
      507299.0659468595,
      733073.4012687387,
      1177340.0399785012,
      458086.7292542823,
      649814.593634615,
      798555.5506564023,
      1052563.028864791,
      1625325.2249559646,
      2536220.8205,
      3752635.272857143,
      6272913.348888888,
      10613751.412000002,
      17792918.56666666,
      30594784.015,
      54785371.61,
      98464785.96,
      175892348.8,
      318728193.69,
      591847283.4
    ],
    "stddev": [
      4217.295816066538,
      7101.004220498756,
      4828.836601337142,
      4999.54750145112,
      5979.612953261253,
      20297.142102776437,
      29810.39138809643,
      33344.82984595687,
      70618.48384598439,
      106835.77284329581,
      96072.13959857824,
      36559.61652446953,
      386156.5337790735,
      133691.79703817234,
      1082002.5755199248,
      564145.5307460099,
      438191.53445158876,
      3836934.429543398,
      1632859.3560162736,
      545234.5976569846,
      641089.4099348702
    ]
  },
  "fft": {
    "range": [
      2,
      4,
      8,
      16,
      32,
      64,
      128,
      256,
      512,
      1024,
      2048,
      4096,
      8192,
      16384,
      32768,
      65536,
      131072,
      262144,
      524288,
      1048576,
      2097152
    ],
    "results": [
      52.52827650168857,
      139.01011381402148,
      375.02503134503206,
      1003.161821817883,
      2483.950031027393,
      41746.66547753441,
      46402.97481938651,
      57702.92747336725,
      132163.684977491,
      206986.70970276624,
      344146.27610821126,
      553675.5398679653,
      976587.5284405606,
      1739539.0378167112,
      3261757.4796811226,
      6101415.748746032,
      11937692.366909724,
      23439839.212896824,
      48093768.4730754,
      102699627.82781747,
      236044816.6
    ],
    "stddev": [
      0.06760637544978151,
      0.2217130178493198,
      0.10497159186891204,
      1.4403347387960168,
      0.9829697119097438,
      2317.578439536208,
      3266.1595380693866,
      2949.325115578637,
      8516.369646936242,
      2922.5810229121917,
      13351.604177131007,
      20578.73701443837,
      13702.366116223933,
      17707.67358760833,
      11025.836239057095,
      16134.37391344555,
      55751.42176987749,
      135493.56679380924,
      673765.3979854874,
      1302892.910874026,
      2174184.571113373
    ]
  }
}