{
  "add_ff": {
    "range": [
      1
    ],
    "results": [
      5.485250489703052
    ],
    "stddev": [
      0.003614920157428377
    ]
  },
  "mul_ff": {
    "range": [
      1
    ],
    "results": [
      26.573112869137958
    ],
    "stddev": [
      0.08477101811765059
    ]
  },
  "invert": {
    "range": [
      1
    ],
    "results": [
      9419.524775431135
    ],
    "stddev": [
      4.912574384792831
    ]
  },
  "add_G1": {
    "range": [
      1
    ],
    "results": [
      501.4553477533455
    ],
    "stddev": [
      0.44885919812338543
    ]
  },
  "mul_G1": {
    "range": [
      1
    ],
    "results": [
      189000.1861807837
    ],
    "stddev": [
      706.4723851677148
    ]
  },
  "msm_G1": {
    "range": [
      2,
      4,
      8,
      16,
      32,
      64,
      128,
      256,
      512,
      1024,
      2048,
      4096,
      8192,
      16384,
      32768,
      65536,
      131072,
      262144,
      524288,
      1048576,
      2097152
    ],
    "results": [
      194039.5993675536,
      409193.52613952046,
      552798.5681548831,
      803076.0781729773,
      1290891.0658098336,
      2114563.6891666674,
      1518421.916574149,
      1706723.453098199,
      2350587.831363637,
      2722236.001052631,
      3209327.559375,
      4644952.45,
      6633386.85625,
      10568946.378000002,
      14698653.75,
      24879263.70000001,
      40922600.8,
      71538172.78,
      129666014.2,
      230297177.23,
      428807932.2
    ],
    "stddev": [
      4927.129454436752,
      5864.112320898582,
      4716.293780534226,
      5383.932895612682,
      4786.296773086201,
      3799.1684698596523,
      25923.822991105048,
      32540.670946124916,
      33821.61511461093,
      81792.14069854228,
      51326.424217031425,
      58313.25023309593,
      124544.01418195294,
      210961.3701693689,
      473406.577194944,
      743530.3991709695,
      961460.5123342534,
      3109953.1392393764,
      4583289.613092845,
      3968533.261645123,
      1395941.1427684766
    ]
  },
  "fft": {
    "range": [
      2,
      4,
      8,
      16,
      32,
      64,
      128,
      256,
      512,
      1024,
      2048,
      4096,
      8192,
      16384,
      32768,
      65536,
      131072,
      262144,
      524288,
      1048576,
      2097152
    ],
    "results": [
      74.02827013174769,
      166.20395701746128,
      433.6589744561046,
      1180.203356997186,
      2932.2740191416224,
      6838.303888247067,
      170243.3291163536,
      130934.91650508123,
      170009.90078735788,
      241113.54018609747,
      455546.9610115232,
      1009315.8600811288,
      1374978.814809879,
      2050166.7842619047,
      3428638.84228983,
      6136337.062481482,
      11510167.105714286,
      22487955.289134916,
      47265980.10017858,
      105755510.70083334,
      258120373.45
    ],
    "stddev": [
      0.03911286832737498,
      0.028800295146785698,
      0.04159869822808942,
      0.04429564658409519,
      0.577703815064746,
      0.5108741950981338,
      3930.7483241829123,
      2835.8296422346143,
      2459.076871937726,
      2004.0109016294632,
      26348.900465891893,
      4786.208414479807,
      10057.62429324885,
      28342.14714344996,
      31301.792128836198,
      49913.912396580454,
      74156.03107028572,
      290537.85084958345,
      959159.3374168308,
      3439278.890540638,
      4171503.384797401
    ]
  }
}