{
  "add_ff": {
    "range": [
      1
    ],
    "results": [
      11.427468908096158
    ]
  },
  "mul_ff": {
    "range": [
      1
    ],
    "results": [
      81.84863347637798
    ]
  },
  "invert": {
    "range": [
      1
    ],
    "results": [
      24872.424557628437
    ]
  },
  "add_G1": {
    "range": [
      1
    ],
    "results": [
      1348.5257560485502
    ]
  },
  "mul_G1": {
    "range": [
      1
    ],
    "results": [
      492050.3962984015
    ]
  },
  "msm_G1": {
    "range": [
      2,
      4,
      8,
      16,
      32,
      64,
      128,
      256,
      512,
      1024,
      2048,
      4096,
      8192,
      16384,
      32768,
      65536,
      131072,
      262144,
      524288,
      1048576,
      2097152
    ],
    "results": [
      470712.3442349772,
      1039279.8419408876,
      1403951.407344044,
      2021532.9591999992,
      3261631.404375,
      689841.1118582538,
      1316826.9867666734,
      1652411.2567926806,
      2266748.3236363623,
      3514772.0780000007,
      5637886.688888885,
      8789546.153333332,
      14735692.19,
      25326561.255,
      44117216.835,
      76579139.59,
      137994427.3,
      248833524.95,
      461043428.97,
      839626535.32,
      1559109856.7
    ]
  },
  "fft": {
    "range": [
      2,
      4,
      8,
      16,
      32,
      64,
      128,
      256,
      512,
      1024,
      2048,
      4096,
      8192,
      16384,
      32768,
      65536,
      131072,
      262144,
      524288,
      1048576,
      2097152
    ],
    "results": [
      146.51687522051537,
      372.6303067556729,
      1026.4409272559635,
      2813.1451106126533,
      7044.857147860125,
      39795.24334750308,
      43769.688879796995,
      72924.34617814887,
      209741.74101830515,
      313749.55765900377,
      500100.6631711146,
      878233.7165552502,
      1641473.5775729874,
      3188686.278249863,
      6396582.053976191,
      13214631.951808393,
      26854193.54048611,
      55313263.83007936,
      115283700.93714285,
      253123217.15,
      550776840.5
    ]
  }
}