{
  "add_ff": {
    "range": [
      1
    ],
    "results": [
      6.405396286649019
    ],
    "stddev": [
      0.004240809309161382
    ]
  },
  "mul_ff": {
    "range": [
      1
    ],
    "results": [
      31.622962162700606
    ],
    "stddev": [
      0.029451513172419053
    ]
  },
  "invert": {
    "range": [
      1
    ],
    "results": [
      12292.346694689859
    ],
    "stddev": [
      9.774315411955342
    ]
  },
  "add_G1": {
    "range": [
      1
    ],
    "results": [
      578.8982872561734
    ],
    "stddev": [
      0.2429964031285496
    ]
  },
  "mul_G1": {
    "range": [
      1
    ],
    "results": [
      218342.68830280134
    ],
    "stddev": [
      813.4053341525038
    ]
  },
  "msm_G1": {
    "range": [
      2,
      4,
      8,
      16,
      32,
      64,
      128,
      256,
      512,
      1024,
      2048,
      4096,
      8192,
      16384,
      32768,
      65536,
      131072,
      262144,
      524288,
      1048576,
      2097152
    ],
    "results": [
      220343.12881185592,
      468142.11148009,
      635199.4021419646,
      916387.795969857,
      1471680.4738708404,
      310207.87697218894,
      611402.0549188657,
      770045.2929888153,
      1056749.9659366377,
      1631049.1484682185,
      2577077.2480000006,
      4054074.316153847,
      6783298.6875,
      11617042.702,
      20151929.89666667,
      35094588.92,
      63274700.87,
      114432265.17,
      211757304.81,
      384830891.0,
      714405486.1
    ],
    "stddev": [
      5253.346013576271,
      7838.233106839287,
      5968.486226812333,
      5900.053045469322,
      5644.937804887588,
      37410.72477650398,
      43914.5940088409,
      54520.674782727474,
      97973.35909560346,
      80863.92605141952,
      62298.60053312952,
      67273.16970631767,
      127636.84568208853,
      192497.36887683114,
      70287.0522267506,
      47832.13793453728,
      894015.4205600892,
      2911589.702017405,
      1666327.1851795474,
      1260502.0837318914,
      246332.75339323026
    ]
  },
  "fft": {
    "range": [
      2,
      4,
      8,
      16,
      32,
      64,
      128,
      256,
      512,
      1024,
      2048,
      4096,
      8192,
      16384,
      32768,
      65536,
      131072,
      262144,
      524288,
      1048576,
      2097152
    ],
    "results": [
      74.05746072400605,
      177.64149871192114,
      478.03890196388204,
      1303.2013278400937,
      3234.7742144911654,
      20271.141685969502,
      31036.9375604628,
      45130.51492421367,
      71764.79622071638,
      197794.74735512858,
      302919.3158156674,
      485545.3506646825,
      846146.8946292622,
      1557365.3541794461,
      3019417.9142421912,
      6083758.851326885,
      12463769.410863096,
      25143202.4609623,
      52737486.50686508,
      122941317.64186509,
      286568093.7
    ],
    "stddev": [
      0.018407494343960846,
      0.029836652973007007,
      0.0404414966854554,
      0.06431596912168097,
      0.22111980958002106,
      450.0371429136455,
      252.97822600385305,
      105.47033255363779,
      1291.502530664229,
      595.7690889439568,
      526.6853221968603,
      756.3658732964208,
      1499.7496442346755,
      6733.165696797584,
      7018.544333109393,
      48970.73163817367,
      63549.32933149478,
      323537.36622436397,
      737904.3869893953,
      2720377.6313056652,
      5679816.97694851
    ]
  }
}