{
  "add_ff": {
    "range": [
      1
    ],
    "results": [
      6.172521289689184
    ],
    "stddev": [
      0.004297325951102032
    ]
  },
  "mul_ff": {
    "range": [
      1
    ],
    "results": [
      33.58869014784155
    ],
    "stddev": [
      0.041592246554963415
    ]
  },
  "invert": {
    "range": [
      1
    ],
    "results": [
      10937.805318097435
    ],
    "stddev": [
      8.711887329417612
    ]
  },
  "add_G1": {
    "range": [
      1
    ],
    "results": [
      583.8174515789117
    ],
    "stddev": [
      1.5121425464095963
    ]
  },
  "mul_G1": {
    "range": [
      1
    ],
    "results": [
      219889.8668871397
    ],
    "stddev": [
      858.2796062668465
    ]
  },
  "msm_G1": {
    "range": [
      2,
      4,
      8,
      16,
      32,
      64,
      128,
      256,
      512,
      1024,
      2048,
      4096,
      8192,
      16384,
      32768,
      65536,
      131072,
      262144,
      524288,
      1048576,
      2097152
    ],
    "results": [
      224571.5340723704,
      472716.80892760644,
      639617.6738401544,
      542092.7623662872,
      1010284.48886977,
      1297437.92817495,
      1794930.934283709,
      2797003.157222222,
      4479977.721666666,
      6974778.20375,
      11774409.204000004,
      20258785.11333333,
      35353723.47,
      61623816.45,
      110896885.78,
      200260284.91,
      370901557.89,
      677336521.85,
      1282252503.63,
      2473529834.41,
      4611308731.2
    ],
    "stddev": [
      5472.2424474822,
      8023.6690095746835,
      5538.645974247764,
      12816.327189648979,
      26177.750439140193,
      36550.41253134436,
      72018.31457040475,
      62673.70971468513,
      97751.51312124649,
      78702.09507520204,
      113825.89224646897,
      85796.35073152685,
      225631.08382166474,
      101558.88213330973,
      482025.71133891976,
      800534.6148035461,
      1328858.8701738112,
      1054742.0571889828,
      2831615.4944268884,
      3684667.3950047786,
      5775600.36407809
    ]
  },
  "fft": {
    "range": [
      2,
      4,
      8,
      16,
      32,
      64,
      128,
      256,
      512,
      1024,
      2048,
      4096,
      8192,
      16384,
      32768,
      65536,
      131072,
      262144,
      524288,
      1048576,
      2097152
    ],
    "results": [
      83.63955133463297,
      196.66391090904014,
      508.8149283826045,
      16809.386010557824,
      20031.39182947707,
      25898.77669724677,
      36944.29358496961,
      74206.08789688894,
      119837.35420262735,
      192023.01350537525,
      314978.71435108955,
      553235.399836967,
      1056515.3541643862,
      2126797.823977273,
      4397289.8927003015,
      9108275.18400433,
      18942867.615960322,
      41128050.522857144,
      89011270.30720237,
      205278579.60000002,
      473023582.45
    ],
    "stddev": [
      0.0286055642089841,
      0.0789129112566082,
      0.15251182767694635,
      386.5812957758802,
      258.61491854457535,
      201.80325097968995,
      360.5860490912805,
      2087.7155541078323,
      803.1926355803131,
      1128.6410677492722,
      1946.6395813685958,
      8712.816910567162,
      1797.3888097116585,
      21986.004244537573,
      91597.31337392409,
      69034.79923159376,
      107669.39069180079,
      454200.78166885173,
      2377439.6042145626,
      2943033.5718139885,
      5095640.240102001
    ]
  }
}