{
  "add_ff": {
    "range": [
      1
    ],
    "results": [
      3.1472518524431625
    ],
    "stddev": [
      0.015721252105192405
    ]
  },
  "mul_ff": {
    "range": [
      1
    ],
    "results": [
      18.011327863798634
    ],
    "stddev": [
      0.09390708570148587
    ]
  },
  "invert": {
    "range": [
      1
    ],
    "results": [
      8232.039720521281
    ],
    "stddev": [
      33.51864950526201
    ]
  },
  "add_G1": {
    "range": [
      1
    ],
    "results": [
      368.11776748099845
    ],
    "stddev": [
      1.6274179225207823
    ]
  },
  "mul_G1": {
    "range": [
      1
    ],
    "results": [
      140327.12210024853
    ],
    "stddev": [
      808.1212842966062
    ]
  },
  "msm_G1": {
    "range": [
      2,
      4,
      8,
      16,
      32,
      64,
      128,
      256,
      512,
      1024,
      2048,
      4096,
      8192,
      16384,
      32768,
      65536,
      131072,
      262144,
      524288,
      1048576,
      2097152
    ],
    "results": [
      142668.90666105217,
      302619.30046748836,
      411198.4653250073,
      595435.9179257988,
      955125.847534771,
      702828.2211642648,
      1121786.8666400241,
      1333730.2573248455,
      1731769.883743956,
      2490969.920476191,
      3819407.246428571,
      5580310.780999998,
      8979938.281666664,
      15044084.74,
      25275523.71,
      43424205.005,
      77711093.08,
      139705125.17,
      253241294.41,
      456973683.09,
      847451243.4
    ],
    "stddev": [
      3124.560883676968,
      4725.112093846753,
      3819.136215497689,
      5214.8131154476905,
      4114.142446142786,
      113328.85570662553,
      95010.58658991258,
      79329.43736890682,
      123433.78752042362,
      76601.21459221836,
      102069.75022472224,
      96357.52984761562,
      174331.21941665735,
      326745.23419508344,
      453957.19107897265,
      802872.6872596972,
      1489084.019044625,
      2308156.792133208,
      5166707.483015089,
      5980740.265672615,
      9413120.132010281
    ]
  },
  "fft": {
    "range": [
      2,
      4,
      8,
      16,
      32,
      64,
      128,
      256,
      512,
      1024,
      2048,
      4096,
      8192,
      16384,
      32768,
      65536,
      131072,
      262144,
      524288,
      1048576,
      2097152
    ],
    "results": [
      40.31194616655483,
      109.46144517705788,
      302.6695744763506,
      799.0819456582337,
      1997.5152765118983,
      29792.40879937717,
      32653.371549739597,
      47270.86389546052,
      89186.23006963897,
      207994.7802779672,
      310899.5848962355,
      469768.1183790015,
      855052.4537312819,
      1557045.4868188915,
      2762581.497281145,
      5179742.876973104,
      10009994.954947092,
      19631252.671769843,
      39044119.83170636,
      83759837.20563492,
      213864081.5
    ],
    "stddev": [
      0.0529759528641863,
      0.08158575187235369,
      0.2328753275641466,
      0.7755499484578658,
      2.649001375881433,
      779.5981430332027,
      261.14292266051996,
      756.2503246925365,
      3009.717955159481,
      21904.20069552414,
      20810.639388257256,
      51902.43632601653,
      61322.11248127231,
      48770.60971612908,
      84253.06210516054,
      84742.4461002771,
      122170.71553653086,
      172914.70206205684,
      370422.50327491853,
      2912550.5227863616,
      2701606.2372451974
    ]
  }
}