{
  "add_ff": {
    "range": [
      1
    ],
    "results": [
      11.427468908096158
    ],
    "stddev": [
      0.055733579633481675
    ]
  },
  "mul_ff": {
    "range": [
      1
    ],
    "results": [
      81.84863347637798
    ],
    "stddev": [
      0.07161498137392311
    ]
  },
  "invert": {
    "range": [
      1
    ],
    "results": [
      24872.424557628437
    ],
    "stddev": [
      6.397553555351176
    ]
  },
  "add_G1": {
    "range": [
      1
    ],
    "results": [
      1348.5257560485502
    ],
    "stddev": [
      0.7631494396254538
    ]
  },
  "mul_G1": {
    "range": [
      1
    ],
    "results": [
      492050.3962984015
    ],
    "stddev": [
      1859.7100501186778
    ]
  },
  "msm_G1": {
    "range": [
      2,
      4,
      8,
      16,
      32,
      64,
      128,
      256,
      512,
      1024,
      2048,
      4096,
      8192,
      16384,
      32768,
      65536,
      131072,
      262144,
      524288,
      1048576,
      2097152
    ],
    "results": [
      470712.3442349772,
      1039279.8419408876,
      1403951.407344044,
      2021532.9591999992,
      3261631.404375,
      689841.1118582538,
      1316826.9867666734,
      1652411.2567926806,
      2266748.3236363623,
      3514772.0780000007,
      5637886.688888885,
      8789546.153333332,
      14735692.19,
      25326561.255,
      44117216.835,
      76579139.59,
      137994427.3,
      248833524.95,
      461043428.97,
      839626535.32,
      1559109856.7
    ],
    "stddev": [
      11362.029672441344,
      17281.710074166873,
      13413.508753542093,
      12082.88038901319,
      11102.361895291466,
      41997.964469765604,
      182572.6977755959,
      72138.149434004,
      95474.61771585257,
      63227.03983091482,
      126375.8002607508,
      171459.93862403423,
      18578.96454673672,
      72797.25939125371,
      1322071.5792273146,
      66012.0135672432,
      1307856.577382348,
      1147080.7501558848,
      561142.585491343,
      4367719.394465057,
      2260844.294239347
    ]
  },
  "fft": {
    "range": [
      2,
      4,
      8,
      16,
      32,
      64,
      128,
      256,
      512,
      1024,
      2048,
      4096,
      8192,
      16384,
      32768,
      65536,
      131072,
      262144,
      524288,
      1048576,
      2097152
    ],
    "results": [
      146.51687522051537,
      372.6303067556729,
      1026.4409272559635,
      2813.1451106126533,
      7044.857147860125,
      39795.24334750308,
      43769.688879796995,
      72924.34617814887,
      209741.74101830515,
      313749.55765900377,
      500100.6631711146,
      878233.7165552502,
      1641473.5775729874,
      3188686.278249863,
      6396582.053976191,
      13214631.951808393,
      26854193.54048611,
      55313263.83007936,
      115283700.93714285,
      253123217.15,
      550776840.5
    ],
    "stddev": [
      0.10585970186593585,
      0.15769885021979851,
      0.20359351740534315,
      0.21504227042744123,
      1.774863354165085,
      5180.349631940712,
      71.91428484908515,
      321.04632561951405,
      518.3467920113586,
      765.2935948032034,
      362.0349940013385,
      2592.0812527655403,
      6100.983472308193,
      15273.540909626485,
      18479.45900115592,
      78081.29306955078,
      361561.9916673504,
      606160.5542104021,
      2280565.564760731,
      6093505.06908926,
      16244877.372921707
    ]
  }
}