{
  "add_ff": {
    "range": [
      1
    ],
    "results": [
      4.5099348081390875
    ]
  },
  "mul_ff": {
    "range": [
      1
    ],
    "results": [
      23.46641886446423
    ]
  },
  "invert": {
    "range": [
      1
    ],
    "results": [
      9667.755915015212
    ]
  },
  "add_G1": {
    "range": [
      1
    ],
    "results": [
      487.08025292035023
    ]
  },
  "mul_G1": {
    "range": [
      1
    ],
    "results": [
      188832.0354569798
    ]
  },
  "msm_G1": {
    "range": [
      2,
      4,
      8,
      16,
      32,
      64,
      128,
      256,
      512,
      1024,
      2048,
      4096,
      8192,
      16384,
      32768,
      65536,
      131072,
      262144,
      524288,
      1048576,
      2097152
    ],
    "results": [
      189228.4331160318,
      395693.53626833344,
      535548.033680872,
      773617.4190812291,
      1241030.889445013,
      664640.645542663,
      1027484.3431152074,
      1257088.354474402,
      1652853.3609421044,
      2505570.1214999994,
      3936128.171538461,
      6021647.494444443,
      10090049.634,
      17305195.52333333,
      30196406.77,
      52689433.78,
      94814705.62,
      171105436.84,
      317990976.45,
      577834254.61,
      1072958012.7
    ]
  },
  "fft": {
    "range": [
      2,
      4,
      8,
      16,
      32,
      64,
      128,
      256,
      512,
      1024,
      2048,
      4096,
      8192,
      16384,
      32768,
      65536,
      131072,
      262144,
      524288,
      1048576,
      2097152
    ],
    "results": [
      65.02017731641192,
      159.47638013833048,
      414.65747088384916,
      1114.3425730787221,
      2691.482333529427,
      95231.54678027428,
      45741.18079423024,
      52221.49322408724,
      142082.06879750814,
      247525.40156972478,
      320289.8893805891,
      473399.3063403191,
      789587.401833949,
      1418965.7868501986,
      2739097.620778478,
      5357988.552577031,
      10656679.134805996,
      21416744.68843651,
      44806158.78187831,
      99975210.15718254,
      243051748.0666667
    ]
  }
}