{
  "add_ff": {
    "range": [
      1
    ],
    "results": [
      5.657930127793929
    ],
    "stddev": [
      0.006733269263429443
    ]
  },
  "mul_ff": {
    "range": [
      1
    ],
    "results": [
      33.74694605580039
    ],
    "stddev": [
      0.030787402070469736
    ]
  },
  "invert": {
    "range": [
      1
    ],
    "results": [
      11652.005764379119
    ],
    "stddev": [
      7.812172126131464
    ]
  },
  "add_G1": {
    "range": [
      1
    ],
    "results": [
      562.3749348443118
    ],
    "stddev": [
      0.7021091182503681
    ]
  },
  "mul_G1": {
    "range": [
      1
    ],
    "results": [
      211735.98259591032
    ],
    "stddev": [
      926.1960368344978
    ]
  },
  "msm_G1": {
    "range": [
      2,
      4,
      8,
      16,
      32,
      64,
      128,
      256,
      512,
      1024,
      2048,
      4096,
      8192,
      16384,
      32768,
      65536,
      131072,
      262144,
      524288,
      1048576,
      2097152
    ],
    "results": [
      218425.33712518786,
      454208.19094364124,
      615724.0819970254,
      558935.2829220281,
      1014623.2061740799,
      1294312.7196782776,
      1769266.429406675,
      2754238.0878947373,
      4431406.205833332,
      6923276.795,
      11674479.051999994,
      20161550.393333334,
      35183964.73,
      61172506.65,
      110721297.86,
      199246916.02,
      369065137.3,
      672966253.28,
      1267307537.37,
      2443337588.03,
      4541269170.1
    ],
    "stddev": [
      4979.2855387716745,
      7205.8124373781175,
      5514.236220245805,
      14490.154202537437,
      13961.870547438062,
      22969.200632878998,
      34116.085923757426,
      27770.455913850372,
      31281.45885263048,
      67479.64271671246,
      57557.97716648915,
      95370.10501609428,
      126026.17665825262,
      137290.06869102913,
      1777976.043016671,
      995371.2915517001,
      847578.0592644372,
      1804142.1293414945,
      2499293.4057621225,
      3180964.8610555767,
      5978678.277784855
    ]
  },
  "fft": {
    "range": [
      2,
      4,
      8,
      16,
      32,
      64,
      128,
      256,
      512,
      1024,
      2048,
      4096,
      8192,
      16384,
      32768,
      65536,
      131072,
      262144,
      524288,
      1048576,
      2097152
    ],
    "results": [
      84.53553009984518,
      197.63778479468687,
      514.7657438812178,
      19156.308770530028,
      20647.38925480596,
      26866.92832453851,
      38457.73656129514,
      83322.26964143339,
      130666.61336568199,
      193916.24030443025,
      327820.1418743577,
      593799.388606934,
      1111513.2635572213,
      2190855.472044596,
      4545006.91158135,
      9455422.43523016,
      19963741.715499997,
      42106823.59240741,
      92736631.87579365,
      208123571.03333336,
      479628160.95
    ],
    "stddev": [
      0.05880496726661753,
      0.04565254047864041,
      0.07768836984006892,
      844.9888077690059,
      222.12125856289134,
      140.75583789218894,
      250.87679215954006,
      421.597528885211,
      2104.2129923018597,
      612.0025648419166,
      2824.8029720171053,
      11971.368059894865,
      7565.609804636777,
      36522.56221600195,
      46931.509490902856,
      102265.11740551853,
      187311.60147365226,
      333760.4469643461,
      1183828.9971448753,
      4764363.096513259,
      6321503.946225061
    ]
  }
}