{
  "add_ff": {
    "range": [
      1
    ],
    "results": [
      6.024703343675917
    ]
  },
  "mul_ff": {
    "range": [
      1
    ],
    "results": [
      30.97518335450694
    ]
  },
  "invert": {
    "range": [
      1
    ],
    "results": [
      10986.709876820281
    ]
  },
  "add_G1": {
    "range": [
      1
    ],
    "results": [
      596.0304640980694
    ]
  },
  "mul_G1": {
    "range": [
      1
    ],
    "results": [
      226791.87230160623
    ]
  },
  "msm_G1": {
    "range": [
      2,
      4,
      8,
      16,
      32,
      64,
      128,
      256,
      512,
      1024,
      2048,
      4096,
      8192,
      16384,
      32768,
      65536,
      131072,
      262144,
      524288,
      1048576,
      2097152
    ],
    "results": [
      230495.66421751457,
      415564.0049228707,
      839826.3565793905,
      1128575.8106822143,
      1622229.229770904,
      2626873.2719999994,
      4239398.537500001,
      6792274.51625,
      11512657.818,
      20170107.23333333,
      35195023.93,
      61396081.21,
      110239591.38,
      199107096.03,
      371472360.79,
      678244098.31,
      1277563239.74,
      2441922346.14,
      4600306462.07,
      8988729392.17,
      17733368250.3
    ]
  },
  "fft": {
    "range": [
      2,
      4,
      8,
      16,
      32,
      64,
      128,
      256,
      512,
      1024,
      2048,
      4096,
      8192,
      16384,
      32768,
      65536,
      131072,
      262144,
      524288,
      1048576,
      2097152
    ],
    "results": [
      83.8205341670626,
      4579.273671014827,
      6867.0039527997815,
      8608.254185689068,
      14604.93167312987,
      21042.1612468715,
      33522.50291247877,
      62847.02246827013,
      125805.49426985232,
      258082.4102796128,
      492843.7082801373,
      1003866.1394819465,
      2126078.7074695453,
      4483590.230736962,
      9562498.050099205,
      21128969.47180159,
      47345252.168789685,
      106361606.76936509,
      238449487.3666667,
      508943330.4,
      1196874740.3
    ]
  }
}