{
  "add_ff": {
    "range": [
      1
    ],
    "results": [
      6.024703343675917
    ],
    "stddev": [
      0.34249591483609226
    ]
  },
  "mul_ff": {
    "range": [
      1
    ],
    "results": [
      30.97518335450694
    ],
    "stddev": [
      0.535633307191019
    ]
  },
  "invert": {
    "range": [
      1
    ],
    "results": [
      10986.709876820281
    ],
    "stddev": [
      296.85143474580667
    ]
  },
  "add_G1": {
    "range": [
      1
    ],
    "results": [
      596.0304640980694
    ],
    "stddev": [
      21.7505645835268
    ]
  },
  "mul_G1": {
    "range": [
      1
    ],
    "results": [
      226791.87230160623
    ],
    "stddev": [
      7881.757721503416
    ]
  },
  "msm_G1": {
    "range": [
      2,
      4,
      8,
      16,
      32,
      64,
      128,
      256,
      512,
      1024,
      2048,
      4096,
      8192,
      16384,
      32768,
      65536,
      131072,
      262144,
      524288,
      1048576,
      2097152
    ],
    "results": [
      230495.66421751457,
      415564.0049228707,
      839826.3565793905,
      1128575.8106822143,
      1622229.229770904,
      2626873.2719999994,
      4239398.537500001,
      6792274.51625,
      11512657.818,
      20170107.23333333,
      35195023.93,
      61396081.21,
      110239591.38,
      199107096.03,
      371472360.79,
      678244098.31,
      1277563239.74,
      2441922346.14,
      4600306462.07,
      8988729392.17,
      17733368250.3
    ],
    "stddev": [
      5453.0675378336,
      9012.000323066488,
      20582.612032393998,
      14417.741720432781,
      17956.04064911769,
      226745.81866996174,
      17760.81173965818,
      40972.87503247825,
      65767.53229526612,
      329039.4584392933,
      481337.220652995,
      1518984.6842899923,
      485662.8326874887,
      2146502.321911251,
      322054.2293802488,
      837485.869784472,
      8506361.341307422,
      37457558.48590646,
      74598426.28391331,
      101139323.05266011,
      148622684.74887258
    ]
  },
  "fft": {
    "range": [
      2,
      4,
      8,
      16,
      32,
      64,
      128,
      256,
      512,
      1024,
      2048,
      4096,
      8192,
      16384,
      32768,
      65536,
      131072,
      262144,
      524288,
      1048576,
      2097152
    ],
    "results": [
      83.8205341670626,
      4579.273671014827,
      6867.0039527997815,
      8608.254185689068,
      14604.93167312987,
      21042.1612468715,
      33522.50291247877,
      62847.02246827013,
      125805.49426985232,
      258082.4102796128,
      492843.7082801373,
      1003866.1394819465,
      2126078.7074695453,
      4483590.230736962,
      9562498.050099205,
      21128969.47180159,
      47345252.168789685,
      106361606.76936509,
      238449487.3666667,
      508943330.4,
      1196874740.3
    ],
    "stddev": [
      0.13068253846830283,
      221.81223564539744,
      156.40376639655867,
      159.6321207954532,
      73.7214689530703,
      121.06188178951953,
      76.71086646086654,
      1657.5594774794597,
      1197.9635399511708,
      941.2630158019023,
      1891.3107388938245,
      4659.76812536827,
      11439.11413471108,
      12491.703388553206,
      19718.464188899616,
      336123.2126732842,
      450530.847165796,
      2649749.7507562833,
      1290653.4651389113,
      2678179.681727169,
      8630594.095339162
    ]
  }
}