{
  "mul_ff": {
    "range": [
      1
    ],
    "results": [
      15.911901745990724
    ],
    "stddev": [
      0.030199345512535586
    ]
  },
  "mul_G1": {
    "range": [
      1
    ],
    "results": [
      77377.53824937806
    ],
    "stddev": [
      198.9016165060964
    ]
  },
  "mul_G2": {
    "range": [
      1
    ],
    "results": [
      148406.87062853394
    ],
    "stddev": [
      540.6339750136752
    ]
  },
  "mul_Gt": {
    "range": [
      1
    ],
    "results": [
      507315.1902602997
    ],
    "stddev": [
      15314.021293121297
    ]
  },
  "add_ff": {
    "range": [
      1
    ],
    "results": [
      8.260518403147172
    ],
    "stddev": [
      0.03931276437642134
    ]
  },
  "add_G1": {
    "range": [
      1
    ],
    "results": [
      641.6251057017809
    ],
    "stddev": [
      2.368558194294135
    ]
  },
  "add_G2": {
    "range": [
      1
    ],
    "results": [
      1611.0871586804299
    ],
    "stddev": [
      6.910150937987914
    ]
  },
  "add_Gt": {
    "range": [
      1
    ],
    "results": [
      1642.4825082005298
    ],
    "stddev": [
      4.539801411317329
    ]
  },
  "invert": {
    "range": [
      1
    ],
    "results": [
      1494.1630933786064
    ],
    "stddev": [
      5.694251380680692
    ]
  },
  "pairing": {
    "range": [
      1
    ],
    "results": [
      510187.3354163247
    ],
    "stddev": [
      1917.430905760849
    ]
  },
  "msm_Gt": {
    "range": [
      2,
      4,
      8,
      16,
      32,
      64,
      128,
      256,
      512,
      1024
    ],
    "results": [
      598083.23901302,
      907623.8948774467,
      1525371.1762571987,
      2761078.5894736834,
      5233165.485999999,
      10175872.729999997,
      20065990.526666667,
      39843033.535,
      79384060.94,
      158492337.29
    ],
    "stddev": [
      1309.9396131442145,
      1174.8342845434613,
      2732.776920746932,
      3389.106623946264,
      6199.268599230418,
      13337.972741173939,
      23297.05517147223,
      39844.59006636001,
      81769.5610693637,
      168085.46053988696
    ]
  }
}