{
  "msm_Gt": {
    "range": [
      18,
      42,
      92,
      152,
      496,
      772,
      1094,
      3097,
      5406
    ],
    "results": [
      4066642.2984615397,
      8976715.936666664,
      19210042.443333335,
      31490753.24,
      101891304.89,
      158400789.13,
      224349481.96,
      634594896.96,
      1107362138.1
    ],
    "stddev": [
      1485.650157528932,
      2393.2103975831433,
      5099.958372173119,
      8873.738098310088,
      20772.763784771152,
      35726.36006610665,
      54198.44103789702,
      95100.2464099773,
      130654.8498295796
    ]
  }
}