{
  "mul_ff": {
    "range": [
      1
    ],
    "results": [
      21.550948827632478
    ],
    "stddev": [
      0.03147598049464315
    ]
  },
  "mul_G1": {
    "range": [
      1
    ],
    "results": [
      90626.70284974715
    ],
    "stddev": [
      118.41003113122919
    ]
  },
  "mul_G2": {
    "range": [
      1
    ],
    "results": [
      187439.07065727166
    ],
    "stddev": [
      81.12073746482844
    ]
  },
  "mul_Gt": {
    "range": [
      1
    ],
    "results": [
      674825.0999988498
    ],
    "stddev": [
      16497.43663793831
    ]
  },
  "add_ff": {
    "range": [
      1
    ],
    "results": [
      9.752541528358528
    ],
    "stddev": [
      0.005961117136340972
    ]
  },
  "add_G1": {
    "range": [
      1
    ],
    "results": [
      742.5038951026334
    ],
    "stddev": [
      1.0563718081384852
    ]
  },
  "add_G2": {
    "range": [
      1
    ],
    "results": [
      2023.6878736376116
    ],
    "stddev": [
      1.4513966579581299
    ]
  },
  "add_Gt": {
    "range": [
      1
    ],
    "results": [
      2197.476489400002
    ],
    "stddev": [
      2.9058808786659487
    ]
  },
  "msm_G1": {
    "range": [
      2,
      4,
      8,
      16,
      32,
      64,
      128,
      256,
      512,
      1024,
      2048,
      4096,
      8192,
      16384,
      32768,
      65536,
      131072,
      262144,
      524288,
      1048576,
      2097152
    ],
    "results": [
      267505.61374546576,
      376012.4856345778,
      574245.3930111846,
      902237.8458840478,
      235235.40106402562,
      299445.5876192929,
      400174.40683145844,
      628911.8816822185,
      966857.7760642252,
      1663820.2375810798,
      2207533.995652174,
      4060679.2269230755,
      7327238.974285713,
      14151449.935,
      27935464.78,
      55424717.91,
      110493514.26,
      220403712.46,
      416566686.59,
      636612134.42,
      1131162428.4
    ],
    "stddev": [
      119.0084636004195,
      1469.3841538975191,
      325.43664123490163,
      395.38782100755407,
      846.574721615109,
      908.6907733064335,
      1892.687376130038,
      5802.722673086531,
      5890.458313700099,
      33759.05957683978,
      16376.728012837186,
      14875.387224298576,
      21216.613737375083,
      97254.2374585011,
      22725.43590399533,
      72286.55485871421,
      152716.6212805679,
      1176566.5031064537,
      14510966.08639435,
      26491281.60054929,
      29621421.312033333
    ]
  },
  "msm_G2": {
    "range": [
      2,
      4,
      8,
      16,
      32,
      64,
      128,
      256,
      512,
      1024,
      2048,
      4096,
      8192,
      16384,
      32768,
      65536,
      131072,
      262144,
      524288,
      1048576,
      2097152
    ],
    "results": [
      689126.2899893041,
      988027.2360211132,
      1535861.205523098,
      2431346.98047619,
      515599.843893384,
      643676.7763482393,
      961952.3464702431,
      1434194.0510518395,
      2209049.869999999,
      4372102.185000001,
      5515917.995000001,
      10278826.762,
      19022947.386666678,
      36647767.295,
      72691946.54,
      145145939.91,
      289193378.97,
      550285814.57,
      1026283194.26,
      1509940512.79,
      2815097356.7
    ],
    "stddev": [
      265.5881859428493,
      543.2703292880306,
      935.184982137853,
      437.939067925191,
      2859.9403523818955,
      2615.2865061213342,
      9319.829405684033,
      23820.550342400325,
      13528.151379677638,
      121809.52384636886,
      162149.34018817614,
      34922.634748205346,
      752740.5068655063,
      628283.1274280694,
      765669.5307662102,
      1385748.7553871598,
      480848.6089219445,
      8540228.6160931,
      8861486.587353718,
      33043301.861820392,
      26355605.362017684
    ]
  },
  "invert": {
    "range": [
      1
    ],
    "results": [
      1713.757861336771
    ],
    "stddev": [
      1.0853231597466797
    ]
  },
  "pairing": {
    "range": [
      1
    ],
    "results": [
      669290.3619813173
    ],
    "stddev": [
      334.64621335023213
    ]
  },
  "msm_Gt": {
    "range": [
      2,
      4,
      8,
      16,
      32,
      64,
      128,
      256,
      512,
      1024
    ],
    "results": [
      792941.2403853749,
      1205318.6591094162,
      2029154.0547999998,
      3677370.2978571425,
      6972977.34375,
      13564695.0625,
      26756011.26,
      53139079.46,
      105932680.63,
      211531125.46
    ],
    "stddev": [
      266.3437889302803,
      3667.2891641297883,
      423.8196244877628,
      988.3005774733642,
      1969.9704170823702,
      3920.8777464961527,
      23425.24368715084,
      25185.39732242476,
      26443.36947049487,
      39949.15494786342
    ]
  }
}