{
  "mul_ff": {
    "range": [
      1
    ],
    "results": [
      26.925841829672763
    ],
    "stddev": [
      0.04919663300972969
    ]
  },
  "mul_G1": {
    "range": [
      1
    ],
    "results": [
      109955.61361430022
    ],
    "stddev": [
      33.910866538292524
    ]
  },
  "mul_G2": {
    "range": [
      1
    ],
    "results": [
      223809.22433639521
    ],
    "stddev": [
      200.49780351226394
    ]
  },
  "mul_Gt": {
    "range": [
      1
    ],
    "results": [
      829823.5493166959
    ],
    "stddev": [
      20450.798881618164
    ]
  },
  "add_ff": {
    "range": [
      1
    ],
    "results": [
      9.471046793522076
    ],
    "stddev": [
      0.004075225751759332
    ]
  },
  "add_G1": {
    "range": [
      1
    ],
    "results": [
      932.8423096469783
    ],
    "stddev": [
      0.3786983284604229
    ]
  },
  "add_G2": {
    "range": [
      1
    ],
    "results": [
      2469.961090683357
    ],
    "stddev": [
      1.1002886148538902
    ]
  },
  "add_Gt": {
    "range": [
      1
    ],
    "results": [
      2703.732180761724
    ],
    "stddev": [
      0.712835304427943
    ]
  },
  "invert": {
    "range": [
      1
    ],
    "results": [
      1885.0963247165857
    ],
    "stddev": [
      0.6531640087463664
    ]
  },
  "pairing": {
    "range": [
      1
    ],
    "results": [
      811593.3332319121
    ],
    "stddev": [
      224.4747684652932
    ]
  },
  "msm_Gt": {
    "range": [
      2,
      4,
      8,
      16,
      32,
      64,
      128,
      256,
      512,
      1024
    ],
    "results": [
      966334.8116095007,
      1472136.6384639486,
      2483508.8947619055,
      4506587.519166665,
      8553026.6,
      16645189.915,
      32828374.605,
      65281450.27,
      129939011.18,
      259390527.42
    ],
    "stddev": [
      110.40926768616734,
      285.5539863891479,
      306.85111373394875,
      469.5031608364303,
      1015.4775288831506,
      2106.4876074344706,
      3859.582300777508,
      574225.035464074,
      12559.693364393894,
      28948.899055466685
    ]
  }
}