{"mul_ff": {"range": [1], "results": [23.881297869344362]}, "mul_G1": {"range": [1], "results": [99609.74091235298]}, "mul_G2": {"range": [1], "results": [212558.18028469637]}, "mul_Gt": {"range": [1], "results": [818100.9270194867]}, "add_ff": {"range": [1], "results": [9.131725880691002]}, "add_G1": {"range": [1], "results": [797.1920200300185]}, "add_G2": {"range": [1], "results": [2268.228793519709]}, "add_Gt": {"range": [1], "results": [2681.176327901807]}, "msm_G1": {"range": [2, 4, 8, 16, 32, 64, 128, 256, 512, 1024, 2048, 4096, 8192, 16384, 32768, 65536, 131072, 262144, 524288, 1048576, 2097152], "results": [287367.10758737085, 407872.3451628659, 611849.0532534759, 994521.784312229, 482919.8894583907, 704930.4774403339, 1066704.2705264378, 1822590.1045187667, 3020973.842352941, 5033328.934999999, 9503091.71, 16900288.243333336, 28867391.465, 52386870.17, 103217950.36, 194397099.73, 361593547.61, 612987922.51, 1129580795.42, 2623496509.85, 4256603176.0]}, "msm_G2": {"range": [2, 4, 8, 16, 32, 64, 128, 256, 512, 1024, 2048, 4096, 8192, 16384, 32768, 65536, 131072, 262144, 524288, 1048576, 2097152], "results": [755100.7800018177, 1090965.9990557588, 1658665.353761349, 2717076.0384210534, 1243669.5152214093, 1788732.8393703713, 2815623.40611111, 4800091.784545454, 8086078.78142857, 13276126.065, 25482930.875, 45855018.02, 77639347.75, 140097588.7, 276009689.92, 488600024.38, 951988655.26, 1657292326.15, 3028428439.4, 7079455459.12, 11294071522.6]}, "invert": {"range": [1], "results": [1790.301297294726]}, "pairing": {"range": [1], "results": [785021.4501735803]}, "msm_Gt": {"range": [2, 4, 8, 16, 32, 64, 128, 256, 512, 1024], "results": [934771.6889493361, 1421873.6614261633, 2395203.965714286, 4345047.504166666, 8247063.309999998, 16034380.23, 31646481.54, 62879980.81, 125297551.87, 250352987.41]}}