{
  "mul_ff": {
    "range": [
      1
    ],
    "results": [
      94.02427637592442
    ],
    "stddev": [
      1.3330921259599229
    ]
  },
  "mul_G1": {
    "range": [
      1
    ],
    "results": [
      392921.22903364105
    ],
    "stddev": [
      116.2935759767434
    ]
  },
  "mul_G2": {
    "range": [
      1
    ],
    "results": [
      817475.9321492873
    ],
    "stddev": [
      513.8932478218826
    ]
  },
  "mul_Gt": {
    "range": [
      1
    ],
    "results": [
      2592366.445499999
    ],
    "stddev": [
      63566.241900952875
    ]
  },
  "add_ff": {
    "range": [
      1
    ],
    "results": [
      16.360705224667083
    ],
    "stddev": [
      0.010934989031112402
    ]
  },
  "add_G1": {
    "range": [
      1
    ],
    "results": [
      3596.0185074002943
    ],
    "stddev": [
      2.493550041541435
    ]
  },
  "add_G2": {
    "range": [
      1
    ],
    "results": [
      9250.263715937916
    ],
    "stddev": [
      2.5444205877625636
    ]
  },
  "add_Gt": {
    "range": [
      1
    ],
    "results": [
      8364.954347921894
    ],
    "stddev": [
      1.6761922036992978
    ]
  },
  "msm_G1": {
    "range": [
      2,
      4,
      8,
      16,
      32,
      64,
      128,
      256,
      512,
      1024,
      2048,
      4096,
      8192,
      16384,
      32768,
      65536,
      131072,
      262144,
      524288,
      1048576,
      2097152
    ],
    "results": [
      1201110.9274551847,
      1786233.6178938448,
      2629626.0275,
      4191912.987500001,
      729579.9941846457,
      830487.0666915933,
      1199516.2937035689,
      1790787.9125338558,
      2730986.905263158,
      5826719.124444443,
      6276166.3175,
      11091025.019999998,
      19534277.406666663,
      38058792.84,
      75245033.27,
      149096329.54,
      297291031.17,
      594055708.5,
      1194225600.3,
      2411130550.52,
      4696742430.8
    ],
    "stddev": [
      329.3748036178424,
      378.6526335396934,
      273.1393608009524,
      580.5246576224288,
      1453.1040108327177,
      1802.7396540056866,
      16680.401441958376,
      13777.663778107431,
      11388.078487195546,
      54890.75152828183,
      360761.86883499345,
      662962.5058901829,
      644679.0372093811,
      1126654.8507937533,
      2769350.2242639833,
      748825.8719817902,
      825994.4772225062,
      115779.418694559,
      240554.00419109632,
      572325.7631755098,
      427816.1849656462
    ]
  },
  "msm_G2": {
    "range": [
      2,
      4,
      8,
      16,
      32,
      64,
      128,
      256,
      512,
      1024,
      2048,
      4096,
      8192,
      16384,
      32768,
      65536,
      131072,
      262144,
      524288,
      1048576,
      2097152
    ],
    "results": [
      3041560.74470588,
      4546885.955454546,
      6704088.17625,
      10698455.514,
      2064849.3068000001,
      2421835.518095238,
      2738124.6836842103,
      4523087.953333332,
      7005263.85375,
      14612858.0225,
      15672006.9175,
      27158901.57,
      48935102.01,
      95432334.1,
      189437518.75,
      376838474.29,
      753581961.46,
      1508089741.33,
      3022128648.94,
      6076272469.0,
      11834515737.3
    ],
    "stddev": [
      589.094062563983,
      519.2536216078829,
      970.922961364437,
      1858.608087630017,
      2338.650972505681,
      2000.9013759424597,
      2298.5767656327635,
      40553.26101838055,
      155977.49218307916,
      199928.7394819405,
      1083311.0627787667,
      31194.89779964185,
      65551.51785023672,
      1504801.4280187371,
      1315067.078907676,
      1412261.2014536709,
      4359171.2626322545,
      2613627.676841701,
      339977.3355271442,
      1553204.463258421,
      2265234.335068849
    ]
  },
  "invert": {
    "range": [
      1
    ],
    "results": [
      2924.4140367513146
    ],
    "stddev": [
      2.3755930157323695
    ]
  },
  "pairing": {
    "range": [
      1
    ],
    "results": [
      2658031.634210527
    ],
    "stddev": [
      508.6429770842417
    ]
  },
  "msm_Gt": {
    "range": [
      2,
      4,
      8,
      16,
      32,
      64,
      128,
      256,
      512,
      1024
    ],
    "results": [
      3138281.92,
      4816146.9436363615,
      8171977.927142858,
      14883787.7025,
      28307999.59,
      55158468.63,
      108897765.26,
      216392675.27,
      431369016.76,
      861290447.37
    ],
    "stddev": [
      405.213779234184,
      768.22128836521,
      851.233800228239,
      2192.895745838992,
      4628.679270256257,
      9838.149640714966,
      25971.564991975363,
      30141.66255728274,
      30912.584573962755,
      56666.59016080905
    ]
  }
}