{
  "mul_ff": {
    "range": [
      1
    ],
    "results": [
      23.881297869344362
    ],
    "stddev": [
      0.14683173705120117
    ]
  },
  "mul_G1": {
    "range": [
      1
    ],
    "results": [
      99609.74091235298
    ],
    "stddev": [
      82.22493965747105
    ]
  },
  "mul_G2": {
    "range": [
      1
    ],
    "results": [
      212558.18028469637
    ],
    "stddev": [
      195.1209802100373
    ]
  },
  "mul_Gt": {
    "range": [
      1
    ],
    "results": [
      818100.9270194867
    ],
    "stddev": [
      23457.497293259185
    ]
  },
  "add_ff": {
    "range": [
      1
    ],
    "results": [
      9.131725880691002
    ],
    "stddev": [
      0.05521343806924323
    ]
  },
  "add_G1": {
    "range": [
      1
    ],
    "results": [
      797.1920200300185
    ],
    "stddev": [
      0.6289760856654039
    ]
  },
  "add_G2": {
    "range": [
      1
    ],
    "results": [
      2268.228793519709
    ],
    "stddev": [
      0.8487131381893531
    ]
  },
  "add_Gt": {
    "range": [
      1
    ],
    "results": [
      2681.176327901807
    ],
    "stddev": [
      5.136972341914713
    ]
  },
  "msm_G1": {
    "range": [
      2,
      4,
      8,
      16,
      32,
      64,
      128,
      256,
      512,
      1024,
      2048,
      4096,
      8192,
      16384,
      32768,
      65536,
      131072,
      262144,
      524288,
      1048576,
      2097152
    ],
    "results": [
      287367.10758737085,
      407872.3451628659,
      611849.0532534759,
      994521.784312229,
      482919.8894583907,
      704930.4774403339,
      1066704.2705264378,
      1822590.1045187667,
      3020973.842352941,
      5033328.934999999,
      9503091.71,
      16900288.243333336,
      28867391.465,
      52386870.17,
      103217950.36,
      194397099.73,
      361593547.61,
      612987922.51,
      1129580795.42,
      2623496509.85,
      4256603176.0
    ],
    "stddev": [
      202.76261388466142,
      1063.6612806370051,
      1466.2695071033163,
      1436.636362392486,
      4250.177139623699,
      7412.617590254378,
      25477.29947985583,
      23212.43665616281,
      14092.06095665751,
      59596.592047645376,
      57679.10598332238,
      446473.1841186355,
      1008064.6348364977,
      1693642.835036732,
      527353.850143251,
      6727876.4933200395,
      7399479.376185453,
      3416500.2368701,
      3521453.452059274,
      4736436.901012745,
      10440286.281824958
    ]
  },
  "msm_G2": {
    "range": [
      2,
      4,
      8,
      16,
      32,
      64,
      128,
      256,
      512,
      1024,
      2048,
      4096,
      8192,
      16384,
      32768,
      65536,
      131072,
      262144,
      524288,
      1048576,
      2097152
    ],
    "results": [
      755100.7800018177,
      1090965.9990557588,
      1658665.353761349,
      2717076.0384210534,
      1243669.5152214093,
      1788732.8393703713,
      2815623.40611111,
      4800091.784545454,
      8086078.78142857,
      13276126.065,
      25482930.875,
      45855018.02,
      77639347.75,
      140097588.7,
      276009689.92,
      488600024.38,
      951988655.26,
      1657292326.15,
      3028428439.4,
      7079455459.12,
      11294071522.6
    ],
    "stddev": [
      411.5257860421811,
      1297.0573234650205,
      910.4725508298853,
      1301.5466333455481,
      6857.232581033865,
      10338.242299715785,
      27201.3922347528,
      43612.59498175867,
      83732.011306038,
      234339.47441807215,
      284292.197643748,
      1420101.6228142881,
      2322777.639462316,
      2034305.6845570158,
      2180327.964072446,
      9702878.078475475,
      9325775.763597786,
      5065654.705791876,
      5306619.842736362,
      5892017.947671319,
      9565898.641943078
    ]
  },
  "invert": {
    "range": [
      1
    ],
    "results": [
      1790.301297294726
    ],
    "stddev": [
      1.5589396805692124
    ]
  },
  "pairing": {
    "range": [
      1
    ],
    "results": [
      785021.4501735803
    ],
    "stddev": [
      626.2065243778806
    ]
  },
  "msm_Gt": {
    "range": [
      2,
      4,
      8,
      16,
      32,
      64,
      128,
      256,
      512,
      1024
    ],
    "results": [
      934771.6889493361,
      1421873.6614261633,
      2395203.965714286,
      4345047.504166666,
      8247063.309999998,
      16034380.23,
      31646481.54,
      62879980.81,
      125297551.87,
      250352987.41
    ],
    "stddev": [
      831.7399060062816,
      1768.7434967588617,
      1123.283749891384,
      958.7026863144165,
      33737.857386512806,
      7944.193316164959,
      21978.172894451443,
      26314.228046703174,
      55293.70895873329,
      253934.4367292508
    ]
  }
}