{"mul_ff": {"range": [1], "results": [21.550948827632478]}, "mul_G1": {"range": [1], "results": [90626.70284974715]}, "mul_G2": {"range": [1], "results": [187439.07065727166]}, "mul_Gt": {"range": [1], "results": [674825.0999988498]}, "add_ff": {"range": [1], "results": [9.752541528358528]}, "add_G1": {"range": [1], "results": [742.5038951026334]}, "add_G2": {"range": [1], "results": [2023.6878736376116]}, "add_Gt": {"range": [1], "results": [2197.476489400002]}, "msm_G1": {"range": [2, 4, 8, 16, 32, 64, 128, 256, 512, 1024, 2048, 4096, 8192, 16384, 32768, 65536, 131072, 262144, 524288, 1048576, 2097152], "results": [267505.61374546576, 376012.4856345778, 574245.3930111846, 902237.8458840478, 235235.40106402562, 299445.5876192929, 400174.40683145844, 628911.8816822185, 966857.7760642252, 1663820.2375810798, 2207533.995652174, 4060679.2269230755, 7327238.974285713, 14151449.935, 27935464.78, 55424717.91, 110493514.26, 220403712.46, 416566686.59, 636612134.42, 1131162428.4]}, "msm_G2": {"range": [2, 4, 8, 16, 32, 64, 128, 256, 512, 1024, 2048, 4096, 8192, 16384, 32768, 65536, 131072, 262144, 524288, 1048576, 2097152], "results": [689126.2899893041, 988027.2360211132, 1535861.205523098, 2431346.98047619, 515599.843893384, 643676.7763482393, 961952.3464702431, 1434194.0510518395, 2209049.869999999, 4372102.185000001, 5515917.995000001, 10278826.762, 19022947.386666678, 36647767.295, 72691946.54, 145145939.91, 289193378.97, 550285814.57, 1026283194.26, 1509940512.79, 2815097356.7]}, "invert": {"range": [1], "results": [1713.757861336771]}, "pairing": {"range": [1], "results": [669290.3619813173]}, "msm_Gt": {"range": [2, 4, 8, 16, 32, 64, 128, 256, 512, 1024], "results": [792941.2403853749, 1205318.6591094162, 2029154.0547999998, 3677370.2978571425, 6972977.34375, 13564695.0625, 26756011.26, 53139079.46, 105932680.63, 211531125.46]}}