{
  "mul_ff": {
    "range": [
      1
    ],
    "results": [
      21.82366303902242
    ],
    "stddev": [
      0.02666369322298972
    ]
  },
  "mul_G1": {
    "range": [
      1
    ],
    "results": [
      86382.9097719132
    ],
    "stddev": [
      68.7424551278214
    ]
  },
  "mul_G2": {
    "range": [
      1
    ],
    "results": [
      182829.36290110782
    ],
    "stddev": [
      122.31464093241178
    ]
  },
  "mul_Gt": {
    "range": [
      1
    ],
    "results": [
      706690.3483089418
    ],
    "stddev": [
      16396.49696878111
    ]
  },
  "add_ff": {
    "range": [
      1
    ],
    "results": [
      10.448575550742142
    ],
    "stddev": [
      0.006682130774112368
    ]
  },
  "add_G1": {
    "range": [
      1
    ],
    "results": [
      691.6136735691573
    ],
    "stddev": [
      0.3721756738358036
    ]
  },
  "add_G2": {
    "range": [
      1
    ],
    "results": [
      1973.9514166555705
    ],
    "stddev": [
      0.6081298830866961
    ]
  },
  "add_Gt": {
    "range": [
      1
    ],
    "results": [
      2286.0241580121933
    ],
    "stddev": [
      2.6469419603158726
    ]
  },
  "invert": {
    "range": [
      1
    ],
    "results": [
      1529.493201451058
    ],
    "stddev": [
      0.7271381670815561
    ]
  },
  "pairing": {
    "range": [
      1
    ],
    "results": [
      675169.8780082465
    ],
    "stddev": [
      359.59800000607316
    ]
  },
  "msm_Gt": {
    "range": [
      2,
      4,
      8,
      16,
      32,
      64,
      128,
      256,
      512,
      1024
    ],
    "results": [
      803864.357076151,
      1221710.715893022,
      2056818.3515999997,
      3729036.915,
      7072910.035,
      13762616.265,
      27126606.97,
      53855985.76,
      107372210.33,
      214432364.43
    ],
    "stddev": [
      324.07438404975557,
      680.5539575461446,
      2267.528605616572,
      571.570868059029,
      1167.1689178681463,
      1639.7102639719617,
      12142.037595646787,
      29889.547355595736,
      116758.9702637065,
      31391.725198929413
    ]
  }
}