{
  "mul_ff": {
    "range": [
      1
    ],
    "results": [
      21.62383821343259
    ],
    "stddev": [
      0.03177253548266
    ]
  },
  "mul_G1": {
    "range": [
      1
    ],
    "results": [
      86319.91326663455
    ],
    "stddev": [
      108.14746864327041
    ]
  },
  "mul_G2": {
    "range": [
      1
    ],
    "results": [
      165050.09352439272
    ],
    "stddev": [
      197.22957028017169
    ]
  },
  "mul_Gt": {
    "range": [
      1
    ],
    "results": [
      608856.3127303374
    ],
    "stddev": [
      15869.955060104588
    ]
  },
  "add_ff": {
    "range": [
      1
    ],
    "results": [
      10.314164778309113
    ],
    "stddev": [
      0.06905087463523456
    ]
  },
  "add_G1": {
    "range": [
      1
    ],
    "results": [
      719.4650772568024
    ],
    "stddev": [
      1.1724590077770922
    ]
  },
  "add_G2": {
    "range": [
      1
    ],
    "results": [
      1810.1276485165608
    ],
    "stddev": [
      2.352654542107632
    ]
  },
  "add_Gt": {
    "range": [
      1
    ],
    "results": [
      1994.3284638702492
    ],
    "stddev": [
      3.0559352925420566
    ]
  },
  "invert": {
    "range": [
      1
    ],
    "results": [
      1400.4727461953619
    ],
    "stddev": [
      0.7667624084723965
    ]
  },
  "pairing": {
    "range": [
      1
    ],
    "results": [
      599306.232451126
    ],
    "stddev": [
      805.0126282128444
    ]
  },
  "msm_Gt": {
    "range": [
      2,
      4,
      8,
      16,
      32,
      64,
      128,
      256,
      512,
      1024
    ],
    "results": [
      708339.9687512395,
      1077784.6324681034,
      1816851.4677014202,
      3293556.356875,
      6250991.75625,
      12162801.667999998,
      23981887.31333332,
      47627526.91,
      94911066.61,
      189432531.3
    ],
    "stddev": [
      754.0268175857815,
      1440.792099469618,
      2238.7130239024814,
      4416.328624736125,
      11041.237367837433,
      16373.988179505188,
      25711.984333459044,
      46879.069578671246,
      108498.50660141779,
      135887.99925758713
    ]
  }
}