{"mul_ff": {"range": [1], "results": [94.02427637592442]}, "mul_G1": {"range": [1], "results": [392921.22903364105]}, "mul_G2": {"range": [1], "results": [817475.9321492873]}, "mul_Gt": {"range": [1], "results": [2592366.445499999]}, "add_ff": {"range": [1], "results": [16.360705224667083]}, "add_G1": {"range": [1], "results": [3596.0185074002943]}, "add_G2": {"range": [1], "results": [9250.263715937916]}, "add_Gt": {"range": [1], "results": [8364.954347921894]}, "msm_G1": {"range": [2, 4, 8, 16, 32, 64, 128, 256, 512, 1024, 2048, 4096, 8192, 16384, 32768, 65536, 131072, 262144, 524288, 1048576, 2097152], "results": [1201110.9274551847, 1786233.6178938448, 2629626.0275, 4191912.987500001, 729579.9941846457, 830487.0666915933, 1199516.2937035689, 1790787.9125338558, 2730986.905263158, 5826719.124444443, 6276166.3175, 11091025.019999998, 19534277.406666663, 38058792.84, 75245033.27, 149096329.54, 297291031.17, 594055708.5, 1194225600.3, 2411130550.52, 4696742430.8]}, "msm_G2": {"range": [2, 4, 8, 16, 32, 64, 128, 256, 512, 1024, 2048, 4096, 8192, 16384, 32768, 65536, 131072, 262144, 524288, 1048576, 2097152], "results": [3041560.74470588, 4546885.955454546, 6704088.17625, 10698455.514, 2064849.3068000001, 2421835.518095238, 2738124.6836842103, 4523087.953333332, 7005263.85375, 14612858.0225, 15672006.9175, 27158901.57, 48935102.01, 95432334.1, 189437518.75, 376838474.29, 753581961.46, 1508089741.33, 3022128648.94, 6076272469.0, 11834515737.3]}, "invert": {"range": [1], "results": [2924.4140367513146]}, "pairing": {"range": [1], "results": [2658031.634210527]}, "msm_Gt": {"range": [2, 4, 8, 16, 32, 64, 128, 256, 512, 1024], "results": [3138281.92, 4816146.9436363615, 8171977.927142858, 14883787.7025, 28307999.59, 55158468.63, 108897765.26, 216392675.27, 431369016.76, 861290447.37]}}