{
  "mul_ff": {
    "range": [
      1
    ],
    "results": [
      25.48255520504969
    ],
    "stddev": [
      1.0441737670310884
    ]
  },
  "mul_G1": {
    "range": [
      1
    ],
    "results": [
      100606.6633746181
    ],
    "stddev": [
      4905.671037341541
    ]
  },
  "mul_G2": {
    "range": [
      1
    ],
    "results": [
      211967.38357018807
    ],
    "stddev": [
      3634.585997067012
    ]
  },
  "mul_Gt": {
    "range": [
      1
    ],
    "results": [
      821393.9519778804
    ],
    "stddev": [
      22875.029028013425
    ]
  },
  "add_ff": {
    "range": [
      1
    ],
    "results": [
      12.193485791641193
    ],
    "stddev": [
      0.0949544600969604
    ]
  },
  "add_G1": {
    "range": [
      1
    ],
    "results": [
      801.2380248356592
    ],
    "stddev": [
      10.459330419536059
    ]
  },
  "add_G2": {
    "range": [
      1
    ],
    "results": [
      2260.8009448520534
    ],
    "stddev": [
      3.56906255581734
    ]
  },
  "add_Gt": {
    "range": [
      1
    ],
    "results": [
      2652.537454319608
    ],
    "stddev": [
      5.436262141065839
    ]
  },
  "msm_G1": {
    "range": [
      2,
      4,
      8,
      16,
      32,
      64,
      128,
      256,
      512,
      1024,
      2048,
      4096,
      8192,
      16384,
      32768,
      65536,
      131072,
      262144,
      524288,
      1048576,
      2097152
    ],
    "results": [
      299237.7896292052,
      410983.85205466877,
      624674.0188898913,
      994175.112382403,
      1522268.6258391524,
      2226874.7121739145,
      3872791.714615383,
      6512807.75625,
      11105191.172000002,
      19723512.76666667,
      35568323.51,
      64733799.57,
      111291197.67,
      204723391.3,
      376484855.32,
      718627198.23,
      1328476902.88,
      2444911420.71,
      4500296944.42,
      9214521117.08,
      17034276818.7
    ],
    "stddev": [
      7315.243661466406,
      17478.36938896246,
      15823.083488986444,
      43280.125379218014,
      207651.46896205517,
      1679.4379670056333,
      131426.31087571618,
      6547.671158758829,
      7676.627703309391,
      14420.436628888287,
      2165197.31585383,
      652991.7406372343,
      331981.3533412396,
      655198.1592972388,
      1242735.7515966208,
      6367545.591180469,
      7529661.178217994,
      13781541.71366599,
      25618077.51106627,
      21987204.47893603,
      31110362.715603545
    ]
  },
  "msm_G2": {
    "range": [
      2,
      4,
      8,
      16,
      32,
      64,
      128,
      256,
      512,
      1024,
      2048,
      4096,
      8192,
      16384,
      32768,
      65536,
      131072,
      262144,
      524288,
      1048576,
      2097152
    ],
    "results": [
      794807.696973313,
      1111884.4167161882,
      1716156.9639879968,
      2742583.7836842113,
      4069175.5215384616,
      6269412.15625,
      10348612.086000001,
      17199723.109999992,
      29771932.245,
      53216465.63,
      95297684.5,
      175131870.85,
      300467073.32,
      553774202.15,
      1015846099.86,
      1930603115.54,
      3548610088.5,
      6625579017.07,
      12129508228.03,
      24772138155.45,
      45408458724.0
    ],
    "stddev": [
      15776.908685395087,
      25582.54276535448,
      27231.988538245765,
      2305.9592998031762,
      29473.47835836307,
      15773.970813290947,
      835638.6912651259,
      14129.875234493304,
      23202.408637843506,
      371409.95693475043,
      48376.34223719276,
      79226.17549804797,
      5483166.053855689,
      743255.2538597004,
      7469539.80002766,
      7752617.418329585,
      12860696.352255393,
      18311014.94875318,
      25646706.71646484,
      30950271.54509809,
      331551063.00476664
    ]
  },
  "invert": {
    "range": [
      1
    ],
    "results": [
      1774.6576294897918
    ],
    "stddev": [
      43.451360559083724
    ]
  },
  "pairing": {
    "range": [
      1
    ],
    "results": [
      787613.0141508264
    ],
    "stddev": [
      15317.918074166206
    ]
  },
  "msm_Gt": {
    "range": [
      2,
      4,
      8,
      16,
      32,
      64,
      128,
      256,
      512,
      1024
    ],
    "results": [
      939316.3114045634,
      1427785.8816288707,
      2398137.90047619,
      4352428.073333333,
      8254060.0142857125,
      16126902.0075,
      32165605.34,
      63179817.34,
      125602090.25,
      251378844.87
    ],
    "stddev": [
      23952.72638446205,
      48484.887855122346,
      2976.4171948167163,
      3525.8149925127695,
      9327.318075384137,
      23359.558104511925,
      2323480.003818068,
      353561.6470655782,
      78953.37440760528,
      848582.281578135
    ]
  }
}