{
  "mul_ff": {
    "range": [
      1
    ],
    "results": [
      25.612327763316244
    ],
    "stddev": [
      0.46192435691074085
    ]
  },
  "mul_G1": {
    "range": [
      1
    ],
    "results": [
      101178.54212004846
    ],
    "stddev": [
      492.54102402182593
    ]
  },
  "mul_G2": {
    "range": [
      1
    ],
    "results": [
      212467.03871708486
    ],
    "stddev": [
      804.22722047386
    ]
  },
  "mul_Gt": {
    "range": [
      1
    ],
    "results": [
      814535.8131290668
    ],
    "stddev": [
      21072.77220495004
    ]
  },
  "add_ff": {
    "range": [
      1
    ],
    "results": [
      12.199260589437019
    ],
    "stddev": [
      0.04845141529830184
    ]
  },
  "add_G1": {
    "range": [
      1
    ],
    "results": [
      802.7873607537326
    ],
    "stddev": [
      1.084411930160456
    ]
  },
  "add_G2": {
    "range": [
      1
    ],
    "results": [
      2266.00344110141
    ],
    "stddev": [
      1.7307720026268443
    ]
  },
  "add_Gt": {
    "range": [
      1
    ],
    "results": [
      2648.327385898736
    ],
    "stddev": [
      47.447989078260235
    ]
  },
  "invert": {
    "range": [
      1
    ],
    "results": [
      1769.4407552191399
    ],
    "stddev": [
      2.613303179016854
    ]
  },
  "pairing": {
    "range": [
      1
    ],
    "results": [
      785676.547156062
    ],
    "stddev": [
      773.657452484117
    ]
  },
  "msm_Gt": {
    "range": [
      2,
      4,
      8,
      16,
      32,
      64,
      128,
      256,
      512,
      1024
    ],
    "results": [
      935679.5238072878,
      1421984.829489563,
      2388608.178095238,
      4328767.436666667,
      8211702.46285714,
      15980107.56,
      31544785.1,
      62827252.62,
      125168235.87,
      249175297.59
    ],
    "stddev": [
      1476.6258894341963,
      4476.7585887347195,
      1234.8459128791021,
      2042.3089316696785,
      4627.010053892746,
      7085.8296464775385,
      50441.502494225926,
      56819.84972274742,
      75003.60063232365,
      65772.97089885708
    ]
  }
}