{
  "mul_ff": {
    "range": [
      1
    ],
    "results": [
      25.48255520504969
    ]
  },
  "mul_G1": {
    "range": [
      1
    ],
    "results": [
      100606.6633746181
    ]
  },
  "mul_G2": {
    "range": [
      1
    ],
    "results": [
      211967.38357018807
    ]
  },
  "mul_Gt": {
    "range": [
      1
    ],
    "results": [
      821393.9519778804
    ]
  },
  "add_ff": {
    "range": [
      1
    ],
    "results": [
      12.193485791641193
    ]
  },
  "add_G1": {
    "range": [
      1
    ],
    "results": [
      801.2380248356592
    ]
  },
  "add_G2": {
    "range": [
      1
    ],
    "results": [
      2260.8009448520534
    ]
  },
  "add_Gt": {
    "range": [
      1
    ],
    "results": [
      2652.537454319608
    ]
  },
  "msm_G1": {
    "range": [
      2,
      4,
      8,
      16,
      32,
      64,
      128,
      256,
      512,
      1024,
      2048,
      4096,
      8192,
      16384,
      32768,
      65536,
      131072,
      262144,
      524288,
      1048576,
      2097152
    ],
    "results": [
      299237.7896292052,
      410983.85205466877,
      624674.0188898913,
      994175.112382403,
      1522268.6258391524,
      2226874.7121739145,
      3872791.714615383,
      6512807.75625,
      11105191.172000002,
      19723512.76666667,
      35568323.51,
      64733799.57,
      111291197.67,
      204723391.3,
      376484855.32,
      718627198.23,
      1328476902.88,
      2444911420.71,
      4500296944.42,
      9214521117.08,
      17034276818.7
    ]
  },
  "msm_G2": {
    "range": [
      2,
      4,
      8,
      16,
      32,
      64,
      128,
      256,
      512,
      1024,
      2048,
      4096,
      8192,
      16384,
      32768,
      65536,
      131072,
      262144,
      524288,
      1048576,
      2097152
    ],
    "results": [
      794807.696973313,
      1111884.4167161882,
      1716156.9639879968,
      2742583.7836842113,
      4069175.5215384616,
      6269412.15625,
      10348612.086000001,
      17199723.109999992,
      29771932.245,
      53216465.63,
      95297684.5,
      175131870.85,
      300467073.32,
      553774202.15,
      1015846099.86,
      1930603115.54,
      3548610088.5,
      6625579017.07,
      12129508228.03,
      24772138155.45,
      45408458724.0
    ]
  },
  "invert": {
    "range": [
      1
    ],
    "results": [
      1774.6576294897918
    ]
  },
  "pairing": {
    "range": [
      1
    ],
    "results": [
      787613.0141508264
    ]
  },
  "msm_Gt": {
    "range": [
      2,
      4,
      8,
      16,
      32,
      64,
      128,
      256,
      512,
      1024
    ],
    "results": [
      939316.3114045634,
      1427785.8816288707,
      2398137.90047619,
      4352428.073333333,
      8254060.0142857125,
      16126902.0075,
      32165605.34,
      63179817.34,
      125602090.25,
      251378844.87
    ]
  }
}