{"add_G1": {"range": [1], "results": [438.2691585906591]}, "sub_G1": {"range": [1], "results": [449.55869549054626]}, "double_G1": {"range": [1], "results": [217.50693978760276]}, "mul_G1": {"range": [1], "results": [115429.24330802442]}, "add_ff": {"range": [1], "results": [5.961506418606799]}, "sub_ff": {"range": [1], "results": [5.924067180467262]}, "neg_ff": {"range": [1], "results": [5.308905630910703]}, "double_ff": {"range": [1], "results": [3.7780108289131937]}, "mul_ff": {"range": [1], "results": [29.727964071589476]}, "square_ff": {"range": [1], "results": [25.44251038970903]}, "inv_ff": {"range": [1], "results": [5043.0241016631735]}, "ip_ff": {"range": [2], "results": [66.4491074690398]}, "msm_G1": {"range": [2, 4, 8, 16, 32, 64, 128, 256, 512, 1024, 2048, 4096, 8192, 16384, 32768, 65536, 131072, 262144, 524288, 1048576, 2097152], "results": [266857.1862572607, 274461.673714645, 292637.9480940907, 384699.0984065333, 402880.5037628428, 480407.4160249025, 622847.8939218699, 802920.6061752401, 1035666.6290545819, 1514437.4557928843, 2585245.2290000003, 4734914.650909089, 8437943.034999998, 16000233.2675, 30726532.675, 60807642.92, 116439379.63, 248599394.72, 415276887.93, 774950307.02, 1564973879.7]}}