{
  "add_G1": {
    "range": [
      1
    ],
    "results": [
      384.4258156666307
    ],
    "stddev": [
      0.6623610345790572
    ]
  },
  "sub_G1": {
    "range": [
      1
    ],
    "results": [
      386.23871253209103
    ],
    "stddev": [
      0.4745017491768365
    ]
  },
  "double_G1": {
    "range": [
      1
    ],
    "results": [
      174.72794458842316
    ],
    "stddev": [
      0.621734685021507
    ]
  },
  "mul_G1": {
    "range": [
      1
    ],
    "results": [
      107546.66489940381
    ],
    "stddev": [
      163.021013666172
    ]
  },
  "add_ff": {
    "range": [
      1
    ],
    "results": [
      5.5606669550945425
    ],
    "stddev": [
      0.003077406913257855
    ]
  },
  "sub_ff": {
    "range": [
      1
    ],
    "results": [
      5.497718330137753
    ],
    "stddev": [
      0.004920956342867128
    ]
  },
  "neg_ff": {
    "range": [
      1
    ],
    "results": [
      4.202842118430721
    ],
    "stddev": [
      0.0033465013303723735
    ]
  },
  "double_ff": {
    "range": [
      1
    ],
    "results": [
      3.581444921504978
    ],
    "stddev": [
      0.0017783086761082039
    ]
  },
  "mul_ff": {
    "range": [
      1
    ],
    "results": [
      27.421466958222677
    ],
    "stddev": [
      0.03145900653753118
    ]
  },
  "square_ff": {
    "range": [
      1
    ],
    "results": [
      19.216151760324557
    ],
    "stddev": [
      0.011678536128687344
    ]
  },
  "inv_ff": {
    "range": [
      1
    ],
    "results": [
      4482.1969149435
    ],
    "stddev": [
      22.803638151080733
    ]
  },
  "ip_ff": {
    "range": [
      2
    ],
    "results": [
      53.0467012632369
    ],
    "stddev": [
      0.09642573204148107
    ]
  }
}