{"add_ff": {"range": [1], "results": [7.831342307469276]}, "sub_ff": {"range": [1], "results": [9.903080179310152]}, "neg_ff": {"range": [1], "results": [5.947003013296234]}, "double_ff": {"range": [1], "results": [5.082317174530236]}, "mul_ff": {"range": [1], "results": [33.06490841667239]}, "square_ff": {"range": [1], "results": [27.588337386215052]}, "inv_ff": {"range": [1], "results": [6294.1336262145]}, "ip_ff": {"range": [2], "results": [74.38937915763273]}, "msm_G1": {"range": [2, 4, 8, 16, 32, 64, 128, 256, 512, 1024, 2048, 4096, 8192, 16384, 32768, 65536, 131072, 262144, 524288, 1048576, 2097152], "results": [201081.6419786942, 236116.94306453282, 308459.5476470798, 390296.59817564825, 517947.53245182405, 732732.9394247404, 1022899.6750195603, 1596571.4414470214, 2416338.278095239, 4000091.8215384604, 7715906.305714291, 14283825.1325, 26108763.615, 42474974.945, 83965546.64, 160540113.86, 296559337.75, 611169436.64, 1233869351.77, 2415643265.68, 4078369002.2]}}