{
  "add_G1": {
    "range": [
      1
    ],
    "results": [
      1269.2121834592288
    ],
    "stddev": [
      0.5530514352759311
    ]
  },
  "sub_G1": {
    "range": [
      1
    ],
    "results": [
      1280.5974431224163
    ],
    "stddev": [
      0.4053415137563257
    ]
  },
  "double_G1": {
    "range": [
      1
    ],
    "results": [
      570.7434640301392
    ],
    "stddev": [
      0.32446114909309226
    ]
  },
  "mul_G1": {
    "range": [
      1
    ],
    "results": [
      302431.3749078998
    ],
    "stddev": [
      527.6860751488246
    ]
  },
  "add_ff": {
    "range": [
      1
    ],
    "results": [
      21.166299475868364
    ],
    "stddev": [
      0.06218483604689722
    ]
  },
  "sub_ff": {
    "range": [
      1
    ],
    "results": [
      19.53715187420992
    ],
    "stddev": [
      0.05654887603284563
    ]
  },
  "neg_ff": {
    "range": [
      1
    ],
    "results": [
      11.502794848036125
    ],
    "stddev": [
      0.013181292451495151
    ]
  },
  "double_ff": {
    "range": [
      1
    ],
    "results": [
      6.479256478093563
    ],
    "stddev": [
      0.0020371285614621086
    ]
  },
  "mul_ff": {
    "range": [
      1
    ],
    "results": [
      87.02727140237353
    ],
    "stddev": [
      0.023449455894315907
    ]
  },
  "square_ff": {
    "range": [
      1
    ],
    "results": [
      65.47472071882638
    ],
    "stddev": [
      0.0229782881758839
    ]
  },
  "inv_ff": {
    "range": [
      1
    ],
    "results": [
      5527.320965410053
    ],
    "stddev": [
      2.3506457951789104
    ]
  },
  "ip_ff": {
    "range": [
      2
    ],
    "results": [
      179.38298791013744
    ],
    "stddev": [
      0.08600321983164402
    ]
  },
  "msm_G1": {
    "range": [
      2,
      4,
      8,
      16,
      32,
      64,
      128,
      256,
      512,
      1024,
      2048,
      4096,
      8192,
      16384,
      32768,
      65536,
      131072,
      262144,
      524288,
      1048576,
      2097152
    ],
    "results": [
      381221.2629768483,
      443300.1360497852,
      481806.0599641651,
      491392.236589722,
      501684.27133863757,
      629102.7023895887,
      824183.3203032833,
      1231702.9027604808,
      1332367.0006528657,
      2037700.4475999998,
      3510126.4200000004,
      6409633.1175,
      11500480.079999998,
      22100670.29333333,
      42910079.855,
      83886126.05,
      160289219.88,
      333188385.11,
      672814078.24,
      1304872777.46,
      2616990313.5
    ],
    "stddev": [
      15616.292119466852,
      13546.791326656274,
      10189.155076643205,
      3634.309957965546,
      6044.855854062769,
      3803.9686684906146,
      4364.525632885573,
      7141.385069808437,
      78322.5495393685,
      88177.29861877197,
      26848.065373391655,
      70199.7056640972,
      188669.64054989867,
      553939.4942515981,
      398295.8309592525,
      888010.0079231695,
      2109658.6350233164,
      4115135.837270704,
      6271170.976187091,
      12721087.818134235,
      26642978.77383976
    ]
  },
  "msm_ff": {
    "range": [
      1
    ],
    "results": [
      19072.988956405705
    ],
    "stddev": [
      62.14748465575448
    ]
  },
  "fft": {
    "range": [
      2,
      4,
      8,
      16,
      32,
      64,
      128,
      256,
      512,
      1024,
      2048,
      4096,
      8192,
      16384,
      32768,
      65536,
      131072,
      262144,
      524288,
      1048576,
      2097152
    ],
    "results": [
      256.7426688994931,
      22396.748386910105,
      69100.08210097338,
      120229.30656153713,
      158215.6705393937,
      156540.23260198347,
      163580.3144948327,
      254681.11190952855,
      383029.40282522794,
      506486.18165912916,
      715839.0450112487,
      956136.3662206515,
      1320347.1981510236,
      1781461.9538056334,
      2579697.199284612,
      4122114.168524531,
      6822669.796335034,
      12369629.182430556,
      23953865.098819446,
      59368117.19224206,
      137481638.40920636
    ],
    "stddev": [
      0.5194020541777709,
      309.26536751786443,
      182.70480068830054,
      782.9801469281841,
      639.5425925907128,
      1391.5261715861207,
      3532.479532094226,
      4002.0605636600308,
      1080.9264530664777,
      1461.7070526849786,
      1756.9739835892221,
      3544.497615101994,
      3011.810553171663,
      3338.497667954346,
      5838.4914158369265,
      29076.1753771284,
      62745.25617693057,
      65024.23852629639,
      389457.6702375552,
      589911.4539717538,
      631858.9249302438
    ]
  }
}