{
  "add_G1": {
    "range": [
      1
    ],
    "results": [
      435.003291993632
    ],
    "stddev": [
      0.30184748800356276
    ]
  },
  "sub_G1": {
    "range": [
      1
    ],
    "results": [
      441.07460169229284
    ],
    "stddev": [
      1.7488805230444608
    ]
  },
  "double_G1": {
    "range": [
      1
    ],
    "results": [
      219.92694948971598
    ],
    "stddev": [
      0.16778013306615205
    ]
  },
  "mul_G1": {
    "range": [
      1
    ],
    "results": [
      114662.94287718648
    ],
    "stddev": [
      170.04287704185256
    ]
  },
  "add_ff": {
    "range": [
      1
    ],
    "results": [
      5.1638529791650685
    ],
    "stddev": [
      0.003908747098426198
    ]
  },
  "sub_ff": {
    "range": [
      1
    ],
    "results": [
      5.438370946551548
    ],
    "stddev": [
      0.011619571419176845
    ]
  },
  "neg_ff": {
    "range": [
      1
    ],
    "results": [
      4.243741036846396
    ],
    "stddev": [
      0.005265715307645756
    ]
  },
  "double_ff": {
    "range": [
      1
    ],
    "results": [
      4.31324281072202
    ],
    "stddev": [
      0.003755518667811643
    ]
  },
  "mul_ff": {
    "range": [
      1
    ],
    "results": [
      29.240163697634944
    ],
    "stddev": [
      0.03060529125948677
    ]
  },
  "square_ff": {
    "range": [
      1
    ],
    "results": [
      24.686467043694037
    ],
    "stddev": [
      0.013852678183386386
    ]
  },
  "inv_ff": {
    "range": [
      1
    ],
    "results": [
      4879.978156167636
    ],
    "stddev": [
      3.2040257394143414
    ]
  },
  "ip_ff": {
    "range": [
      2
    ],
    "results": [
      64.90396665591534
    ],
    "stddev": [
      0.045037417834433595
    ]
  },
  "msm_G1": {
    "range": [
      2,
      4,
      8,
      16,
      32,
      64,
      128,
      256,
      512,
      1024,
      2048,
      4096,
      8192,
      16384,
      32768,
      65536,
      131072,
      262144,
      524288,
      1048576,
      2097152
    ],
    "results": [
      418573.6542129825,
      444784.9961912268,
      505779.62514788023,
      549863.9834157974,
      610620.125384447,
      678073.4722204559,
      744813.3536234811,
      905782.8526614527,
      1312208.8430839395,
      1959846.7172718581,
      2946001.009444444,
      4818976.400000001,
      8039081.332857138,
      15251239.2175,
      28677575.2,
      54933316.115,
      109776022.69,
      211015179.46,
      365321847.54,
      680562294.73,
      1366014708.4
    ],
    "stddev": [
      27932.860813565516,
      47243.007411269085,
      49064.720810711886,
      38434.00683750636,
      21456.60718756827,
      19113.452682386855,
      31536.813165273663,
      34312.58332748892,
      63215.923412849756,
      34149.88756692637,
      28899.665887191495,
      39948.914492702905,
      257237.9495026418,
      526623.8997292039,
      2141715.1602364834,
      5364138.461560235,
      12957196.168522747,
      27017551.78140401,
      26308538.523223106,
      33172412.850340467,
      59347071.60786684
    ]
  },
  "msm_ff": {
    "range": [
      1
    ],
    "results": [
      5928.2115933560835
    ],
    "stddev": [
      7.830454000228774
    ]
  },
  "fft": {
    "range": [
      2,
      4,
      8,
      16,
      32,
      64,
      128,
      256,
      512,
      1024,
      2048,
      4096,
      8192,
      16384,
      32768,
      65536,
      131072,
      262144,
      524288,
      1048576,
      2097152
    ],
    "results": [
      121.16070316666912,
      36818.7092848819,
      122199.3674418915,
      262306.10392845736,
      419158.0672440015,
      594368.4077139178,
      700206.3395705672,
      645557.6518768996,
      899392.0860575773,
      1211112.5290140414,
      1699168.7294929451,
      2157642.43783038,
      3203316.0090965605,
      4414182.647940287,
      5971588.928926092,
      8316538.000981241,
      11748884.072926588,
      17751912.064841267,
      32631419.68154762,
      77301840.08880952,
      165180350.29531744
    ],
    "stddev": [
      0.7787738838541701,
      341.3186744112676,
      1046.2700343396277,
      2333.87843366022,
      5145.118648441278,
      9866.966258367738,
      25776.78917765074,
      31269.465245802043,
      104427.30354219471,
      79769.5464252346,
      42853.308808905815,
      49205.71438868967,
      72693.67031961937,
      50266.96263945225,
      44733.03436637633,
      60756.085739288836,
      46993.95874834072,
      127868.21216389968,
      1035519.4248896807,
      564626.6709844593,
      1222297.8178345833
    ]
  }
}