{
  "msm_G1": {
    "range": [
      1982,
      2286,
      6533,
      13416,
      26029,
      58704,
      75218,
      158048,
      376369,
      622038,
      2063062,
      3623548,
      32656823
    ],
    "results": [
      2239500.994012776,
      2694899.5418592435,
      5814650.140295139,
      11075317.43511464,
      21029889.632349208,
      46353561.53462301,
      57754743.25571428,
      133146193.29158728,
      298472035.85,
      486430879.5,
      1233598023.0,
      2236105014.9,
      21515589642.7
    ],
    "stddev": [
      12983.635350551593,
      6505.566273701769,
      14627.6026085396,
      30066.444918565365,
      84478.60240641488,
      67376.80585090144,
      62935.50262561319,
      192492.02046492838,
      10353236.42406631,
      7452261.001388867,
      12213284.324906228,
      21218143.309121303,
      97636070.28139383
    ]
  },
  "fft": {
    "range": [
      39796,
      85868,
      135512,
      355771,
      751140,
      1059249,
      3401376,
      8126164
    ],
    "results": [
      3272902.262285997,
      5309511.707845472,
      8918189.81234127,
      17835328.4689418,
      51005708.00212301,
      110470637.75190476,
      248709837.09999996,
      516699399.5
    ],
    "stddev": [
      10657.776923380792,
      156144.8742173969,
      24001.667548355177,
      234480.67457015128,
      2232998.0547794756,
      635718.3432998288,
      1656888.485596419,
      1278087.9943708298
    ]
  }
}