{
  "add_G1": {
    "range": [
      1
    ],
    "results": [
      478.6386334595931
    ],
    "stddev": [
      0.43772439560811
    ]
  },
  "sub_G1": {
    "range": [
      1
    ],
    "results": [
      486.25808717540895
    ],
    "stddev": [
      0.260037487769485
    ]
  },
  "double_G1": {
    "range": [
      1
    ],
    "results": [
      235.98633110737083
    ],
    "stddev": [
      1.0527177324859105
    ]
  },
  "mul_G1": {
    "range": [
      1
    ],
    "results": [
      125772.63558297044
    ],
    "stddev": [
      197.83624857378888
    ]
  },
  "add_ff": {
    "range": [
      1
    ],
    "results": [
      6.627107126609022
    ],
    "stddev": [
      0.030563517196575542
    ]
  },
  "sub_ff": {
    "range": [
      1
    ],
    "results": [
      6.633167371238145
    ],
    "stddev": [
      0.01697834379656303
    ]
  },
  "neg_ff": {
    "range": [
      1
    ],
    "results": [
      5.222109814341922
    ],
    "stddev": [
      0.015963932616555765
    ]
  },
  "double_ff": {
    "range": [
      1
    ],
    "results": [
      4.303908661431378
    ],
    "stddev": [
      0.006988319574383643
    ]
  },
  "mul_ff": {
    "range": [
      1
    ],
    "results": [
      32.38729300785764
    ],
    "stddev": [
      0.1465279267965852
    ]
  },
  "square_ff": {
    "range": [
      1
    ],
    "results": [
      26.732433054773704
    ],
    "stddev": [
      0.017571200080874757
    ]
  },
  "inv_ff": {
    "range": [
      1
    ],
    "results": [
      5475.337478700467
    ],
    "stddev": [
      28.426693296897213
    ]
  },
  "ip_ff": {
    "range": [
      2
    ],
    "results": [
      72.75656536608076
    ],
    "stddev": [
      0.08336423349216394
    ]
  }
}