{
  "msm_G1": {
    "range": [
      1982,
      2286,
      6533,
      13416,
      26029,
      58704,
      75218,
      158048,
      376369,
      622038,
      2063062,
      3623548,
      32656823
    ],
    "results": [
      3352796.1048157597,
      4104630.7680020705,
      9214660.81350397,
      18220146.837769844,
      34086442.74107143,
      74776148.25585316,
      92763983.7054365,
      205753216.93333334,
      482188951.45,
      782791521.1,
      2528477930.9,
      4475796194.7,
      40133107811.3
    ],
    "stddev": [
      8965.727922286926,
      13044.452487106688,
      33732.56156320812,
      62817.37473204493,
      280355.2371591227,
      109347.49078645762,
      71295.5024793852,
      1041282.2789965221,
      3735082.9205757095,
      6821817.393021517,
      17844303.022914823,
      8482634.37191861,
      17766063.469542433
    ]
  },
  "fft": {
    "range": [
      64715,
      68786,
      164627,
      290714,
      686246,
      1381754,
      2578232,
      7373490
    ],
    "results": [
      4200514.196549423,
      6970939.204574831,
      12564698.306135911,
      23308236.165595237,
      60564389.4741865,
      138901879.17301586,
      277918054.05,
      573959908.0
    ],
    "stddev": [
      19071.932450991728,
      157545.1503068081,
      105734.72850802013,
      248465.04689075006,
      1245880.6020279145,
      1553919.7201355544,
      795090.2166812409,
      4222080.317164585
    ]
  }
}