{
  "add_G1": {
    "range": [
      1
    ],
    "results": [
      371.5239877104516
    ],
    "stddev": [
      0.6279417899128173
    ]
  },
  "sub_G1": {
    "range": [
      1
    ],
    "results": [
      376.0569279759223
    ],
    "stddev": [
      0.6486781455869831
    ]
  },
  "double_G1": {
    "range": [
      1
    ],
    "results": [
      168.07061511050742
    ],
    "stddev": [
      0.3072469511526186
    ]
  },
  "mul_G1": {
    "range": [
      1
    ],
    "results": [
      101515.06930952406
    ],
    "stddev": [
      304.2715937818332
    ]
  },
  "add_ff": {
    "range": [
      1
    ],
    "results": [
      4.004730154204945
    ],
    "stddev": [
      0.0030648663379572653
    ]
  },
  "sub_ff": {
    "range": [
      1
    ],
    "results": [
      4.085317376777855
    ],
    "stddev": [
      0.003061357639771615
    ]
  },
  "neg_ff": {
    "range": [
      1
    ],
    "results": [
      3.665968407876828
    ],
    "stddev": [
      0.006627023268491783
    ]
  },
  "double_ff": {
    "range": [
      1
    ],
    "results": [
      3.437284763283271
    ],
    "stddev": [
      0.00266618962690622
    ]
  },
  "mul_ff": {
    "range": [
      1
    ],
    "results": [
      26.14490396244329
    ],
    "stddev": [
      0.06510756033337331
    ]
  },
  "square_ff": {
    "range": [
      1
    ],
    "results": [
      24.431149749565044
    ],
    "stddev": [
      0.5575125858323806
    ]
  },
  "inv_ff": {
    "range": [
      1
    ],
    "results": [
      4247.666098198474
    ],
    "stddev": [
      15.468820590970344
    ]
  },
  "ip_ff": {
    "range": [
      2
    ],
    "results": [
      50.16357038543023
    ],
    "stddev": [
      0.06467211086797187
    ]
  },
  "msm_G1": {
    "range": [
      2,
      4,
      8,
      16,
      32,
      64,
      128,
      256,
      512,
      1024,
      2048,
      4096,
      8192,
      16384,
      32768,
      65536,
      131072,
      262144,
      524288,
      1048576,
      2097152
    ],
    "results": [
      190746.84440307337,
      193191.47605145772,
      206563.30684148186,
      253529.52637445132,
      250590.97334990944,
      327181.79465400695,
      470313.1650844535,
      684105.4580661409,
      894718.144871686,
      1449579.2344147733,
      2345748.3086363636,
      4042339.7592307683,
      6909583.17875,
      11961267.06,
      21595300.533333335,
      37474078.34,
      61960439.75,
      132209289.15,
      251158053.59,
      472417346.47,
      965215280.6
    ],
    "stddev": [
      4129.2789094709615,
      4925.070354575854,
      9950.294745948155,
      10184.947041678977,
      8126.481455469158,
      16167.890061627546,
      12463.535140250347,
      18588.14181655626,
      57847.240820329374,
      48208.40429127424,
      22584.767308683255,
      36021.332817869144,
      157218.24905812388,
      305471.22702526976,
      846168.0650184035,
      382080.4148025575,
      842818.4366951209,
      2260776.613851746,
      2942188.367358052,
      4069768.415600877,
      7295565.193077384
    ]
  },
  "msm_ff": {
    "range": [
      1
    ],
    "results": [
      4781.147003834142
    ],
    "stddev": [
      8.654158683727688
    ]
  },
  "fft": {
    "range": [
      2,
      4,
      8,
      16,
      32,
      64,
      128,
      256,
      512,
      1024,
      2048,
      4096,
      8192,
      16384,
      32768,
      65536,
      131072,
      262144,
      524288,
      1048576,
      2097152
    ],
    "results": [
      89.5596713023659,
      15060.298336800994,
      47186.165661580286,
      90735.22245526695,
      116250.43781673707,
      153221.19893360275,
      199594.75121979037,
      185732.50379506225,
      367840.421477958,
      489271.0719413116,
      704768.2902153316,
      1038419.4390837345,
      1358632.0888742998,
      1816961.5400825397,
      2543927.452289462,
      3890467.1711392193,
      6101146.469944445,
      10149051.43569224,
      18096860.944801588,
      49958327.901448414,
      106748061.13726191
    ],
    "stddev": [
      0.6062000888325279,
      153.25615579144036,
      4054.0973288931173,
      820.3875597933362,
      19422.969854503008,
      29675.204390328567,
      41889.70321164522,
      5252.223867878488,
      26327.571983142218,
      17133.572599134262,
      25797.92599542678,
      30195.64652245967,
      35694.44103640905,
      35707.45774327954,
      40273.08841217293,
      39832.69673285928,
      19377.997096000774,
      109161.39164868968,
      394179.6510452748,
      450298.3183232857,
      317819.8839832223
    ]
  }
}