{
  "add_G1": {
    "range": [
      1
    ],
    "results": [
      382.4505456945285
    ],
    "stddev": [
      0.6590919901380807
    ]
  },
  "sub_G1": {
    "range": [
      1
    ],
    "results": [
      384.6703283098366
    ],
    "stddev": [
      0.3807176572364616
    ]
  },
  "double_G1": {
    "range": [
      1
    ],
    "results": [
      176.0113411207819
    ],
    "stddev": [
      0.6419237935924531
    ]
  },
  "mul_G1": {
    "range": [
      1
    ],
    "results": [
      107621.98490121993
    ],
    "stddev": [
      170.29657167877815
    ]
  },
  "add_ff": {
    "range": [
      1
    ],
    "results": [
      5.230607781170785
    ],
    "stddev": [
      0.048364389740598694
    ]
  },
  "sub_ff": {
    "range": [
      1
    ],
    "results": [
      5.537606428037001
    ],
    "stddev": [
      0.005679414775695712
    ]
  },
  "neg_ff": {
    "range": [
      1
    ],
    "results": [
      4.2079935111903986
    ],
    "stddev": [
      0.006786102019207537
    ]
  },
  "double_ff": {
    "range": [
      1
    ],
    "results": [
      3.5827943599634158
    ],
    "stddev": [
      0.002091597157006437
    ]
  },
  "mul_ff": {
    "range": [
      1
    ],
    "results": [
      27.583514116986354
    ],
    "stddev": [
      0.025046420472091966
    ]
  },
  "square_ff": {
    "range": [
      1
    ],
    "results": [
      19.324754284031485
    ],
    "stddev": [
      0.009303133752450675
    ]
  },
  "inv_ff": {
    "range": [
      1
    ],
    "results": [
      4453.683545285344
    ],
    "stddev": [
      20.56802019239297
    ]
  },
  "ip_ff": {
    "range": [
      2
    ],
    "results": [
      53.124986784248634
    ],
    "stddev": [
      0.08867931691778559
    ]
  },
  "msm_G1": {
    "range": [
      2,
      4,
      8,
      16,
      32,
      64,
      128,
      256,
      512,
      1024,
      2048,
      4096,
      8192,
      16384,
      32768,
      65536,
      131072,
      262144,
      524288,
      1048576,
      2097152
    ],
    "results": [
      274116.27509956626,
      280278.96424149035,
      339084.464952685,
      427375.4971968913,
      455243.1231109184,
      498980.89053488453,
      684347.0537127879,
      860047.6331928464,
      1011148.4054166818,
      1435102.6040231884,
      2297556.1768181818,
      4048684.7807692317,
      7045734.43125,
      13384754.025,
      26029115.705,
      51244405.53,
      98268013.23,
      213979169.11,
      420759352.59,
      766695138.68,
      1274271944.2
    ],
    "stddev": [
      2504.847152745786,
      2852.7953376625205,
      4115.5664640103605,
      4318.662096467689,
      5205.042467358159,
      9117.036338515354,
      5326.394373827271,
      12199.338627553556,
      20516.123263850997,
      27396.910505111908,
      25155.985373590032,
      50614.68883435777,
      97240.2454436343,
      94508.9303372008,
      580342.0075136088,
      202701.3798576346,
      412294.30898955796,
      3124063.8890343364,
      13557153.980511514,
      7364666.814934884,
      25211690.854579967
    ]
  },
  "msm_ff": {
    "range": [
      1
    ],
    "results": [
      5522.78252669201
    ],
    "stddev": [
      4.931094538876387
    ]
  },
  "fft": {
    "range": [
      2,
      4,
      8,
      16,
      32,
      64,
      128,
      256,
      512,
      1024,
      2048,
      4096,
      8192,
      16384,
      32768,
      65536,
      131072,
      262144,
      524288,
      1048576,
      2097152
    ],
    "results": [
      101.46983256442181,
      20212.219378791422,
      73861.67611787592,
      172495.40396042287,
      312286.5607600628,
      401450.4335635272,
      367620.0893446032,
      406845.04701093474,
      582952.438484228,
      670850.577758371,
      814968.5400467688,
      1108348.4256513743,
      1314895.4314710884,
      1630399.0430165816,
      2149368.1899898485,
      3307831.95071712,
      5325587.161256614,
      9209440.860444443,
      17663984.58609127,
      47283546.69392858,
      116600369.19373016
    ],
    "stddev": [
      0.5702681973345405,
      328.9007204453623,
      593.2981723096633,
      1050.050297071878,
      1429.6351842839174,
      2368.719292673059,
      3319.25086914039,
      3035.0650511513477,
      3574.3479593981842,
      3704.3855867170837,
      3596.868908196315,
      4451.684101622498,
      7205.695251227163,
      9097.92493198754,
      5270.872070701815,
      19590.76519392482,
      18096.16158094723,
      35669.710045909604,
      330022.1548046587,
      437480.7046505657,
      1308565.9903492641
    ]
  }
}