{
  "add_G1": {
    "range": [
      1
    ],
    "results": [
      296.0263702145645
    ],
    "stddev": [
      0.8938488295375101
    ]
  },
  "sub_G1": {
    "range": [
      1
    ],
    "results": [
      297.34898262754524
    ],
    "stddev": [
      0.898008300083742
    ]
  },
  "double_G1": {
    "range": [
      1
    ],
    "results": [
      140.42612907547507
    ],
    "stddev": [
      0.7753240936019962
    ]
  },
  "mul_G1": {
    "range": [
      1
    ],
    "results": [
      86480.02487401008
    ],
    "stddev": [
      272.5527559284813
    ]
  },
  "add_ff": {
    "range": [
      1
    ],
    "results": [
      4.3186964334236855
    ],
    "stddev": [
      0.010759898947845061
    ]
  },
  "sub_ff": {
    "range": [
      1
    ],
    "results": [
      4.268195569441485
    ],
    "stddev": [
      0.012372720036610852
    ]
  },
  "neg_ff": {
    "range": [
      1
    ],
    "results": [
      3.9592580867137133
    ],
    "stddev": [
      0.010481402744944137
    ]
  },
  "double_ff": {
    "range": [
      1
    ],
    "results": [
      3.9417776403531337
    ],
    "stddev": [
      0.009329414198960419
    ]
  },
  "mul_ff": {
    "range": [
      1
    ],
    "results": [
      19.8208986274484
    ],
    "stddev": [
      0.048950043862310555
    ]
  },
  "square_ff": {
    "range": [
      1
    ],
    "results": [
      15.61878684030611
    ],
    "stddev": [
      0.05624229506053159
    ]
  },
  "inv_ff": {
    "range": [
      1
    ],
    "results": [
      4384.49939424826
    ],
    "stddev": [
      38.0303010151708
    ]
  },
  "ip_ff": {
    "range": [
      2
    ],
    "results": [
      39.5776256340798
    ],
    "stddev": [
      0.12396359428546319
    ]
  },
  "msm_G1": {
    "range": [
      2,
      4,
      8,
      16,
      32,
      64,
      128,
      256,
      512,
      1024,
      2048,
      4096,
      8192,
      16384,
      32768,
      65536,
      131072,
      262144,
      524288,
      1048576,
      2097152
    ],
    "results": [
      282924.62110476336,
      321817.84466763993,
      375730.5473341833,
      392595.2271523244,
      344700.1270491875,
      471485.09961886285,
      646347.1484452857,
      995640.3244600274,
      1253991.3021929676,
      1703554.097794633,
      2454484.5171428584,
      3840398.6135714296,
      6374460.805,
      11449053.889999995,
      21326683.80666667,
      41545043.33,
      80279157.71,
      174093842.46,
      338837971.03,
      642027587.06,
      1013768315.4
    ],
    "stddev": [
      93410.3057130677,
      98793.05127472024,
      93917.73511028229,
      100788.98069231668,
      88830.6669157327,
      114113.29204291922,
      217480.77608442487,
      247634.6212025714,
      279132.9383579085,
      273929.63326055504,
      218378.84335532435,
      207285.25941618794,
      197117.35034911017,
      274820.4598247071,
      225128.7499133981,
      335578.09524515463,
      804308.4912702251,
      2226735.7920073923,
      3566344.1591382693,
      13401460.909531232,
      21042825.329067323
    ]
  },
  "msm_ff": {
    "range": [
      1
    ],
    "results": [
      3869.7810118735347
    ],
    "stddev": [
      5.743099325611831
    ]
  },
  "fft": {
    "range": [
      2,
      4,
      8,
      16,
      32,
      64,
      128,
      256,
      512,
      1024,
      2048,
      4096,
      8192,
      16384,
      32768,
      65536,
      131072,
      262144,
      524288,
      1048576,
      2097152
    ],
    "results": [
      70.95615455637204,
      19551.35251301587,
      36263.77109942777,
      57443.89182584522,
      77854.805325856,
      94507.92144407176,
      111543.28691212667,
      148986.45060707096,
      251261.29769176198,
      350433.9372438525,
      656165.8537258521,
      850753.8624979544,
      1291532.7734708996,
      1865748.6101347555,
      2522333.5664153444,
      3358250.0419274373,
      5316658.307828484,
      9009279.910505049,
      16628766.535006613,
      42144034.508888885,
      99965332.40238094
    ],
    "stddev": [
      0.331611589229744,
      1599.7933864101133,
      1622.392780549381,
      3303.418843652913,
      2509.321537933463,
      3017.9004425991184,
      4005.2647126983543,
      6458.549524220641,
      5058.595326117127,
      5351.984791066622,
      132982.82428666446,
      134240.07996434974,
      243726.2263577072,
      256069.5699776697,
      150158.2175417822,
      58897.36590074988,
      66621.60654635135,
      130750.2825358095,
      338554.9394733097,
      514031.10715520877,
      2585388.1025701244
    ]
  }
}