{
  "add_G1": {
    "range": [
      1
    ],
    "results": [
      1269.2121834592288
    ],
    "stddev": [
      0.5530514352759311
    ]
  },
  "sub_G1": {
    "range": [
      1
    ],
    "results": [
      1280.5974431224163
    ],
    "stddev": [
      0.4053415137563257
    ]
  },
  "double_G1": {
    "range": [
      1
    ],
    "results": [
      570.7434640301392
    ],
    "stddev": [
      0.32446114909309226
    ]
  },
  "mul_G1": {
    "range": [
      1
    ],
    "results": [
      302431.3749078998
    ],
    "stddev": [
      527.6860751488246
    ]
  },
  "add_ff": {
    "range": [
      1
    ],
    "results": [
      21.166299475868364
    ],
    "stddev": [
      0.06218483604689722
    ]
  },
  "sub_ff": {
    "range": [
      1
    ],
    "results": [
      19.53715187420992
    ],
    "stddev": [
      0.05654887603284563
    ]
  },
  "neg_ff": {
    "range": [
      1
    ],
    "results": [
      11.502794848036125
    ],
    "stddev": [
      0.013181292451495151
    ]
  },
  "double_ff": {
    "range": [
      1
    ],
    "results": [
      6.479256478093563
    ],
    "stddev": [
      0.0020371285614621086
    ]
  },
  "mul_ff": {
    "range": [
      1
    ],
    "results": [
      87.02727140237353
    ],
    "stddev": [
      0.023449455894315907
    ]
  },
  "square_ff": {
    "range": [
      1
    ],
    "results": [
      65.47472071882638
    ],
    "stddev": [
      0.0229782881758839
    ]
  },
  "inv_ff": {
    "range": [
      1
    ],
    "results": [
      5527.320965410053
    ],
    "stddev": [
      2.3506457951789104
    ]
  },
  "ip_ff": {
    "range": [
      2
    ],
    "results": [
      179.38298791013744
    ],
    "stddev": [
      0.08600321983164402
    ]
  }
}