{
  "add_G1": {
    "range": [
      1
    ],
    "results": [
      478.6386334595931
    ]
  },
  "sub_G1": {
    "range": [
      1
    ],
    "results": [
      486.25808717540895
    ]
  },
  "double_G1": {
    "range": [
      1
    ],
    "results": [
      235.98633110737083
    ]
  },
  "mul_G1": {
    "range": [
      1
    ],
    "results": [
      125772.63558297044
    ]
  },
  "add_ff": {
    "range": [
      1
    ],
    "results": [
      6.627107126609022
    ]
  },
  "sub_ff": {
    "range": [
      1
    ],
    "results": [
      6.633167371238145
    ]
  },
  "neg_ff": {
    "range": [
      1
    ],
    "results": [
      5.222109814341922
    ]
  },
  "double_ff": {
    "range": [
      1
    ],
    "results": [
      4.303908661431378
    ]
  },
  "mul_ff": {
    "range": [
      1
    ],
    "results": [
      32.38729300785764
    ]
  },
  "square_ff": {
    "range": [
      1
    ],
    "results": [
      26.732433054773704
    ]
  },
  "inv_ff": {
    "range": [
      1
    ],
    "results": [
      5475.337478700467
    ]
  },
  "ip_ff": {
    "range": [
      2
    ],
    "results": [
      72.75656536608076
    ]
  },
  "msm_G1": {
    "range": [
      1982,
      2286,
      6533,
      13416,
      26029,
      58704,
      36840914,
      31765134
    ],
    "results": [
      7572639.305714285,
      9056986.694999998,
      21138812.81666667,
      35968086.24,
      67989046.48,
      145518774.37,
      71029589349.0,
      62070926305.8
    ]
  },
  "msm_ff": {
    "range": [
      1
    ],
    "results": [
      6727.719204622605
    ]
  },
  "fft": {
    "range": [
      2,
      4,
      8,
      16,
      32,
      64,
      128,
      256,
      512,
      1024,
      2048,
      4096,
      8192,
      16384,
      32768,
      65536,
      131072,
      262144,
      524288,
      1048576,
      2097152
    ],
    "results": [
      138.99285045436696,
      14022.96936383016,
      33627.64795176483,
      49497.45778594894,
      63354.82027091228,
      84241.5935434754,
      114310.98138042125,
      172130.54197977617,
      267192.6226791013,
      372325.07880057895,
      572012.0753558872,
      790611.5990795008,
      1192896.5308604846,
      1987234.0350724638,
      3669614.3023999995,
      7185199.90015873,
      14362041.251111109,
      28070967.453670632,
      58617308.71373016,
      144215855.72428575,
      339732507.55
    ]
  }
}