{
  "msm_G1": {
    "range": [
      1982,
      2286,
      6533,
      13416,
      26029,
      58704,
      36840914,
      31765134
    ],
    "results": [
      7572639.305714285,
      9056986.694999998,
      21138812.81666667,
      35968086.24,
      67989046.48,
      145518774.37,
      71029589349.0,
      62070926305.8
    ],
    "stddev": [
      27492.595425618598,
      163040.28790772683,
      394517.88968061714,
      688576.9537699381,
      96463.32693541933,
      6317038.359100212,
      358046798.0372337,
      1160737294.6093657
    ]
  },
  "msm_ff": {
    "range": [
      1
    ],
    "results": [
      6727.719204622605
    ],
    "stddev": [
      9.832296791100019
    ]
  },
  "fft": {
    "range": [
      2,
      4,
      8,
      16,
      32,
      64,
      128,
      256,
      512,
      1024,
      2048,
      4096,
      8192,
      16384,
      32768,
      65536,
      131072,
      262144,
      524288,
      1048576,
      2097152
    ],
    "results": [
      138.99285045436696,
      14022.96936383016,
      33627.64795176483,
      49497.45778594894,
      63354.82027091228,
      84241.5935434754,
      114310.98138042125,
      172130.54197977617,
      267192.6226791013,
      372325.07880057895,
      572012.0753558872,
      790611.5990795008,
      1192896.5308604846,
      1987234.0350724638,
      3669614.3023999995,
      7185199.90015873,
      14362041.251111109,
      28070967.453670632,
      58617308.71373016,
      144215855.72428575,
      339732507.55
    ],
    "stddev": [
      0.5180747267279674,
      310.28870891784646,
      896.5223033897946,
      1848.1186590639502,
      1127.812140319,
      1503.5094730118467,
      1165.234843058249,
      3910.37217170393,
      4022.0888930297856,
      5030.15137633276,
      7291.374440184307,
      4470.0824526126735,
      3644.748309017588,
      8131.401392160197,
      12494.287322637141,
      18839.209371628847,
      89552.50814655813,
      171565.6449296482,
      1813183.8000001544,
      1689253.749547471,
      4061200.964891564
    ]
  }
}