{
  "add_G1": {
    "range": [
      1
    ],
    "results": [
      523.4831796060448
    ],
    "stddev": [
      0.20312575027188287
    ]
  },
  "sub_G1": {
    "range": [
      1
    ],
    "results": [
      533.655602900982
    ],
    "stddev": [
      0.21081901979354045
    ]
  },
  "double_G1": {
    "range": [
      1
    ],
    "results": [
      241.163564750602
    ],
    "stddev": [
      0.3108682192050259
    ]
  },
  "mul_G1": {
    "range": [
      1
    ],
    "results": [
      133207.82814190426
    ],
    "stddev": [
      147.58738204311732
    ]
  },
  "add_ff": {
    "range": [
      1
    ],
    "results": [
      5.771441703102556
    ],
    "stddev": [
      0.0028465021609227433
    ]
  },
  "sub_ff": {
    "range": [
      1
    ],
    "results": [
      10.65959828206924
    ],
    "stddev": [
      0.02058920274748762
    ]
  },
  "neg_ff": {
    "range": [
      1
    ],
    "results": [
      7.1344452711374124
    ],
    "stddev": [
      0.015288683013210779
    ]
  },
  "double_ff": {
    "range": [
      1
    ],
    "results": [
      4.342767967511016
    ],
    "stddev": [
      0.011489911529624768
    ]
  },
  "mul_ff": {
    "range": [
      1
    ],
    "results": [
      33.23901283757265
    ],
    "stddev": [
      0.012378105628675083
    ]
  },
  "square_ff": {
    "range": [
      1
    ],
    "results": [
      26.847532520241803
    ],
    "stddev": [
      0.01233690117438315
    ]
  },
  "inv_ff": {
    "range": [
      1
    ],
    "results": [
      5673.130872770326
    ],
    "stddev": [
      5.098242641092274
    ]
  },
  "ip_ff": {
    "range": [
      2
    ],
    "results": [
      71.0023693224616
    ],
    "stddev": [
      0.05798961074806589
    ]
  },
  "msm_G1": {
    "range": [
      2,
      4,
      8,
      16,
      32,
      64,
      128,
      256,
      512,
      1024,
      2048,
      4096,
      8192,
      16384,
      32768,
      65536,
      131072,
      262144,
      524288,
      1048576,
      2097152
    ],
    "results": [
      216002.8001766833,
      221085.19123976794,
      234461.98067991665,
      249138.97812991016,
      251681.08735479933,
      301860.736978206,
      410923.4002932837,
      615157.019148108,
      705419.1068396711,
      1027314.5396941091,
      1730732.7602846725,
      3113527.1752941175,
      5537731.865,
      10333617.481999997,
      20277311.71,
      39453670.305,
      77052039.45,
      161979253.85,
      315708990.07,
      616206286.21,
      1276115638.0
    ],
    "stddev": [
      2483.2509884548404,
      1844.6959325024486,
      2781.3841337709937,
      3149.7654024200915,
      3509.1881011339706,
      3850.9404151515128,
      3757.0508929808816,
      10250.228075887193,
      45004.392694675014,
      67557.74995012207,
      7775.43554181695,
      17580.771063519616,
      11836.010539183995,
      35478.01463632471,
      382910.65357120597,
      76084.27250532448,
      524668.7966021684,
      1384891.4770598118,
      367997.0800894283,
      6383628.813786862,
      2623847.15442371
    ]
  },
  "msm_ff": {
    "range": [
      1
    ],
    "results": [
      6947.465873264705
    ],
    "stddev": [
      22.375328777269978
    ]
  },
  "fft": {
    "range": [
      2,
      4,
      8,
      16,
      32,
      64,
      128,
      256,
      512,
      1024,
      2048,
      4096,
      8192,
      16384,
      32768,
      65536,
      131072,
      262144,
      524288,
      1048576,
      2097152
    ],
    "results": [
      135.7941247659916,
      17834.15119802918,
      41077.74128076307,
      68407.87681568867,
      89784.54665540268,
      89804.97900599206,
      81896.63185749875,
      123947.22684276111,
      266134.1834422153,
      362552.80357142864,
      491042.3294785197,
      688675.3777588385,
      965009.1318224417,
      1287411.5005682078,
      1812106.477970744,
      2693229.3273669463,
      4220335.951617965,
      7044717.751590353,
      13122294.244756235,
      33790245.41970899,
      80509778.14563492
    ],
    "stddev": [
      0.2207163287088306,
      472.14433279611853,
      688.7268233338816,
      1594.5077983897934,
      10860.817461173174,
      4507.967193935836,
      254.3036973929454,
      5719.368081347701,
      30519.444596580917,
      1435.308611647442,
      745.8619157696796,
      7576.601071711252,
      6711.250113140396,
      16042.029428411039,
      12124.510136396457,
      7214.973982172359,
      18341.64269719434,
      43222.70348078901,
      188548.22508307584,
      217426.5921376453,
      363197.4936828765
    ]
  }
}