{"add_ff": {"range": [1], "results": [7.013442837186724]}, "sub_ff": {"range": [1], "results": [8.855239193817239]}, "neg_ff": {"range": [1], "results": [5.340765686519615]}, "double_ff": {"range": [1], "results": [4.576183436495296]}, "mul_ff": {"range": [1], "results": [30.896094451452267]}, "square_ff": {"range": [1], "results": [24.724642568315097]}, "inv_ff": {"range": [1], "results": [5564.412568747976]}, "ip_ff": {"range": [2], "results": [66.9808327505242]}, "msm_G1": {"range": [2, 4, 8, 16, 32, 64, 128, 256, 512, 1024, 2048, 4096, 8192, 16384, 32768, 65536, 131072, 262144, 524288, 1048576, 2097152], "results": [266455.357508564, 275092.37236256717, 292757.1903715581, 381838.88957386813, 398940.4956194755, 472758.5724301207, 621386.9961002794, 803505.8291123695, 1033562.2311650247, 1514588.7631302746, 2585636.8884999994, 4725025.056363638, 8404646.601666665, 16133705.3375, 30983564.47, 60885545.14, 116426919.48, 248793942.19, 420037649.37, 782184121.3, 1562587180.4]}}