{
  "add_G1": {
    "range": [
      1
    ],
    "results": [
      503.4966934211993
    ],
    "stddev": [
      3.67381394618827
    ]
  },
  "sub_G1": {
    "range": [
      1
    ],
    "results": [
      510.6278701699554
    ],
    "stddev": [
      2.695481371086512
    ]
  },
  "double_G1": {
    "range": [
      1
    ],
    "results": [
      255.63708763082948
    ],
    "stddev": [
      0.5641770235645662
    ]
  },
  "mul_G1": {
    "range": [
      1
    ],
    "results": [
      133211.6194422179
    ],
    "stddev": [
      477.91267197527094
    ]
  },
  "add_ff": {
    "range": [
      1
    ],
    "results": [
      5.99495944515573
    ],
    "stddev": [
      0.030281048819175507
    ]
  },
  "sub_ff": {
    "range": [
      1
    ],
    "results": [
      8.715329652352874
    ],
    "stddev": [
      0.10083141738578612
    ]
  },
  "neg_ff": {
    "range": [
      1
    ],
    "results": [
      4.933361490576896
    ],
    "stddev": [
      0.02815937848957332
    ]
  },
  "double_ff": {
    "range": [
      1
    ],
    "results": [
      5.011784218421514
    ],
    "stddev": [
      0.005081460725639459
    ]
  },
  "mul_ff": {
    "range": [
      1
    ],
    "results": [
      33.952150060088115
    ],
    "stddev": [
      0.12359819403009441
    ]
  },
  "square_ff": {
    "range": [
      1
    ],
    "results": [
      28.569291611179278
    ],
    "stddev": [
      0.033030029406777926
    ]
  },
  "inv_ff": {
    "range": [
      1
    ],
    "results": [
      5890.056096814821
    ],
    "stddev": [
      5.4877300121277415
    ]
  },
  "ip_ff": {
    "range": [
      2
    ],
    "results": [
      75.5044167909246
    ],
    "stddev": [
      0.3824292687885282
    ]
  },
  "msm_G1": {
    "range": [
      2,
      4,
      8,
      16,
      32,
      64,
      128,
      256,
      512,
      1024,
      2048,
      4096,
      8192,
      16384,
      32768,
      65536,
      131072,
      262144,
      524288,
      1048576,
      2097152
    ],
    "results": [
      208753.51827865996,
      239547.18164420276,
      276637.0053925466,
      347624.4837884165,
      472784.2645122607,
      712497.8808891756,
      1009627.6995830255,
      1556831.9701375263,
      2471831.2876190483,
      4036465.1876923065,
      7434077.172857143,
      13872058.4975,
      25487580.24,
      41745795.45,
      83129707.55,
      162091845.73,
      300501692.46,
      603620156.91,
      1180782941.62,
      2286043803.18,
      3806583566.3
    ],
    "stddev": [
      5932.975848418014,
      2678.926782072344,
      3560.4554113529284,
      2301.990976846926,
      4002.5279848202094,
      3563.8227762541933,
      5205.723591841504,
      5508.500141249642,
      33724.79358008327,
      65727.14955374703,
      23424.967331193202,
      245205.47660445282,
      719999.7829689516,
      628820.9491605997,
      90267.59402802038,
      5087008.06135496,
      8327076.857544238,
      7183506.156338429,
      15617916.123258853,
      25973169.35265399,
      69586139.71050279
    ]
  },
  "msm_ff": {
    "range": [
      1
    ],
    "results": [
      6835.864018132073
    ],
    "stddev": [
      7.460701427683168
    ]
  },
  "fft": {
    "range": [
      2,
      4,
      8,
      16,
      32,
      64,
      128,
      256,
      512,
      1024,
      2048,
      4096,
      8192,
      16384,
      32768,
      65536,
      131072,
      262144,
      524288,
      1048576,
      2097152
    ],
    "results": [
      135.06689347126456,
      16075.642564278498,
      32940.73306293801,
      47072.463015123896,
      61036.64156541957,
      79880.15331363156,
      108904.88231712565,
      160363.54180597625,
      253670.70989524253,
      367833.6609826692,
      534829.2931669535,
      768144.7414199014,
      1185106.290376211,
      1998206.0588000347,
      3719005.098003174,
      7316633.449673383,
      14551340.917658728,
      28272805.8834127,
      58531483.16047619,
      140841549.2650397,
      331440163.65
    ],
    "stddev": [
      1.328012519233763,
      432.4178520042462,
      592.0282084767155,
      1474.6560156899016,
      1471.076203084571,
      1942.858660837146,
      1547.6310610575633,
      2114.912510905267,
      4290.826757229752,
      4470.2279499844535,
      1165.3689196431922,
      1450.2827186392674,
      3000.804945395503,
      8237.742476084892,
      11273.25759347764,
      13854.943552423674,
      73902.9706960543,
      137530.7367342392,
      1283427.649300136,
      1383869.0855726714,
      2035274.9760932925
    ]
  }
}