{
  "add_G1": {
    "range": [
      1
    ],
    "results": [
      1269.2121834592288
    ]
  },
  "sub_G1": {
    "range": [
      1
    ],
    "results": [
      1280.5974431224163
    ]
  },
  "double_G1": {
    "range": [
      1
    ],
    "results": [
      570.7434640301392
    ]
  },
  "mul_G1": {
    "range": [
      1
    ],
    "results": [
      302431.3749078998
    ]
  },
  "add_ff": {
    "range": [
      1
    ],
    "results": [
      21.166299475868364
    ]
  },
  "sub_ff": {
    "range": [
      1
    ],
    "results": [
      19.53715187420992
    ]
  },
  "neg_ff": {
    "range": [
      1
    ],
    "results": [
      11.502794848036125
    ]
  },
  "double_ff": {
    "range": [
      1
    ],
    "results": [
      6.479256478093563
    ]
  },
  "mul_ff": {
    "range": [
      1
    ],
    "results": [
      87.02727140237353
    ]
  },
  "square_ff": {
    "range": [
      1
    ],
    "results": [
      65.47472071882638
    ]
  },
  "inv_ff": {
    "range": [
      1
    ],
    "results": [
      5527.320965410053
    ]
  },
  "ip_ff": {
    "range": [
      2
    ],
    "results": [
      179.38298791013744
    ]
  }
}