{
  "add_G1": {
    "range": [
      1
    ],
    "results": [
      384.4258156666307
    ]
  },
  "sub_G1": {
    "range": [
      1
    ],
    "results": [
      386.23871253209103
    ]
  },
  "double_G1": {
    "range": [
      1
    ],
    "results": [
      174.72794458842316
    ]
  },
  "mul_G1": {
    "range": [
      1
    ],
    "results": [
      107546.66489940381
    ]
  },
  "add_ff": {
    "range": [
      1
    ],
    "results": [
      5.5606669550945425
    ]
  },
  "sub_ff": {
    "range": [
      1
    ],
    "results": [
      5.497718330137753
    ]
  },
  "neg_ff": {
    "range": [
      1
    ],
    "results": [
      4.202842118430721
    ]
  },
  "double_ff": {
    "range": [
      1
    ],
    "results": [
      3.581444921504978
    ]
  },
  "mul_ff": {
    "range": [
      1
    ],
    "results": [
      27.421466958222677
    ]
  },
  "square_ff": {
    "range": [
      1
    ],
    "results": [
      19.216151760324557
    ]
  },
  "inv_ff": {
    "range": [
      1
    ],
    "results": [
      4482.1969149435
    ]
  },
  "ip_ff": {
    "range": [
      2
    ],
    "results": [
      53.0467012632369
    ]
  }
}