{
  "add_ff": {
    "range": [
      1
    ],
    "results": [
      1.7787090706740247
    ],
    "stddev": [
      0.004684170556934945
    ]
  },
  "mul_ff": {
    "range": [
      1
    ],
    "results": [
      27.04179148445799
    ],
    "stddev": [
      0.02275691253230266
    ]
  },
  "pairing": {
    "range": [
      1,
      1,
      1
    ],
    "results": [
      1065.7726350085934,
      262944.1497532054,
      2096117.5045833332
    ],
    "stddev": [
      0.32226730901560025,
      81.4879173621037,
      578.4551128357283
    ]
  }
}