{
  "add_ff": {
    "range": [
      1
    ],
    "results": [
      2.2306858535647107
    ]
  },
  "mul_ff": {
    "range": [
      1
    ],
    "results": [
      86.7236864025627
    ]
  },
  "pairing": {
    "range": [
      1
    ],
    "results": [
      5389020.751999998
    ]
  }
}