{
  "add_ff": {
    "range": [
      1
    ],
    "results": [
      1.4997146426786205
    ],
    "stddev": [
      0.0007389177250009771
    ]
  },
  "mul_ff": {
    "range": [
      1
    ],
    "results": [
      19.773963575911576
    ],
    "stddev": [
      0.012681160366971868
    ]
  },
  "pairing": {
    "range": [
      1,
      1,
      1
    ],
    "results": [
      840.7793841956844,
      204120.92232214808,
      1385991.2415508858
    ],
    "stddev": [
      0.9261852786947508,
      159.79246829737838,
      762.1848879294296
    ]
  }
}