{
  "add_ff": {
    "range": [
      1
    ],
    "results": [
      2.5659836532768385
    ]
  },
  "mul_ff": {
    "range": [
      1
    ],
    "results": [
      27.70144897724862
    ]
  },
  "pairing": {
    "range": [
      1
    ],
    "results": [
      2359557.4822727274
    ]
  },
  "msm_G1": {
    "range": [
      1,
      2,
      4,
      8,
      16,
      32,
      64,
      128,
      256,
      512,
      1024,
      2048,
      4096,
      8192,
      16384,
      32768,
      65536,
      131072,
      262144,
      524288,
      1048576
    ],
    "results": [
      921974.694013724,
      1232954.0478907682,
      1571382.99645355,
      1974323.5262710121,
      2569810.7744999994,
      3575869.219285713,
      5462836.343999998,
      8240177.975714283,
      13635922.8775,
      23248160.743333325,
      39376540.77,
      68625330.21,
      124133076.28,
      221918711.08,
      406655225.38,
      745558294.97,
      1427193700.09,
      2717236897.42,
      5098467529.32,
      10000224183.67,
      19310125726.14
    ]
  },
  "msm_G2": {
    "range": [
      1,
      2,
      4,
      8,
      16,
      32,
      64,
      128,
      256,
      512,
      1024,
      2048,
      4096,
      8192,
      16384,
      32768,
      65536,
      131072,
      262144,
      524288,
      1048576
    ],
    "results": [
      2101103.4379166663,
      2795369.5133333327,
      3815137.480714285,
      5115338.05,
      7151203.97625,
      10929514.901999995,
      17628674.936666664,
      26818339.865,
      45259147.525,
      77731775.65,
      131297404.1,
      228627314.82,
      412432619.53,
      742439012.81,
      1353364966.94,
      2494612159.43,
      4701668701.0,
      8936879315.12,
      16691743198.76,
      31845493765.69,
      61441238712.7
    ]
  }
}