{
  "add_ff": {
    "range": [
      1
    ],
    "results": [
      2.2306858535647107
    ],
    "stddev": [
      0.007849925253640273
    ]
  },
  "mul_ff": {
    "range": [
      1
    ],
    "results": [
      86.7236864025627
    ],
    "stddev": [
      0.026823483501543524
    ]
  },
  "pairing": {
    "range": [
      1,
      1,
      1
    ],
    "results": [
      3304.6005255232144,
      794015.2474592859,
      5389020.751999998
    ],
    "stddev": [
      0.7972253448026408,
      229.82957285159048,
      895.2121189393972
    ]
  }
}