{
  "add_ff": {
    "range": [
      1
    ],
    "results": [
      1.7246494322252943
    ]
  },
  "mul_ff": {
    "range": [
      1
    ],
    "results": [
      23.02267967749473
    ]
  },
  "pairing": {
    "range": [
      1
    ],
    "results": [
      1857168.2190682453
    ]
  },
  "msm_G1": {
    "range": [
      1,
      2,
      4,
      8,
      16,
      32,
      64,
      128,
      256,
      512,
      1024,
      2048,
      4096,
      8192,
      16384,
      32768,
      65536,
      131072,
      262144,
      524288,
      1048576
    ],
    "results": [
      265443.34417388367,
      292095.2251406241,
      300705.1071855405,
      322890.94415904145,
      365105.2563760985,
      436088.78797703865,
      535794.5647607823,
      764919.8325708462,
      1012229.9765081491,
      1776563.7654283454,
      2818755.637777778,
      5427113.942142855,
      7291578.019999997,
      14371871.4425,
      26064571.495,
      51955514.95,
      104254463.56,
      198603358.03,
      402682590.84,
      819295215.91,
      1614434203.41
    ]
  },
  "msm_G2": {
    "range": [
      1,
      2,
      4,
      8,
      16,
      32,
      64,
      128,
      256,
      512,
      1024,
      2048,
      4096,
      8192,
      16384,
      32768,
      65536,
      131072,
      262144,
      524288,
      1048576
    ],
    "results": [
      680729.9064788066,
      771476.6465256059,
      827181.9533630225,
      906935.2514211263,
      1038473.7779063213,
      1252524.8967315492,
      1629952.9442239783,
      2254373.535652174,
      3135455.268125,
      5701573.211111111,
      9238574.455000004,
      12261909.755,
      23982233.700000003,
      47431299.565,
      85727477.01,
      171195644.04,
      343358547.03,
      651843255.82,
      1317422956.27,
      2689243121.05,
      5277939502.44
    ]
  }
}