{
  "add_ff": {
    "range": [
      1
    ],
    "results": [
      1.7246494322252943
    ],
    "stddev": [
      0.0035564154143250307
    ]
  },
  "mul_ff": {
    "range": [
      1
    ],
    "results": [
      23.02267967749473
    ],
    "stddev": [
      0.04843586238842575
    ]
  },
  "pairing": {
    "range": [
      1,
      1,
      1
    ],
    "results": [
      927.5947191614108,
      244453.7422299476,
      1857168.2190682453
    ],
    "stddev": [
      0.4895723528188111,
      264.2708886125231,
      3890.422802885306
    ]
  },
  "msm_G1": {
    "range": [
      1,
      2,
      4,
      8,
      16,
      32,
      64,
      128,
      256,
      512,
      1024,
      2048,
      4096,
      8192,
      16384,
      32768,
      65536,
      131072,
      262144,
      524288,
      1048576
    ],
    "results": [
      265443.34417388367,
      292095.2251406241,
      300705.1071855405,
      322890.94415904145,
      365105.2563760985,
      436088.78797703865,
      535794.5647607823,
      764919.8325708462,
      1012229.9765081491,
      1776563.7654283454,
      2818755.637777778,
      5427113.942142855,
      7291578.019999997,
      14371871.4425,
      26064571.495,
      51955514.95,
      104254463.56,
      198603358.03,
      402682590.84,
      819295215.91,
      1614434203.41
    ],
    "stddev": [
      2298.2760257045716,
      2869.252687501543,
      2512.6937504043153,
      2316.293521531381,
      4115.30863089033,
      8469.817006855808,
      39035.11725520082,
      1157.042135679246,
      31275.16897486173,
      51120.49758688851,
      8050.683580762569,
      12589.818823916796,
      25765.951846614338,
      14350.719682817957,
      44663.826004972696,
      30164.422495507846,
      153726.2508244002,
      68852.63463491504,
      327834.3075401573,
      3004367.6197152943,
      11695580.058581365
    ]
  },
  "msm_G2": {
    "range": [
      1,
      2,
      4,
      8,
      16,
      32,
      64,
      128,
      256,
      512,
      1024,
      2048,
      4096,
      8192,
      16384,
      32768,
      65536,
      131072,
      262144,
      524288,
      1048576
    ],
    "results": [
      680729.9064788066,
      771476.6465256059,
      827181.9533630225,
      906935.2514211263,
      1038473.7779063213,
      1252524.8967315492,
      1629952.9442239783,
      2254373.535652174,
      3135455.268125,
      5701573.211111111,
      9238574.455000004,
      12261909.755,
      23982233.700000003,
      47431299.565,
      85727477.01,
      171195644.04,
      343358547.03,
      651843255.82,
      1317422956.27,
      2689243121.05,
      5277939502.44
    ],
    "stddev": [
      2488.299200046775,
      2783.1779842617498,
      5369.304052257563,
      8961.267868116736,
      6561.4357619910525,
      49215.914750987926,
      32928.585711899934,
      13151.984549160488,
      3862.3432866498674,
      211019.6369689765,
      5231.528875898906,
      12439.132539237817,
      25816.573165980903,
      51723.12531458511,
      76135.99438957832,
      67326.60207628483,
      189072.67198775473,
      233040.96441563146,
      7536838.762242214,
      14017916.491088936,
      35463638.34451738
    ]
  }
}