{
  "add_ff": {
    "range": [
      1
    ],
    "results": [
      1.6122621447819967
    ],
    "stddev": [
      0.0029103248669378632
    ]
  },
  "mul_ff": {
    "range": [
      1
    ],
    "results": [
      23.70841540575709
    ],
    "stddev": [
      0.015309631868633492
    ]
  },
  "pairing": {
    "range": [
      1,
      1,
      1
    ],
    "results": [
      981.8474256782092,
      259161.9664947996,
      2074661.8631999993
    ],
    "stddev": [
      1.1623610297975422,
      162.4071956701912,
      366.2924821802416
    ]
  }
}