{
  "add_ff": {
    "range": [
      1
    ],
    "results": [
      1.8715573154413938
    ],
    "stddev": [
      0.0029019190750121564
    ]
  },
  "mul_ff": {
    "range": [
      1
    ],
    "results": [
      27.51841130150805
    ],
    "stddev": [
      0.02044302357446219
    ]
  },
  "pairing": {
    "range": [
      1,
      1,
      1
    ],
    "results": [
      1137.0799546037433,
      287658.25526042865,
      2375890.1381818177
    ],
    "stddev": [
      0.642044441817523,
      238.39922554166833,
      1818.0634581920458
    ]
  }
}