{
  "add_ff": {
    "range": [
      1
    ],
    "results": [
      1.416721913876801
    ],
    "stddev": [
      0.006469393859836031
    ]
  },
  "mul_ff": {
    "range": [
      1
    ],
    "results": [
      17.34696647026645
    ],
    "stddev": [
      0.10173676410008782
    ]
  },
  "pairing": {
    "range": [
      1,
      1,
      1
    ],
    "results": [
      680.4677341240733,
      168690.2225979773,
      1468063.3889175353
    ],
    "stddev": [
      2.7192087552389035,
      851.9625740628134,
      8255.044497957291
    ]
  }
}