{
  "add_ff": {
    "range": [
      1
    ],
    "results": [
      1.9289757963048069
    ]
  },
  "mul_ff": {
    "range": [
      1
    ],
    "results": [
      27.576686800275994
    ]
  },
  "pairing": {
    "range": [
      1
    ],
    "results": [
      2382276.62047619
    ]
  },
  "msm_G1": {
    "range": [
      1,
      2,
      4,
      8,
      16,
      32,
      64,
      128,
      256,
      512,
      1024,
      2048,
      4096,
      8192,
      16384,
      32768,
      65536,
      131072,
      262144,
      524288,
      1048576
    ],
    "results": [
      372052.59744179546,
      426000.65084859426,
      506972.6502023287,
      640132.1679300582,
      842478.848271166,
      1067102.904422158,
      1556896.5309073946,
      2235602.649130435,
      3665411.3207142865,
      6368156.4,
      10623148.628,
      17399322.09333333,
      33586932.165,
      60826757.6,
      110126653.83,
      189680306.84,
      387813374.87,
      741020827.24,
      1278160265.36,
      2682519633.79,
      5243649835.05
    ]
  },
  "msm_G2": {
    "range": [
      1,
      2,
      4,
      8,
      16,
      32,
      64,
      128,
      256,
      512,
      1024,
      2048,
      4096,
      8192,
      16384,
      32768,
      65536,
      131072,
      262144,
      524288,
      1048576
    ],
    "results": [
      1053491.8770293565,
      1348440.1095256852,
      1531435.8084172166,
      2040679.3875799654,
      2446367.453809524,
      3480174.624666667,
      4978369.933000001,
      7349833.607142857,
      12196536.429999996,
      20977640.59666667,
      35459770.45,
      58529024.1,
      111827329.2,
      202571418.88,
      367817952.16,
      633493931.33,
      1292487864.73,
      2461034349.41,
      4186640642.97,
      8483510918.16,
      16541249739.59
    ]
  }
}