{
  "add_ff": {
    "range": [
      1
    ],
    "results": [
      1.9289757963048069
    ],
    "stddev": [
      0.008102492452425463
    ]
  },
  "mul_ff": {
    "range": [
      1
    ],
    "results": [
      27.576686800275994
    ],
    "stddev": [
      0.02350121137466909
    ]
  },
  "pairing": {
    "range": [
      1,
      1,
      1
    ],
    "results": [
      1140.7823775127656,
      274898.3696870296,
      2382276.62047619
    ],
    "stddev": [
      5.644202246326028,
      227.48092943249407,
      913.9735107941204
    ]
  },
  "msm_G1": {
    "range": [
      1,
      2,
      4,
      8,
      16,
      32,
      64,
      128,
      256,
      512,
      1024,
      2048,
      4096,
      8192,
      16384,
      32768,
      65536,
      131072,
      262144,
      524288,
      1048576
    ],
    "results": [
      372052.59744179546,
      426000.65084859426,
      506972.6502023287,
      640132.1679300582,
      842478.848271166,
      1067102.904422158,
      1556896.5309073946,
      2235602.649130435,
      3665411.3207142865,
      6368156.4,
      10623148.628,
      17399322.09333333,
      33586932.165,
      60826757.6,
      110126653.83,
      189680306.84,
      387813374.87,
      741020827.24,
      1278160265.36,
      2682519633.79,
      5243649835.05
    ],
    "stddev": [
      7794.6846982044,
      2584.926540842617,
      12275.367201452098,
      47592.70052939689,
      73488.82225697742,
      22592.87262237758,
      24005.20457114597,
      41864.970467172316,
      123163.47240517396,
      438324.5036997953,
      16408.87349271785,
      26071.46354972454,
      992757.7041858478,
      2715194.5700440654,
      137609.31088128124,
      3190010.9194048373,
      2195220.654260458,
      1468976.1912776474,
      10395315.315687692,
      26212722.187757153,
      38524817.1654404
    ]
  },
  "msm_G2": {
    "range": [
      1,
      2,
      4,
      8,
      16,
      32,
      64,
      128,
      256,
      512,
      1024,
      2048,
      4096,
      8192,
      16384,
      32768,
      65536,
      131072,
      262144,
      524288,
      1048576
    ],
    "results": [
      1053491.8770293565,
      1348440.1095256852,
      1531435.8084172166,
      2040679.3875799654,
      2446367.453809524,
      3480174.624666667,
      4978369.933000001,
      7349833.607142857,
      12196536.429999996,
      20977640.59666667,
      35459770.45,
      58529024.1,
      111827329.2,
      202571418.88,
      367817952.16,
      633493931.33,
      1292487864.73,
      2461034349.41,
      4186640642.97,
      8483510918.16,
      16541249739.59
    ],
    "stddev": [
      33681.90278574863,
      53608.145269555345,
      6954.578087048723,
      160442.45947407314,
      166652.31566330747,
      237505.25020548078,
      141595.06480028256,
      13828.594382291698,
      157115.96871611843,
      31891.521462827415,
      52578.401169467856,
      2526079.596939744,
      899657.4796779829,
      213879.14378733985,
      340115.1343172109,
      3438522.4695210643,
      5185697.089631395,
      8155975.654559048,
      11577607.610972438,
      9007937.60976107,
      12013125.694119727
    ]
  }
}