{
  "add_ff": {
    "range": [
      1
    ],
    "results": [
      2.5659836532768385
    ],
    "stddev": [
      0.035067392990897873
    ]
  },
  "mul_ff": {
    "range": [
      1
    ],
    "results": [
      27.70144897724862
    ],
    "stddev": [
      1.2209359849946226
    ]
  },
  "pairing": {
    "range": [
      1,
      1,
      1
    ],
    "results": [
      1147.0036447287084,
      284613.2417058235,
      2359557.4822727274
    ],
    "stddev": [
      46.65293136051043,
      9730.600857528716,
      2602.197468891053
    ]
  },
  "msm_G1": {
    "range": [
      1,
      2,
      4,
      8,
      16,
      32,
      64,
      128,
      256,
      512,
      1024,
      2048,
      4096,
      8192,
      16384,
      32768,
      65536,
      131072,
      262144,
      524288,
      1048576
    ],
    "results": [
      921974.694013724,
      1232954.0478907682,
      1571382.99645355,
      1974323.5262710121,
      2569810.7744999994,
      3575869.219285713,
      5462836.343999998,
      8240177.975714283,
      13635922.8775,
      23248160.743333325,
      39376540.77,
      68625330.21,
      124133076.28,
      221918711.08,
      406655225.38,
      745558294.97,
      1427193700.09,
      2717236897.42,
      5098467529.32,
      10000224183.67,
      19310125726.14
    ],
    "stddev": [
      13571.96592167361,
      4794.9051842376975,
      21961.58504342939,
      123046.16486786903,
      16903.428999544005,
      2696.304249437804,
      4963.839369224559,
      7353.820078084525,
      9540.771761530548,
      14067.106284746118,
      32048.290032809866,
      907149.5863306043,
      4893350.489847269,
      235826.9126093407,
      812074.4333337775,
      1249164.833287068,
      11081109.148739181,
      11396858.964254731,
      55552915.276284434,
      176082896.72079384,
      519107896.9692311
    ]
  },
  "msm_G2": {
    "range": [
      1,
      2,
      4,
      8,
      16,
      32,
      64,
      128,
      256,
      512,
      1024,
      2048,
      4096,
      8192,
      16384,
      32768,
      65536,
      131072,
      262144,
      524288,
      1048576
    ],
    "results": [
      2101103.4379166663,
      2795369.5133333327,
      3815137.480714285,
      5115338.05,
      7151203.97625,
      10929514.901999995,
      17628674.936666664,
      26818339.865,
      45259147.525,
      77731775.65,
      131297404.1,
      228627314.82,
      412432619.53,
      742439012.81,
      1353364966.94,
      2494612159.43,
      4701668701.0,
      8936879315.12,
      16691743198.76,
      31845493765.69,
      61441238712.7
    ],
    "stddev": [
      1984.2346807300078,
      2363.767109921277,
      4510.614710504313,
      4978.584876478432,
      64917.054874178415,
      8383.496614778194,
      35230.385655147664,
      33417.44311746898,
      22408.88378181464,
      56815.36692522103,
      63378.039791318886,
      158232.20044184307,
      760397.9346914937,
      877755.2590485538,
      6310984.619256643,
      10095096.054238796,
      24445978.609843973,
      44828132.93238123,
      165592089.7618766,
      222757688.11491743,
      316554411.49351144
    ]
  }
}