{
  "add_ff": {
    "range": [
      1
    ],
    "results": [
      14.784300111349427
    ],
    "stddev": [
      0.11907081786908864
    ]
  },
  "mul_ff": {
    "range": [
      1
    ],
    "results": [
      25.798232350274194
    ],
    "stddev": [
      0.3654632456829285
    ]
  },
  "add_G1": {
    "range": [
      1
    ],
    "results": [
      598.4258255543805
    ],
    "stddev": [
      7.671336728832999
    ]
  },
  "add_G2": {
    "range": [
      1
    ],
    "results": [
      2172.4268575557785
    ],
    "stddev": [
      17.008372353987383
    ]
  },
  "mul_G1": {
    "range": [
      1
    ],
    "results": [
      145890.53825436486
    ],
    "stddev": [
      2029.567705144884
    ]
  },
  "mul_G2": {
    "range": [
      1
    ],
    "results": [
      523959.20565815474
    ],
    "stddev": [
      5695.651234029107
    ]
  }
}