{
  "add_ff": {
    "range": [
      1
    ],
    "results": [
      33.153097082161594
    ],
    "stddev": [
      0.05767002477351164
    ]
  },
  "mul_ff": {
    "range": [
      1
    ],
    "results": [
      144.81847538678616
    ],
    "stddev": [
      0.3261958913758933
    ]
  },
  "add_G1": {
    "range": [
      1
    ],
    "results": [
      3350.980859470181
    ],
    "stddev": [
      10.56941054870475
    ]
  },
  "add_G2": {
    "range": [
      1
    ],
    "results": [
      10305.273210577288
    ],
    "stddev": [
      19.24574694309012
    ]
  },
  "mul_G1": {
    "range": [
      1
    ],
    "results": [
      939006.0828740043
    ],
    "stddev": [
      11261.327076543279
    ]
  },
  "mul_G2": {
    "range": [
      1
    ],
    "results": [
      3002309.052941177
    ],
    "stddev": [
      29107.778225328602
    ]
  },
  "msm_G1": {
    "range": [
      2,
      4,
      8,
      16,
      32,
      64,
      128,
      256,
      512,
      1024,
      2048,
      4096,
      8192,
      16384,
      32768,
      65536,
      131072,
      262144,
      524288,
      1048576,
      2097152
    ],
    "results": [
      4958230.15,
      5098612.158999999,
      5212333.038,
      5302922.467000001,
      5489404.625,
      5795998.556666665,
      8477136.430000005,
      11430862.949999997,
      11963374.056000004,
      19627398.523333333,
      18067138.684517197,
      49519093.85144842,
      65383982.201507926,
      95284025.43757936,
      239264039.5,
      318277053.75,
      549801701.5,
      836284416.6,
      1912339900.7,
      3637593456.9,
      5479690098.9
    ],
    "stddev": [
      39478.252428495354,
      34973.68660124093,
      110459.52552634999,
      21307.292632312747,
      33514.42349361649,
      104564.11008560577,
      29960.641061521404,
      37114.20194525409,
      41725.39586989269,
      489167.17256322125,
      146041.89053661295,
      282209.70888744976,
      840978.3495170821,
      3162979.898432056,
      1944542.5193266126,
      6054814.557518241,
      3220757.9700002684,
      2910614.089178062,
      3732480.738083428,
      16753015.367367387,
      15288939.584909128
    ]
  },
  "msm_G2": {
    "range": [
      2,
      4,
      8,
      16,
      32,
      64,
      128,
      256,
      512,
      1024,
      2048,
      4096,
      8192,
      16384,
      32768,
      65536,
      131072,
      262144,
      524288,
      1048576,
      2097152
    ],
    "results": [
      12707522.451949406,
      13204439.329982992,
      13602335.159767574,
      14111698.086184809,
      14609139.639880951,
      15755036.50537037,
      32600809.87757937,
      33781741.91935186,
      37884937.39960318,
      44751222.57541006,
      136467258.10785717,
      155942990.13650793,
      197747058.43333334,
      327285609.1,
      422658726.2,
      1015089033.2,
      1245046301.8,
      3558326674.4,
      4446800379.8,
      8376940621.2,
      15648034822.1
    ],
    "stddev": [
      48203.95454400266,
      32903.73655213392,
      49915.03992319246,
      206100.1839505477,
      26213.51601085564,
      66189.9081454215,
      151842.57771018267,
      107136.87684077329,
      234640.19676213886,
      218511.22157851278,
      592974.9918382998,
      932832.5531816294,
      2121372.36442503,
      5359870.176478782,
      8848722.19251512,
      2450864.4482924305,
      2781633.7621649187,
      10511483.524554621,
      12561550.370562233,
      8836870.699176114,
      36026474.86952871
    ]
  },
  "pairing": {
    "range": [
      1
    ],
    "results": [
      14548177.682573697
    ],
    "stddev": [
      5557.803544369241
    ]
  },
  "fft": {
    "range": [
      2,
      4,
      8,
      16,
      32,
      64,
      128,
      256,
      512,
      1024,
      2048,
      4096,
      8192,
      16384,
      32768,
      65536,
      131072,
      262144,
      524288,
      1048576,
      2097152
    ],
    "results": [
      488.1152570794417,
      678.7327061159586,
      1118.360009489176,
      2896.87644096156,
      8222.254839590329,
      20629.44778816166,
      52239.23500029462,
      134617.0331334617,
      339581.36691523576,
      790285.8269085248,
      1801982.8396280736,
      1673350.854118326,
      1969393.256079027,
      2534836.5462279543,
      3763884.2274809526,
      6258868.774304233,
      11469405.016036706,
      22354589.946714286,
      45836586.985330686,
      104295811.05333333,
      212221860.23333335
    ],
    "stddev": [
      1.3206377529877105,
      6.292047589971694,
      3.6644260213834023,
      7.140705941003793,
      20.77295949846941,
      99.7636455573705,
      244.31898680578783,
      431.50067671081536,
      967.5713640774293,
      996.9946046013574,
      1217.5214656856065,
      10946.31310729229,
      25193.932859017135,
      11182.15480804249,
      38768.44175146943,
      49142.02283227519,
      97170.88976517916,
      186520.71736973018,
      701515.5898048907,
      3181723.1582087083,
      6162893.3989006085
    ]
  }
}