{
  "add_ff": {
    "range": [
      1
    ],
    "results": [
      28.459373165710804
    ],
    "stddev": [
      2.3549739869404407
    ]
  },
  "mul_ff": {
    "range": [
      1
    ],
    "results": [
      82.17331229617648
    ],
    "stddev": [
      2.3495150931866027
    ]
  },
  "add_G1": {
    "range": [
      1
    ],
    "results": [
      1877.35356814048
    ],
    "stddev": [
      14.98025956523886
    ]
  },
  "add_G2": {
    "range": [
      1
    ],
    "results": [
      6054.733951509224
    ],
    "stddev": [
      19.36570250099131
    ]
  },
  "mul_G1": {
    "range": [
      1
    ],
    "results": [
      575724.2353340985
    ],
    "stddev": [
      8206.042357094117
    ]
  },
  "mul_G2": {
    "range": [
      1
    ],
    "results": [
      2057243.9152000002
    ],
    "stddev": [
      21360.236185617254
    ]
  },
  "msm_G1": {
    "range": [
      2,
      4,
      8,
      16,
      32,
      64,
      128,
      256,
      512,
      1024,
      2048,
      4096,
      8192,
      16384,
      32768,
      65536,
      131072,
      262144,
      524288,
      1048576,
      2097152
    ],
    "results": [
      2858851.416666667,
      3006612.919999998,
      3168787.339375,
      3411916.941333332,
      3847166.7828571433,
      4676553.0272727255,
      6333433.9425,
      9019629.47333333,
      19106085.103333335,
      26678093.27,
      41308851.43406085,
      70224464.6635119,
      139266066.47039682,
      282333868.8,
      460429038.3,
      1247931804.4,
      1503394476.6,
      2779712256.3,
      5223177250.6,
      9857177187.4,
      19217769729.0
    ],
    "stddev": [
      15260.0919605996,
      16913.543550505492,
      16232.507076952137,
      17230.792769768093,
      23623.262299703758,
      28519.58226506194,
      38711.51369701921,
      63311.29062933897,
      172335.65997447295,
      167157.1149105449,
      134837.60927978667,
      192764.47394991003,
      5349883.421507215,
      425878.652720009,
      523900.60693094257,
      6584899.466305225,
      908436.8930838509,
      2374017.499041616,
      14740603.325850224,
      20258166.374617774,
      42092742.9038589
    ]
  },
  "msm_G2": {
    "range": [
      2,
      4,
      8,
      16,
      32,
      64,
      128,
      256,
      512,
      1024,
      2048,
      4096,
      8192,
      16384,
      32768,
      65536,
      131072,
      262144,
      524288,
      1048576,
      2097152
    ],
    "results": [
      8211633.49845238,
      8759476.469852094,
      9342354.470630951,
      10174986.689805998,
      11666344.948655754,
      14282655.996575963,
      19541876.713285714,
      29080219.082876988,
      62827740.31595238,
      88213230.8746627,
      181081817.6721032,
      271677556.85,
      449175067.85,
      817618465.2,
      1490213612.4,
      2794042825.3,
      5138820116.8,
      9620338392.6,
      18142534500.5,
      35093803248.3,
      65970381265.6
    ],
    "stddev": [
      39083.04599081733,
      41993.9657526363,
      44730.45194920607,
      26048.29574381243,
      65932.02881579519,
      62649.901451933656,
      61117.15735618716,
      581571.5056617167,
      156720.55994380658,
      282583.60828214657,
      676715.0525515942,
      564164.8010799703,
      1210062.0464538182,
      2621243.8352117036,
      1203163.3951799897,
      2406515.617570268,
      6670004.135137051,
      14977455.923636224,
      8487772.030862624,
      18275737.40278045,
      34781632.32382379
    ]
  },
  "pairing": {
    "range": [
      1
    ],
    "results": [
      10607971.098064374
    ],
    "stddev": [
      5389.8361040986165
    ]
  },
  "fft": {
    "range": [
      2,
      4,
      8,
      16,
      32,
      64,
      128,
      256,
      512,
      1024,
      2048,
      4096,
      8192,
      16384,
      32768,
      65536,
      131072,
      262144,
      524288,
      1048576,
      2097152
    ],
    "results": [
      400.7406103913556,
      553.3078425967581,
      908.4984955722775,
      2118.034984562688,
      5932.994605922953,
      12317.545708549,
      30635.343260250764,
      95523.53062433307,
      246341.77807539687,
      583704.4189054233,
      1304950.4808004533,
      1500547.9940619308,
      2408648.81235348,
      4322631.873156565,
      8430197.512420636,
      17065698.147228837,
      35578364.24624338,
      75232176.1741865,
      164817683.01670632,
      363853162.1,
      788130936.3
    ],
    "stddev": [
      4.090850241896102,
      3.515963404799167,
      9.237655131824111,
      12.409291872572508,
      19.680156557876504,
      23.5183237740203,
      195.24015704327303,
      469.37354064003785,
      719.4154280836761,
      939.3637591724006,
      1054.687625109153,
      7004.452021718692,
      12831.528785146114,
      61091.973333760856,
      66562.22068995638,
      270693.6212408511,
      440692.1480575076,
      773445.9709073807,
      3968779.971197847,
      2142973.7280974397,
      9183110.69843716
    ]
  }
}