{
  "add_ff": {
    "range": [
      1
    ],
    "results": [
      22.063011627965437
    ],
    "stddev": [
      3.214167848913082
    ]
  },
  "mul_ff": {
    "range": [
      1
    ],
    "results": [
      66.62356519302136
    ],
    "stddev": [
      1.220560283310748
    ]
  },
  "add_G1": {
    "range": [
      1
    ],
    "results": [
      1590.080342217092
    ],
    "stddev": [
      19.57223921495085
    ]
  },
  "add_G2": {
    "range": [
      1
    ],
    "results": [
      5115.415634914881
    ],
    "stddev": [
      101.64516803785243
    ]
  },
  "mul_G1": {
    "range": [
      1
    ],
    "results": [
      448568.8543443206
    ],
    "stddev": [
      9049.005994917716
    ]
  },
  "mul_G2": {
    "range": [
      1
    ],
    "results": [
      1719542.4652203855
    ],
    "stddev": [
      19422.118918965818
    ]
  },
  "msm_G1": {
    "range": [
      2,
      4,
      8,
      16,
      32,
      64,
      128,
      256,
      512,
      1024,
      2048,
      4096,
      8192,
      16384,
      32768,
      65536,
      131072,
      262144,
      524288,
      1048576,
      2097152
    ],
    "results": [
      2201056.869565218,
      2263749.290434783,
      2335895.9449999994,
      2455921.519523809,
      2664835.9342105268,
      3051488.305882352,
      3763349.476428571,
      5233656.143000001,
      8369705.6083333315,
      12481139.508000005,
      15846496.811640209,
      24754504.07110119,
      40444682.75160053,
      69219871.96793652,
      126842028.26900795,
      230960530.16666666,
      418590899.25,
      797055620.5,
      1381842635.6,
      2528641571.7,
      4746229286.2
    ],
    "stddev": [
      27216.387371984692,
      24378.217051908036,
      28682.489798942075,
      27275.080785560018,
      26245.23308350808,
      32061.12572417867,
      28488.45754456667,
      78933.94502014994,
      495726.0731518142,
      262009.3397595749,
      56286.322032220014,
      220552.187703254,
      320321.5866087432,
      738624.9130665787,
      4368378.543488614,
      4098700.176794627,
      3219118.6152359177,
      3134396.502848778,
      4096277.9069792666,
      7825450.5374434125,
      7315228.040229406
    ]
  },
  "msm_G2": {
    "range": [
      2,
      4,
      8,
      16,
      32,
      64,
      128,
      256,
      512,
      1024,
      2048,
      4096,
      8192,
      16384,
      32768,
      65536,
      131072,
      262144,
      524288,
      1048576,
      2097152
    ],
    "results": [
      4266093.211468254,
      4505552.793794407,
      4720124.5846289685,
      5082700.9226036165,
      5792137.251326886,
      7033772.95059829,
      9416946.374615079,
      14260710.193526078,
      25601965.652658727,
      37869600.835462965,
      48840091.912281744,
      79931619.52847221,
      145756233.3311905,
      237295055.3333333,
      421940167.15,
      718862473.2,
      1306265532.2,
      2387448837.6,
      4391633809.0,
      8027495207.5,
      14663954634.7
    ],
    "stddev": [
      13791.4711905899,
      14232.149839197145,
      8363.000445414755,
      8320.557514156062,
      31345.507144717252,
      27043.08419207999,
      95791.5342032867,
      95432.9368162156,
      91299.20235249295,
      429399.3241233241,
      305829.24826855876,
      728456.3416818168,
      1086158.536914404,
      4591628.092357643,
      11859507.02926763,
      12356014.659507027,
      12830560.871982904,
      5911159.511331634,
      28001557.735127874,
      39580306.90949081,
      20933539.744897287
    ]
  },
  "pairing": {
    "range": [
      1
    ],
    "results": [
      9127513.371599207
    ],
    "stddev": [
      6314.800395799378
    ]
  },
  "fft": {
    "range": [
      2,
      4,
      8,
      16,
      32,
      64,
      128,
      256,
      512,
      1024,
      2048,
      4096,
      8192,
      16384,
      32768,
      65536,
      131072,
      262144,
      524288,
      1048576,
      2097152
    ],
    "results": [
      280.2207553636707,
      402.73481735641485,
      690.6426111456216,
      1622.6759645248605,
      4708.291276789653,
      10205.450282299586,
      24250.401650473817,
      57616.97838216566,
      193753.6636018237,
      496468.796980892,
      1144317.437875992,
      1569471.6525554187,
      1800831.9282819792,
      2275255.437144841,
      3351877.5829946147,
      5571358.462717087,
      9890467.402480159,
      20414650.642126985,
      42640247.298756614,
      105923714.70428571,
      226780320.1666667
    ],
    "stddev": [
      1.900129055508911,
      2.1066826697471397,
      5.4172290966585,
      16.827835526664572,
      27.31130265755102,
      43.609746104127886,
      35.3111675155441,
      409.9801667595063,
      892.2288425846527,
      721.4525382677906,
      2009.1583555923512,
      13959.457091715574,
      6659.347014360359,
      8628.202316262994,
      19006.24415651134,
      22830.53644830504,
      49857.99793915959,
      272195.9827360788,
      1253643.3988647312,
      3240246.825107218,
      3448519.1300079897
    ]
  }
}