{
  "add_G1": {
    "range": [
      1
    ],
    "results": [
      686.3441428930505
    ],
    "stddev": [
      0.34285855401861265
    ]
  },
  "sub_G1": {
    "range": [
      1
    ],
    "results": [
      705.0921329437489
    ],
    "stddev": [
      0.29344314631429097
    ]
  },
  "double_G1": {
    "range": [
      1
    ],
    "results": [
      470.76378412816064
    ],
    "stddev": [
      0.37051681322227914
    ]
  },
  "mul_G1": {
    "range": [
      1
    ],
    "results": [
      241928.67125813407
    ],
    "stddev": [
      479.85849706327167
    ]
  },
  "add_G2": {
    "range": [
      1
    ],
    "results": [
      6852.0290404234
    ],
    "stddev": [
      4.714960077179277
    ]
  },
  "sub_G2": {
    "range": [
      1
    ],
    "results": [
      6898.862301468817
    ],
    "stddev": [
      3.2909289141929805
    ]
  },
  "double_G2": {
    "range": [
      1
    ],
    "results": [
      3734.213325348232
    ],
    "stddev": [
      3.340716595577467
    ]
  },
  "mul_G2": {
    "range": [
      1
    ],
    "results": [
      2076054.0370833331
    ],
    "stddev": [
      382.41063997462066
    ]
  },
  "add_ff": {
    "range": [
      1
    ],
    "results": [
      8.426935793522475
    ],
    "stddev": [
      0.054818382672077996
    ]
  },
  "sub_ff": {
    "range": [
      1
    ],
    "results": [
      10.915055882164886
    ],
    "stddev": [
      0.019959463486648437
    ]
  },
  "neg_ff": {
    "range": [
      1
    ],
    "results": [
      12.814429574172188
    ],
    "stddev": [
      0.007658239119182918
    ]
  },
  "double_ff": {
    "range": [
      1
    ],
    "results": [
      3.8399519414813135
    ],
    "stddev": [
      0.009259710291461332
    ]
  },
  "mul_ff": {
    "range": [
      1
    ],
    "results": [
      44.01358311028474
    ],
    "stddev": [
      0.041239642445233975
    ]
  },
  "square_ff": {
    "range": [
      1
    ],
    "results": [
      36.350378981726585
    ],
    "stddev": [
      0.058010381517372665
    ]
  },
  "inv_ff": {
    "range": [
      1
    ],
    "results": [
      7625.146091307886
    ],
    "stddev": [
      6.056303346041466
    ]
  },
  "ip_ff": {
    "range": [
      2
    ],
    "results": [
      64.35320638061137
    ],
    "stddev": [
      0.05084469870279001
    ]
  },
  "msm_G1": {
    "range": [
      2,
      4,
      8,
      16,
      32,
      64,
      128,
      256,
      512,
      1024,
      2048,
      4096,
      8192,
      16384,
      32768,
      65536,
      131072,
      262144,
      524288,
      1048576,
      2097152
    ],
    "results": [
      694180.8159110326,
      731126.9610519101,
      778086.9714339755,
      800939.6226326108,
      838911.670249917,
      958082.0774001814,
      1123177.4673685988,
      1335438.2936295678,
      1813319.6908071293,
      2682314.5431578956,
      4086627.5346153826,
      6847676.6575,
      11589203.575999998,
      21787032.033333335,
      40935101.785,
      79797740.5,
      153410705.93,
      286468164.82,
      511979062.22,
      928989336.67,
      1842569766.2
    ],
    "stddev": [
      18557.09326269375,
      14441.937689038372,
      13428.208223490012,
      14818.509500774884,
      18010.45218150578,
      23319.177878593095,
      51771.125247988624,
      45801.186019260014,
      62314.9786548103,
      33919.45264708897,
      30376.569882204392,
      99009.73504660037,
      86675.4408427267,
      301055.90810689965,
      2213699.2157820924,
      8087862.659414039,
      23684354.986540943,
      44000407.34325852,
      44163515.98510334,
      57421109.90818296,
      72997136.97763722
    ]
  },
  "msm_G2": {
    "range": [
      2,
      4,
      8,
      16,
      32,
      64,
      128,
      256,
      512,
      1024,
      2048,
      4096,
      8192,
      16384,
      32768,
      65536,
      131072,
      262144,
      524288,
      1048576,
      2097152
    ],
    "results": [
      2412016.6083302004,
      2445507.2768159984,
      2492701.805337838,
      2605939.1212993194,
      2798207.871456229,
      3321621.6540249432,
      3904286.6961193783,
      5457153.32519141,
      8776072.455703463,
      13582801.951819727,
      24679387.671468254,
      45515749.07438492,
      80685125.56498018,
      146810943.2427381,
      252491973.06666666,
      410748018.25,
      733157754.8,
      1452585892.0,
      2922781786.3,
      5634737714.0,
      11200021518.8
    ],
    "stddev": [
      11447.822984271314,
      6503.738716944095,
      5904.914212316801,
      8661.834571858079,
      14992.312017283555,
      20142.340018199913,
      22219.150591374146,
      18293.89994521731,
      29548.20241205743,
      14602.437402096297,
      140043.898021014,
      2862929.2483058455,
      2031724.3684702602,
      13723446.808164345,
      32801671.88759563,
      35939952.15281923,
      38615601.161408834,
      35286713.21534799,
      49833652.38670458,
      46840256.80181557,
      32902737.677721243
    ]
  },
  "mul_Gt": {
    "range": [
      1
    ],
    "results": [
      441822.7334498521
    ],
    "stddev": [
      5786.883001617472
    ]
  },
  "msm_Gt": {
    "range": [
      2,
      4,
      8,
      16,
      32,
      64,
      128,
      256,
      512,
      1024,
      2048,
      4096,
      8192,
      16384,
      32768,
      65536,
      131072,
      262144
    ],
    "results": [
      3126227.3730502645,
      5320235.209801586,
      9745946.798706349,
      18977331.081190474,
      36592150.62293651,
      71747702.77789682,
      142857661.11888885,
      283675749.25,
      588516147.5,
      1173393506.6,
      2351096811.2,
      4701407293.0,
      9392463793.7,
      18777199089.5,
      37498898107.0,
      75013160367.4,
      149945180718.1,
      299804116560.0
    ],
    "stddev": [
      2060.304767211204,
      3356.629104484295,
      11718.351552668402,
      52056.459196254276,
      32149.652930889737,
      34542.10210612503,
      52091.42075752303,
      242669.59180738428,
      1441024.75015263,
      5349977.571779123,
      2358651.751695608,
      2595000.742479354,
      4354752.383641326,
      8954018.296552395,
      20991017.230799288,
      31271963.589506347,
      38752798.96027099,
      207953344.3327233
    ]
  },
  "pairing": {
    "range": [
      1
    ],
    "results": [
      1980935.2904761904
    ],
    "stddev": [
      612.3398942068743
    ]
  },
  "msm_ff": {
    "range": [
      1
    ],
    "results": [
      6370.296398674388
    ],
    "stddev": [
      5.572007041277373
    ]
  },
  "fft": {
    "range": [
      2,
      4,
      8,
      16,
      32,
      64,
      128,
      256,
      512,
      1024,
      2048,
      4096,
      8192,
      16384,
      32768,
      65536,
      131072,
      262144,
      524288,
      1048576,
      2097152
    ],
    "results": [
      159.8813829168565,
      37651.82253899892,
      123684.09109385785,
      264607.1704153904,
      425569.21995825844,
      615257.357572662,
      738920.9709787249,
      719628.6716633344,
      1004695.865611193,
      1371925.3470915032,
      1839725.635069841,
      2597947.6608582763,
      3591042.455077839,
      4800800.302180452,
      6531705.842624717,
      9129786.134626985,
      13357775.048310658,
      102767809.90365079,
      207038299.7,
      424264820.5,
      904175370.7
    ],