{
  "add_G1": {
    "range": [
      1
    ],
    "results": [
      550.9677662139347
    ],
    "stddev": [
      1.2613363635281694
    ]
  },
  "sub_G1": {
    "range": [
      1
    ],
    "results": [
      568.4695986885681
    ],
    "stddev": [
      0.7676467334093809
    ]
  },
  "double_G1": {
    "range": [
      1
    ],
    "results": [
      357.7850430512046
    ],
    "stddev": [
      0.5363802088268614
    ]
  },
  "mul_G1": {
    "range": [
      1
    ],
    "results": [
      203901.98815637166
    ],
    "stddev": [
      509.1183273100877
    ]
  },
  "add_G2": {
    "range": [
      1
    ],
    "results": [
      5686.170126234846
    ],
    "stddev": [
      21.1620568172157
    ]
  },
  "sub_G2": {
    "range": [
      1
    ],
    "results": [
      5727.360634343658
    ],
    "stddev": [
      35.00079496207273
    ]
  },
  "double_G2": {
    "range": [
      1
    ],
    "results": [
      3101.207233514703
    ],
    "stddev": [
      16.57239875551314
    ]
  },
  "mul_G2": {
    "range": [
      1
    ],
    "results": [
      1751628.4642955295
    ],
    "stddev": [
      7181.450283499939
    ]
  },
  "add_ff": {
    "range": [
      1
    ],
    "results": [
      4.3050494231454115
    ],
    "stddev": [
      0.004778241935566347
    ]
  },
  "sub_ff": {
    "range": [
      1
    ],
    "results": [
      9.973006501613863
    ],
    "stddev": [
      0.09477522638662599
    ]
  },
  "neg_ff": {
    "range": [
      1
    ],
    "results": [
      12.01893810444109
    ],
    "stddev": [
      0.009672000717267372
    ]
  },
  "double_ff": {
    "range": [
      1
    ],
    "results": [
      3.5582335433785
    ],
    "stddev": [
      0.0023763573489944323
    ]
  },
  "mul_ff": {
    "range": [
      1
    ],
    "results": [
      37.23198703428274
    ],
    "stddev": [
      0.05561831159653642
    ]
  },
  "square_ff": {
    "range": [
      1
    ],
    "results": [
      33.086032628909585
    ],
    "stddev": [
      0.10754962208161736
    ]
  },
  "inv_ff": {
    "range": [
      1
    ],
    "results": [
      7296.249045241269
    ],
    "stddev": [
      11.333069635673969
    ]
  },
  "ip_ff": {
    "range": [
      2
    ],
    "results": [
      53.6800383366263
    ],
    "stddev": [
      0.04390041914143196
    ]
  },
  "msm_G1": {
    "range": [
      2,
      4,
      8,
      16,
      32,
      64,
      128,
      256,
      512,
      1024,
      2048,
      4096,
      8192,
      16384,
      32768,
      65536,
      131072,
      262144,
      524288,
      1048576,
      2097152
    ],
    "results": [
      289340.80475344753,
      304051.20785675145,
      339015.8422851033,
      404021.3324204154,
      371392.24544860213,
      458870.5738974801,
      637988.0272275051,
      907693.5821689974,
      1387331.6919495966,
      2259424.6734782606,
      3902150.8153846143,
      4980276.9,
      8507677.051666668,
      15012586.785,
      24359824.545,
      36719725.17,
      78830038.11,
      166546259.28,
      320731191.79,
      610162644.52,
      1228687621.1
    ],
    "stddev": [
      12181.206649119233,
      15394.368167271847,
      29243.460981478598,
      31499.103484757576,
      25746.519838554963,
      17994.927926996388,
      36656.207354969956,
      30182.550371690882,
      39775.231305297115,
      26641.607234131905,
      27567.64320812379,
      115139.7411102726,
      271684.5354609405,
      533627.6012897126,
      887235.678156819,
      256811.6209841391,
      242652.54492586287,
      354637.15588418196,
      1526200.0937551425,
      2490414.78013238,
      2328898.1187313218
    ]
  },
  "msm_G2": {
    "range": [
      2,
      4,
      8,
      16,
      32,
      64,
      128,
      256,
      512,
      1024,
      2048,
      4096,
      8192,
      16384,
      32768,
      65536,
      131072,
      262144,
      524288,
      1048576
    ],
    "results": [
      1497555.2456680976,
      1561053.812241727,
      1690644.925585137,
      1970429.7053250596,
      1884177.6780401687,
      2312337.724758928,
      2923892.1984383,
      4470477.418972032,
      7527354.8955982905,
      11804095.503219245,
      21800857.45899206,
      23244848.942361113,
      40067493.97884921,
      76330724.27289683,
      146715512.52753967,
      291314583.65,
      552511836.2,
      1111602499.0,
      2252028893.8,
      4371565691.0
    ],
    "stddev": [
      18933.919307360917,
      23279.47940396633,
      35148.938387229355,
      14497.494946425515,
      28840.09506968571,
      9443.32019688967,
      24879.611225568457,
      17851.795100931296,
      13837.481785707478,
      43355.90219742787,
      60455.17760265631,
      639707.0049177542,
      543551.4528760533,
      1268993.2713958172,
      1676841.1937306963,
      3842889.1802396155,
      405114.4306125863,
      866578.3223428797,
      1304977.6975452723,
      2876895.386734248
    ]
  }
}