{
  "add_G1": {
    "range": [
      1
    ],
    "results": [
      771.4687753694976
    ],
    "stddev": [
      1.1426855466831227
    ]
  },
  "sub_G1": {
    "range": [
      1
    ],
    "results": [
      791.2625572160329
    ],
    "stddev": [
      0.5474411083986237
    ]
  },
  "double_G1": {
    "range": [
      1
    ],
    "results": [
      532.2542961449068
    ],
    "stddev": [
      2.4239311417120493
    ]
  },
  "mul_G1": {
    "range": [
      1
    ],
    "results": [
      273958.56507707183
    ],
    "stddev": [
      575.0073974908988
    ]
  },
  "add_G2": {
    "range": [
      1
    ],
    "results": [
      7812.07109194855
    ],
    "stddev": [
      9.365084172177374
    ]
  },
  "sub_G2": {
    "range": [
      1
    ],
    "results": [
      7854.410459449627
    ],
    "stddev": [
      6.908574410013133
    ]
  },
  "double_G2": {
    "range": [
      1
    ],
    "results": [
      4154.987376814097
    ],
    "stddev": [
      2.766043171856249
    ]
  },
  "mul_G2": {
    "range": [
      1
    ],
    "results": [
      2336660.6340909074
    ],
    "stddev": [
      1682.9007287739998
    ]
  },
  "add_ff": {
    "range": [
      1
    ],
    "results": [
      7.393798126805217
    ],
    "stddev": [
      0.029436203393956598
    ]
  },
  "sub_ff": {
    "range": [
      1
    ],
    "results": [
      10.27573593692455
    ],
    "stddev": [
      0.02428735867613253
    ]
  },
  "neg_ff": {
    "range": [
      1
    ],
    "results": [
      14.376350540476462
    ],
    "stddev": [
      0.04297038151263965
    ]
  },
  "double_ff": {
    "range": [
      1
    ],
    "results": [
      4.771571187787519
    ],
    "stddev": [
      0.02314260645065636
    ]
  },
  "mul_ff": {
    "range": [
      1
    ],
    "results": [
      49.2849979475691
    ],
    "stddev": [
      0.04432206247941753
    ]
  },
  "square_ff": {
    "range": [
      1
    ],
    "results": [
      41.897342557444354
    ],
    "stddev": [
      0.16878858224689594
    ]
  },
  "inv_ff": {
    "range": [
      1
    ],
    "results": [
      8469.916565083793
    ],
    "stddev": [
      31.552090505575173
    ]
  },
  "ip_ff": {
    "range": [
      2
    ],
    "results": [
      82.1269735694827
    ],
    "stddev": [
      0.4131974437019204
    ]
  }
}