{
  "add_G1": {
    "range": [
      1
    ],
    "results": [
      607.7112166738557
    ],
    "stddev": [
      0.5610984336547798
    ]
  },
  "sub_G1": {
    "range": [
      1
    ],
    "results": [
      630.098318109204
    ],
    "stddev": [
      0.53242586254525
    ]
  },
  "double_G1": {
    "range": [
      1
    ],
    "results": [
      418.490645385565
    ],
    "stddev": [
      0.7555052228535252
    ]
  },
  "mul_G1": {
    "range": [
      1
    ],
    "results": [
      230676.5878403775
    ],
    "stddev": [
      1136.8023861303552
    ]
  },
  "add_G2": {
    "range": [
      1
    ],
    "results": [
      6518.4891137216
    ],
    "stddev": [
      8.288012229012896
    ]
  },
  "sub_G2": {
    "range": [
      1
    ],
    "results": [
      6561.663196711829
    ],
    "stddev": [
      8.303202886424241
    ]
  },
  "double_G2": {
    "range": [
      1
    ],
    "results": [
      3546.0675102583205
    ],
    "stddev": [
      5.383400413088015
    ]
  },
  "mul_G2": {
    "range": [
      1
    ],
    "results": [
      1993968.6512
    ],
    "stddev": [
      527.8356630340326
    ]
  },
  "add_ff": {
    "range": [
      1
    ],
    "results": [
      5.508373863775602
    ],
    "stddev": [
      0.011043823218603102
    ]
  },
  "sub_ff": {
    "range": [
      1
    ],
    "results": [
      9.873196336094347
    ],
    "stddev": [
      0.006237526222700687
    ]
  },
  "neg_ff": {
    "range": [
      1
    ],
    "results": [
      12.819428362051505
    ],
    "stddev": [
      0.011572732373671471
    ]
  },
  "double_ff": {
    "range": [
      1
    ],
    "results": [
      3.7115249426724466
    ],
    "stddev": [
      0.0020898581957537786
    ]
  },
  "mul_ff": {
    "range": [
      1
    ],
    "results": [
      41.03249713908525
    ],
    "stddev": [
      0.05611963108923513
    ]
  },
  "square_ff": {
    "range": [
      1
    ],
    "results": [
      32.95906739928766
    ],
    "stddev": [
      0.025739122587253593
    ]
  },
  "inv_ff": {
    "range": [
      1
    ],
    "results": [
      6342.189472956101
    ],
    "stddev": [
      15.853677925472907
    ]
  },
  "ip_ff": {
    "range": [
      2
    ],
    "results": [
      62.804063840958435
    ],
    "stddev": [
      0.15765445614358498
    ]
  }
}