{
  "add_G1": {
    "range": [
      1
    ],
    "results": [
      611.1680991368895
    ],
    "stddev": [
      0.5021742621052875
    ]
  },
  "sub_G1": {
    "range": [
      1
    ],
    "results": [
      635.7511250998828
    ],
    "stddev": [
      0.4555779803880668
    ]
  },
  "double_G1": {
    "range": [
      1
    ],
    "results": [
      414.0180460712838
    ],
    "stddev": [
      0.6075247030475379
    ]
  },
  "mul_G1": {
    "range": [
      1
    ],
    "results": [
      231303.63157952102
    ],
    "stddev": [
      291.41030465967737
    ]
  },
  "add_G2": {
    "range": [
      1
    ],
    "results": [
      6520.081432010626
    ],
    "stddev": [
      11.461162962297555
    ]
  },
  "sub_G2": {
    "range": [
      1
    ],
    "results": [
      6557.065989686211
    ],
    "stddev": [
      9.843302645400396
    ]
  },
  "double_G2": {
    "range": [
      1
    ],
    "results": [
      3505.1749932795983
    ],
    "stddev": [
      6.161061304644714
    ]
  },
  "mul_G2": {
    "range": [
      1
    ],
    "results": [
      1981854.8823076922
    ],
    "stddev": [
      646.2593649378158
    ]
  },
  "add_ff": {
    "range": [
      1
    ],
    "results": [
      5.509527477461779
    ],
    "stddev": [
      0.0069261735028046285
    ]
  },
  "sub_ff": {
    "range": [
      1
    ],
    "results": [
      9.86990848342017
    ],
    "stddev": [
      0.004957481953718959
    ]
  },
  "neg_ff": {
    "range": [
      1
    ],
    "results": [
      12.781491901889183
    ],
    "stddev": [
      0.012854395761891103
    ]
  },
  "double_ff": {
    "range": [
      1
    ],
    "results": [
      3.662021392429885
    ],
    "stddev": [
      0.004744773303822048
    ]
  },
  "mul_ff": {
    "range": [
      1
    ],
    "results": [
      40.76979034755812
    ],
    "stddev": [
      0.048613295029964095
    ]
  },
  "square_ff": {
    "range": [
      1
    ],
    "results": [
      32.93150220268401
    ],
    "stddev": [
      0.028314390628537155
    ]
  },
  "inv_ff": {
    "range": [
      1
    ],
    "results": [
      6483.403639397633
    ],
    "stddev": [
      14.586930369004524
    ]
  },
  "ip_ff": {
    "range": [
      2
    ],
    "results": [
      62.8741961276862
    ],
    "stddev": [
      0.15176126199794657
    ]
  },
  "msm_G1": {
    "range": [
      2,
      4,
      8,
      16,
      32,
      64,
      128,
      256,
      512,
      1024,
      2048,
      4096,
      8192,
      16384,
      32768,
      65536,
      131072,
      262144,
      524288,
      1048576,
      2097152
    ],
    "results": [
      388408.59924351133,
      398609.21797964635,
      470548.7145676369,
      576111.7840279406,
      615616.6228543537,
      704757.2210023846,
      921711.6816677786,
      1289315.9913168822,
      1830788.284061951,
      2751294.7594736842,
      4601000.79090909,
      6186865.093333334,
      10785338.290000003,
      20769799.77000001,
      40412579.35,
      80111789.21,
      152189249.28,
      326649977.02,
      606230642.96,
      1110639239.63,
      2241979235.0
    ],
    "stddev": [
      4046.5875647478556,
      3215.0625627381696,
      3523.3670421234638,
      6358.755382595677,
      5908.463116832266,
      9656.843562716615,
      4732.469809406693,
      12927.465312299431,
      35956.14403708468,
      69421.88214733255,
      60552.53413318875,
      89669.94801462117,
      264796.95539478003,
      824840.2173719234,
      637244.8467847641,
      196887.46231100115,
      2066523.5770702744,
      4133710.820168348,
      11165081.07177268,
      11612412.282250363,
      12758268.665599953
    ]
  },
  "msm_G2": {
    "range": [
      2,
      4,
      8,
      16,
      32,
      64,
      128,
      256,
      512,
      1024,
      2048,
      4096,
      8192,
      16384,
      32768,
      65536,
      131072,
      262144,
      524288,
      1048576,
      2097152
    ],
    "results": [
      1982289.134728261,
      2123521.794473976,
      2333133.6026902725,
      2705820.802975023,
      2795276.9810305433,
      3793844.654095569,
      5005956.968890978,
      8055171.692175927,
      12696157.48565476,
      20227645.164579365,
      35251643.237209,
      46503869.10603174,
      82843652.85875,
      163973702.5188889,
      325598563.65,
      609809695.2,
      1060814102.3,
      2032664115.3,
      3974887705.5,
      7670780657.2,
      15356383516.6
    ],
    "stddev": [
      2497.065812456579,
      2306.5690990703583,
      4611.133141336161,
      2969.8849144317337,
      6935.4057191234815,
      4208.669119767755,
      3500.513257686656,
      79336.91582122313,
      326354.76010021224,
      309727.2038188086,
      354684.90136411675,
      228278.70659996165,
      185216.08078277152,
      785246.3746147506,
      134478.38757251107,
      21652759.59276196,
      24295008.312774688,
      11703183.893368496,
      9194544.511753654,
      7893596.025717947,
      50636332.16243994
    ]
  },
  "mul_Gt": {
    "range": [
      1
    ],
    "results": [
      393903.07225670625
    ],
    "stddev": [
      5657.604862880944
    ]
  },
  "msm_Gt": {
    "range": [
      2,
      4,
      8,
      16,
      32,
      64,
      128,
      256,
      512,
      1024,
      2048,
      4096,
      8192,
      16384,
      32768,
      65536,
      131072,
      262144
    ],
    "results": [
      2954146.039863031,
      5157607.031362434,
      9610613.602202382,
      18855394.939317457,
      36112791.97390212,
      71800411.38628969,
      143077014.27186507,
      285744909.5,
      571482425.3,
      1166979411.8,
      2348521486.7,
      4697451495.1,
      9387130076.0,
      18759275909.9,
      37502455417.6,
      75003049745.8,
      149969575893.2,
      299970247035.3
    ],
    "stddev": [
      2315.6944438842193,
      5909.538459050224,
      21126.827888842123,
      10719.400246704201,
      25765.271387342673,
      28892.549769305053,
      40570.616490911685,
      138560.9753725774,
      384443.6711087985,
      6362171.0135468505,
      523987.147599643,
      2548545.4649510747,
      2855094.59011424,
      3049128.0917178094,
      3178158.4734368487,
      11428288.58562727,
      12687625.588809947,
      74097255.72990608
    ]
  },
  "pairing": {
    "range": [
      1
    ],
    "results": [
      1890502.7445691607
    ],
    "stddev": [
      1167.9545382824704
    ]
  },
  "msm_ff": {
    "range": [
      1
    ],
    "results": [
      5419.79023210099
    ],
    "stddev": [
      11.804368154661498
    ]
  },
  "fft": {
    "range": [
      2,
      4,
      8,
      16,
      32,
      64,
      128,
      256,
      512,
      1024,
      2048,
      4096,
      8192,
      16384,
      32768,
      65536,
      131072,
      262144,
      524288,
      1048576,
      2097152
    ],
    "results": [
      141.85116378928097,
      21148.136475046475,
      76909.12210963611,
      179142.12269989686,
      316515.22636243387,
      410061.1237287287,
      399796.4648748874,
      475284.9824196015,
      610568.8359741931,
      703575.8162172388,
      918476.0398873657,
      1202430.853061821,
      1447902.915097002,
      1842283.8249706351,
      2551861.5405092593,
      4120343.3545117327,
      6957174.577837301,
      94097570.59611112,
      205171571.13333333,
      419704243.35,
      877512639.5
    ],