{
  "add_G1": {
    "range": [
      1
    ],
    "results": [
      474.47161320470246
    ],
    "stddev": [
      8.95841827131184
    ]
  },
  "sub_G1": {
    "range": [
      1
    ],
    "results": [
      501.7234345915018
    ],
    "stddev": [
      9.612968299615655
    ]
  },
  "double_G1": {
    "range": [
      1
    ],
    "results": [
      323.43498945965865
    ],
    "stddev": [
      5.079119869495165
    ]
  },
  "mul_G1": {
    "range": [
      1
    ],
    "results": [
      179591.80018550064
    ],
    "stddev": [
      2295.2733852830256
    ]
  },
  "add_G2": {
    "range": [
      1
    ],
    "results": [
      5133.769335215054
    ],
    "stddev": [
      76.78259141659771
    ]
  },
  "sub_G2": {
    "range": [
      1
    ],
    "results": [
      5051.966555331563
    ],
    "stddev": [
      105.3288210148134
    ]
  },
  "double_G2": {
    "range": [
      1
    ],
    "results": [
      2785.9544039806938
    ],
    "stddev": [
      52.25740156679997
    ]
  },
  "mul_G2": {
    "range": [
      1
    ],
    "results": [
      1564350.666203104
    ],
    "stddev": [
      28969.465754482957
    ]
  },
  "add_ff": {
    "range": [
      1
    ],
    "results": [
      4.7882995825346395
    ],
    "stddev": [
      0.07227982792980196
    ]
  },
  "sub_ff": {
    "range": [
      1
    ],
    "results": [
      8.477372674074731
    ],
    "stddev": [
      0.16995975265744848
    ]
  },
  "neg_ff": {
    "range": [
      1
    ],
    "results": [
      12.410528962169737
    ],
    "stddev": [
      0.06368120682664818
    ]
  },
  "double_ff": {
    "range": [
      1
    ],
    "results": [
      4.01240150981692
    ],
    "stddev": [
      0.066309655843989
    ]
  },
  "mul_ff": {
    "range": [
      1
    ],
    "results": [
      31.354435369111613
    ],
    "stddev": [
      0.3894527855563577
    ]
  },
  "square_ff": {
    "range": [
      1
    ],
    "results": [
      26.88400126623368
    ],
    "stddev": [
      0.4452173546150454
    ]
  },
  "inv_ff": {
    "range": [
      1
    ],
    "results": [
      7304.667381823196
    ],
    "stddev": [
      131.59753151115183
    ]
  },
  "ip_ff": {
    "range": [
      2
    ],
    "results": [
      47.86306978979194
    ],
    "stddev": [
      0.6500360606593825
    ]
  },
  "msm_G1": {
    "range": [
      2,
      4,
      8,
      16,
      32,
      64,
      128,
      256,
      512,
      1024,
      2048,
      4096,
      8192,
      16384,
      32768,
      65536,
      131072,
      262144,
      524288,
      1048576,
      2097152
    ],
    "results": [
      414548.3367803581,
      449367.0021413887,
      547287.9933969226,
      522238.23988690967,
      591012.7661509395,
      815761.2253426517,
      1225466.0802054657,
      1490041.616564636,
      2114603.829599999,
      3131148.8364705867,
      4449304.869166666,
      5811708.720000002,
      9613913.466666665,
      17459211.633333333,
      33007540.5,
      64131445.44,
      127018838.81,
      268195986.46,
      528224937.67,
      964338869.68,
      1816919086.9
    ],
    "stddev": [
      73857.61538836706,
      91479.7010877072,
      107383.17558626755,
      109192.90379039996,
      105694.61543461964,
      197409.49397738432,
      203764.46528015236,
      218478.34807842897,
      203693.9879033451,
      198243.24583336365,
      180190.737971273,
      208938.39798351369,
      212133.42259729822,
      446338.34568607376,
      575409.9898477562,
      770848.0154916055,
      1553841.9812346923,
      2324763.19986339,
      9366624.13140795,
      37731374.0821558,
      45571049.6881505
    ]
  },
  "msm_G2": {
    "range": [
      2,
      4,
      8,
      16,
      32,
      64,
      128,
      256,
      512,
      1024,
      2048,
      4096,
      8192,
      16384,
      32768,
      65536,
      131072,
      262144,
      524288,
      1048576,
      2097152
    ],
    "results": [
      1919793.4046808865,
      2018594.7701595929,
      2239287.3981581493,
      2671455.45080839,
      2826110.8832424474,
      3645370.4586666664,
      4594301.204714285,
      7291540.981523199,
      12068877.86232639,
      19093129.09984127,
      29022229.36282738,
      37719521.39398148,
      67386766.04496032,
      131301586.24623017,
      266784511.4,
      513449112.6,
      992537394.7,
      1833325741.9,
      3426855512.2,
      6384952889.3,
      13100827583.7
    ],
    "stddev": [
      54349.54244476135,
      53407.375143686295,
      21258.30217841455,
      83677.85322313386,
      104330.33095972225,
      103411.19836837897,
      77516.18137185296,
      67233.14986438205,
      205504.64791053618,
      316199.2782775272,
      541645.0166112406,
      501421.7106555105,
      1490854.8798482523,
      1592320.7476172557,
      7029104.197671606,
      4003575.2997114016,
      30576851.43053646,
      91022886.81743327,
      95024358.80118991,
      89498046.89459893,
      79428470.88409162
    ]
  },
  "mul_Gt": {
    "range": [
      1
    ],
    "results": [
      291970.62700017693
    ],
    "stddev": [
      4025.563039290315
    ]
  },
  "msm_Gt": {
    "range": [
      2,
      4,
      8,
      16,
      32,
      64,
      128,
      256,
      512,
      1024,
      2048,
      4096,
      8192,
      16384,
      32768,
      65536,
      131072,
      262144
    ],
    "results": [
      2886320.2737834817,
      4637849.155777778,
      8311295.447012986,
      15219636.771739418,
      28745033.35145833,
      56119204.8144246,
      110633605.07035713,
      220906625.5,
      453688889.35,
      906491173.9,
      1808539562.1,
      3612831307.8,
      7265473530.7,
      14443969635.5,
      28987875798.8,
      58243311740.5,
      115565325391.9,
      229026968323.6
    ],
    "stddev": [
      9438.114658803437,
      20262.78137782172,
      57823.49750917191,
      58991.53439657204,
      70360.03433695022,
      191023.22544115383,
      529019.0628866348,
      653020.481036172,
      1162585.815251869,
      4850250.088358011,
      5322517.235645657,
      7480699.347745153,
      42187133.80705132,
      64151717.105115816,
      169435220.31417394,
      290565937.0975123,
      322330418.46503544,
      1408941936.4474616
    ]
  },
  "pairing": {
    "range": [
      1
    ],
    "results": [
      1420723.1382967033
    ],
    "stddev": [
      2271.8621040188436
    ]
  },
  "msm_ff": {
    "range": [
      1
    ],
    "results": [
      3997.010429685459
    ],
    "stddev": [
      6.153143495952385
    ]
  },
  "fft": {
    "range": [
      2,
      4,
      8,
      16,
      32,
      64,
      128,
      256,
      512,
      1024,
      2048,
      4096,
      8192,
      16384,
      32768,
      65536,
      131072,
      262144,
      524288,
      1048576,
      2097152
    ],
    "results": [
      97.52155265063726,
      20348.36112826866,
      38256.080100925974,
      64206.086764274034,
      86095.30368172936,
      103171.02136553811,
      122414.04602783213,
      180343.37840766934,
      290855.8195759823,
      695898.9366967707,
      779118.7629044445,
      1190513.6622947284,
      1560557.6489783428,
      2038847.1638104464,
      2859276.559812748,
      4039420.2847808823,
      6506646.029787415,
      71424907.74529763,
      154875724.05591267,
      309165320.95,
      650176081.2
    ],
    "stddev": [
      0.38347250593836446,
      1860.7914665783885,
      2041.9117655466919,
      2912.6595042318395,
      4355.319132421463,
      3425.948564694654,
      6754.8794761205445,
      7465.937747806112,
      6633.207084928974,
      133311.2511088694,
      75200.87108337623,
      142162.90244601626,
      196018.0142990109,
      235460.64925490943,
      163114.12780737184,
      66288.91736037683,
      137935.71213381854,
      600281.8684652025,
      1064610.3009453781,
      4324870.188397997,
      6363359.921621797
    ]
  }
}