{
  "add_G1": {
    "range": [
      1
    ],
    "results": [
      739.6533506750401
    ],
    "stddev": [
      0.2775043185414236
    ]
  },
  "sub_G1": {
    "range": [
      1
    ],
    "results": [
      749.7910644339524
    ],
    "stddev": [
      0.4643630029149742
    ]
  },
  "double_G1": {
    "range": [
      1
    ],
    "results": [
      518.8852618590244
    ],
    "stddev": [
      0.6212628808184825
    ]
  },
  "mul_G1": {
    "range": [
      1
    ],
    "results": [
      268149.91259207693
    ],
    "stddev": [
      373.53689501072535
    ]
  },
  "add_G2": {
    "range": [
      1
    ],
    "results": [
      7570.138298246002
    ],
    "stddev": [
      4.075533813403842
    ]
  },
  "sub_G2": {
    "range": [
      1
    ],
    "results": [
      7605.849516856037
    ],
    "stddev": [
      3.789571428301199
    ]
  },
  "double_G2": {
    "range": [
      1
    ],
    "results": [
      4134.172184151156
    ],
    "stddev": [
      2.6491898743810056
    ]
  },
  "mul_G2": {
    "range": [
      1
    ],
    "results": [
      2318063.323636364
    ],
    "stddev": [
      446.4909656050607
    ]
  },
  "add_ff": {
    "range": [
      1
    ],
    "results": [
      6.249238219223968
    ],
    "stddev": [
      0.00810677100341888
    ]
  },
  "sub_ff": {
    "range": [
      1
    ],
    "results": [
      13.380188973872514
    ],
    "stddev": [
      0.030548083863699216
    ]
  },
  "neg_ff": {
    "range": [
      1
    ],
    "results": [
      8.225320123290636
    ],
    "stddev": [
      0.005118795657958059
    ]
  },
  "double_ff": {
    "range": [
      1
    ],
    "results": [
      4.701195302714787
    ],
    "stddev": [
      0.006668442426767069
    ]
  },
  "mul_ff": {
    "range": [
      1
    ],
    "results": [
      50.03287530115999
    ],
    "stddev": [
      0.01958856196841123
    ]
  },
  "square_ff": {
    "range": [
      1
    ],
    "results": [
      45.520708784614136
    ],
    "stddev": [
      0.19972783713961503
    ]
  },
  "inv_ff": {
    "range": [
      1
    ],
    "results": [
      7995.077401676942
    ],
    "stddev": [
      8.86172086199915
    ]
  },
  "ip_ff": {
    "range": [
      2
    ],
    "results": [
      72.62016332861431
    ],
    "stddev": [
      0.031881746216940295
    ]
  },
  "msm_G1": {
    "range": [
      2,
      4,
      8,
      16,
      32,
      64,
      128,
      256,
      512,
      1024,
      2048,
      4096,
      8192,
      16384,
      32768,
      65536,
      131072,
      262144,
      524288,
      1048576,
      2097152
    ],
    "results": [
      350926.9030374933,
      390808.9002452918,
      405137.9337631581,
      385608.9288637265,
      383478.0294779736,
      458178.5792760998,
      554586.4041677532,
      836955.3187486742,
      1313536.9751587186,
      1997387.3511538461,
      3551427.6760000004,
      3976475.065384616,
      7016575.205,
      13438757.025,
      25855457.795,
      49531631.415,
      97885665.37,
      203456997.92,
      405778687.68,
      785951333.12,
      1652336960.0
    ],
    "stddev": [
      21559.913317821392,
      11538.166569040442,
      10450.460371435542,
      4365.304217677313,
      18660.395476739355,
      4438.034392312832,
      8559.12994023287,
      3784.7685761062476,
      11114.891170093046,
      5773.694360447181,
      12658.35114710361,
      36552.62192309151,
      62571.95467475205,
      169866.81662651,
      420604.22347763635,
      89783.9946822109,
      105966.53103538448,
      186256.4570954618,
      664622.8099668846,
      859135.7418359718,
      2817692.906580737
    ]
  },
  "msm_G2": {
    "range": [
      2,
      4,
      8,
      16,
      32,
      64,
      128,
      256,
      512,
      1024,
      2048,
      4096,
      8192,
      16384,
      32768,
      65536,
      131072,
      262144,
      524288,
      1048576,
      2097152
    ],
    "results": [
      2138112.7895441125,
      2199050.6947911945,
      2291667.6729682544,
      2497293.7567310166,
      2398427.227678571,
      2945492.543983615,
      3631454.3278113557,
      5621800.122091504,
      9566162.016043652,
      15042605.926853742,
      28354461.51897818,
      28915855.338015873,
      51731724.23904762,
      100703166.42174605,
      197955874.20000002,
      394249218.25,
      750649932.9,
      1514291968.9,
      3037637798.0,
      5910515079.2,
      11832558372.4
    ],
    "stddev": [
      10728.862895880404,
      4177.051982620363,
      6946.133349668752,
      6764.650044718369,
      6391.3581027841465,
      8234.30903584296,
      3916.163417142638,
      6516.587247865941,
      4715.989061811266,
      8635.924747257162,
      18541.4038785354,
      216760.12340461306,
      1078017.9397781752,
      1743223.7161765927,
      79445.18886911085,
      125469.32411255948,
      252775.05783500476,
      385452.6069356517,
      298453.31734460586,
      597743.232337063,
      1149663.9130893168
    ]
  },
  "mul_Gt": {
    "range": [
      1
    ],
    "results": [
      476547.8838053245
    ],
    "stddev": [
      6249.746883349261
    ]
  },
  "msm_Gt": {
    "range": [
      2,
      4,
      8,
      16,
      32,
      64,
      128,
      256,
      512,
      1024,
      2048,
      4096,
      8192,
      16384,
      32768,
      65536,
      131072,
      262144
    ],
    "results": [
      3388529.5951410932,
      5856376.329399802,
      10782658.518787477,
      20626428.393095236,
      40131825.64058201,
      79801755.77535713,
      159109153.32007933,
      317756013.7,
      649034364.2,
      1295346824.4,
      2588691760.2,
      5168216622.4,
      10326799618.4,
      20632438924.0,
      41254537690.3,
      82460639149.9,
      164887747513.6,
      329724565503.1
    ],
    "stddev": [
      6520.059450846073,
      9499.294619582757,
      7081.772874667222,
      9675.186223703115,
      28279.053673458613,
      27087.188810061794,
      28333.87565139027,
      48742.33453693001,
      257912.75940356267,
      2914354.3951527653,
      2506039.5534075596,
      463644.976271759,
      951354.6351619043,
      1572340.4632910774,
      2098443.9086740464,
      7898183.610403311,
      15532645.470145086,
      11993046.36685134
    ]
  },
  "pairing": {
    "range": [
      1
    ],
    "results": [
      2172518.595226757
    ],
    "stddev": [
      2500.837879851351
    ]
  },
  "msm_ff": {
    "range": [
      1
    ],
    "results": [
      6893.317125858931
    ],
    "stddev": [
      10.115852628257445
    ]
  },
  "fft": {
    "range": [
      2,
      4,
      8,
      16,
      32,
      64,
      128,
      256,
      512,
      1024,
      2048,
      4096,
      8192,
      16384,
      32768,
      65536,
      131072,
      262144,
      524288,
      1048576,
      2097152
    ],
    "results": [
      179.81457273104087,
      18494.19733816573,
      38087.605159363164,
      67359.19997428873,
      98808.6555711203,
      87727.70048476258,
      90355.0080109566,
      163501.68205338615,
      295949.09501782234,
      394079.6424187288,
      548484.9600105182,
      740831.4371249675,
      1063307.4801619982,
      1439816.4281913445,
      2042340.6687486772,
      3145477.2870799126,
      5096388.049922839,
      58148483.20763888,
      124571323.19472222,
      252693324.25,
      530085841.4
    ],