{
  "add_G1": {
    "range": [
      1
    ],
    "results": [
      771.4687753694976
    ]
  },
  "sub_G1": {
    "range": [
      1
    ],
    "results": [
      791.2625572160329
    ]
  },
  "double_G1": {
    "range": [
      1
    ],
    "results": [
      532.2542961449068
    ]
  },
  "mul_G1": {
    "range": [
      1
    ],
    "results": [
      273958.56507707183
    ]
  },
  "add_G2": {
    "range": [
      1
    ],
    "results": [
      7812.07109194855
    ]
  },
  "sub_G2": {
    "range": [
      1
    ],
    "results": [
      7854.410459449627
    ]
  },
  "double_G2": {
    "range": [
      1
    ],
    "results": [
      4154.987376814097
    ]
  },
  "mul_G2": {
    "range": [
      1
    ],
    "results": [
      2336660.6340909074
    ]
  },
  "add_ff": {
    "range": [
      1
    ],
    "results": [
      7.393798126805217
    ]
  },
  "sub_ff": {
    "range": [
      1
    ],
    "results": [
      10.27573593692455
    ]
  },
  "neg_ff": {
    "range": [
      1
    ],
    "results": [
      14.376350540476462
    ]
  },
  "double_ff": {
    "range": [
      1
    ],
    "results": [
      4.771571187787519
    ]
  },
  "mul_ff": {
    "range": [
      1
    ],
    "results": [
      49.2849979475691
    ]
  },
  "square_ff": {
    "range": [
      1
    ],
    "results": [
      41.897342557444354
    ]
  },
  "inv_ff": {
    "range": [
      1
    ],
    "results": [
      8469.916565083793
    ]
  },
  "ip_ff": {
    "range": [
      2
    ],
    "results": [
      82.1269735694827
    ]
  }
}