{
  "add_G1": {
    "range": [
      1
    ],
    "results": [
      2286.818301704841
    ],
    "stddev": [
      1.202839870150466
    ]
  },
  "sub_G1": {
    "range": [
      1
    ],
    "results": [
      2298.7841620403956
    ],
    "stddev": [
      0.9197741292704865
    ]
  },
  "double_G1": {
    "range": [
      1
    ],
    "results": [
      1426.269308775804
    ],
    "stddev": [
      0.4942914748073467
    ]
  },
  "mul_G1": {
    "range": [
      1
    ],
    "results": [
      761862.1674020984
    ],
    "stddev": [
      1049.7833757212998
    ]
  },
  "add_G2": {
    "range": [
      1
    ],
    "results": [
      21510.57945806131
    ],
    "stddev": [
      11.416267989848164
    ]
  },
  "sub_G2": {
    "range": [
      1
    ],
    "results": [
      21570.364396360335
    ],
    "stddev": [
      15.641362536172215
    ]
  },
  "double_G2": {
    "range": [
      1
    ],
    "results": [
      11259.026706813742
    ],
    "stddev": [
      7.059282435134779
    ]
  },
  "mul_G2": {
    "range": [
      1
    ],
    "results": [
      6441645.235
    ],
    "stddev": [
      984.6288631827224
    ]
  },
  "add_ff": {
    "range": [
      1
    ],
    "results": [
      26.20252429461865
    ],
    "stddev": [
      0.09976388161941266
    ]
  },
  "sub_ff": {
    "range": [
      1
    ],
    "results": [
      26.21242868766382
    ],
    "stddev": [
      0.11342744498703242
    ]
  },
  "neg_ff": {
    "range": [
      1
    ],
    "results": [
      13.30425018098942
    ],
    "stddev": [
      0.016466988236153376
    ]
  },
  "double_ff": {
    "range": [
      1
    ],
    "results": [
      8.077779215799582
    ],
    "stddev": [
      0.0025957756843356713
    ]
  },
  "mul_ff": {
    "range": [
      1
    ],
    "results": [
      160.99450835424292
    ],
    "stddev": [
      0.09656548629269349
    ]
  },
  "square_ff": {
    "range": [
      1
    ],
    "results": [
      127.10441746878261
    ],
    "stddev": [
      0.06463215992450189
    ]
  },
  "inv_ff": {
    "range": [
      1
    ],
    "results": [
      7740.242661197849
    ],
    "stddev": [
      5.059198748102806
    ]
  },
  "ip_ff": {
    "range": [
      2
    ],
    "results": [
      228.98950786981186
    ],
    "stddev": [
      0.0710043906187426
    ]
  }
}