{
  "add_G1": {
    "range": [
      1
    ],
    "results": [
      803.2571981369395
    ],
    "stddev": [
      0.9961505291354527
    ]
  },
  "sub_G1": {
    "range": [
      1
    ],
    "results": [
      824.4222031242488
    ],
    "stddev": [
      6.7163480206092885
    ]
  },
  "double_G1": {
    "range": [
      1
    ],
    "results": [
      547.6288591548312
    ],
    "stddev": [
      0.5571945276805969
    ]
  },
  "mul_G1": {
    "range": [
      1
    ],
    "results": [
      281938.2767210255
    ],
    "stddev": [
      1170.5702205423509
    ]
  },
  "add_G2": {
    "range": [
      1
    ],
    "results": [
      7902.531317332547
    ],
    "stddev": [
      10.372748854387678
    ]
  },
  "sub_G2": {
    "range": [
      1
    ],
    "results": [
      7948.34286311272
    ],
    "stddev": [
      29.911567767885895
    ]
  },
  "double_G2": {
    "range": [
      1
    ],
    "results": [
      4299.465469242773
    ],
    "stddev": [
      3.4422054963255775
    ]
  },
  "mul_G2": {
    "range": [
      1
    ],
    "results": [
      2406430.8057142864
    ],
    "stddev": [
      1425.9951262773864
    ]
  },
  "add_ff": {
    "range": [
      1
    ],
    "results": [
      9.789412362933195
    ],
    "stddev": [
      0.058939495183253206
    ]
  },
  "sub_ff": {
    "range": [
      1
    ],
    "results": [
      12.66395842896332
    ],
    "stddev": [
      0.0351098666748353
    ]
  },
  "neg_ff": {
    "range": [
      1
    ],
    "results": [
      14.544677822630858
    ],
    "stddev": [
      0.02935991242703021
    ]
  },
  "double_ff": {
    "range": [
      1
    ],
    "results": [
      4.475304780126235
    ],
    "stddev": [
      0.00694331873467854
    ]
  },
  "mul_ff": {
    "range": [
      1
    ],
    "results": [
      50.96450529760511
    ],
    "stddev": [
      0.044294129007393816
    ]
  },
  "square_ff": {
    "range": [
      1
    ],
    "results": [
      42.1658341242642
    ],
    "stddev": [
      0.03910861878827629
    ]
  },
  "inv_ff": {
    "range": [
      1
    ],
    "results": [
      8955.524009078343
    ],
    "stddev": [
      10.06705115639004
    ]
  },
  "ip_ff": {
    "range": [
      2
    ],
    "results": [
      75.12644775373542
    ],
    "stddev": [
      0.35951677263164916
    ]
  },
  "msm_G1": {
    "range": [
      2,
      4,
      8,
      16,
      32,
      64,
      128,
      256,
      512,
      1024,
      2048,
      4096,
      8192,
      16384,
      32768,
      65536,
      131072,
      262144,
      524288,
      1048576,
      2097152
    ],
    "results": [
      377047.48485177674,
      423628.09727263695,
      489690.2826695655,
      608766.1801382599,
      828263.9541269871,
      1246256.716071045,
      1754008.4060025676,
      2794917.948333334,
      4566978.714545456,
      7496651.905714287,
      13586173.61,
      23373090.40000001,
      42112086.97,
      83426097.56,
      148118496.65,
      256072543.59,
      486713360.75,
      992789080.46,
      1803305331.07,
      3483082970.28,
      7181226609.0
    ],
    "stddev": [
      9458.827470936918,
      3540.76025861507,
      4109.557932538193,
      3953.0856922234034,
      4618.672772783178,
      6876.554499532157,
      8225.714986870786,
      18852.37308665275,
      10881.432791246587,
      21118.788575774237,
      168216.66637537107,
      38045.33154625465,
      35594.2369908262,
      1158858.25966863,
      936724.3475408053,
      549765.7207027389,
      896742.9687846833,
      11296999.073956411,
      21165337.656420015,
      39671618.42822084,
      90553644.40811044
    ]
  },
  "msm_G2": {
    "range": [
      2,
      4,
      8,
      16,
      32,
      64,
      128,
      256,
      512,
      1024,
      2048,
      4096,
      8192,
      16384,
      32768,
      65536,
      131072,
      262144,
      524288,
      1048576,
      2097152
    ],
    "results": [
      2547378.912214506,
      2937024.669738863,
      3535838.7087515267,
      4522582.458414587,
      6277524.152880952,
      9547134.631591268,
      13827390.742817461,
      22923842.771994047,
      38825363.702632286,
      64321804.76795635,
      117019509.10293648,
      202772318.2,
      365628841.25,
      671601764.4,
      1290354029.0,
      2170206184.1,
      4116657798.3,
      7897273595.3,
      14430050859.0,
      28050352014.0,
      56159880509.6
    ],
    "stddev": [
      32176.498445406767,
      20062.073231255417,
      26372.427098096374,
      23956.925735307414,
      17094.124580507505,
      24364.08353437638,
      63638.68172247227,
      198365.81491354786,
      16868.16283503138,
      38932.46568947698,
      1458794.4888443816,
      177659.63346855913,
      518214.6564200134,
      13467397.719438482,
      1505274.054652906,
      6381730.171022987,
      13225034.572544407,
      15872704.487235285,
      19217311.97866229,
      25917516.92652962,
      49778116.465338856
    ]
  },
  "mul_Gt": {
    "range": [
      1
    ],
    "results": [
      514480.46579139604
    ],
    "stddev": [
      6805.549141776314
    ]
  },
  "msm_Gt": {
    "range": [
      2,
      4,
      8,
      16,
      32,
      64,
      128,
      256,
      512,
      1024,
      2048,
      4096,
      8192,
      16384,
      32768,
      65536,
      131072,
      262144
    ],
    "results": [
      3608767.351553968,
      6229419.443542329,
      11779495.624573413,
      23178246.2365873,
      45993019.78958333,
      91702875.06380953,
      182977347.0,
      365691212.2,
      730923511.7,
      1509067788.0,
      3018225126.4,
      6029033635.9,
      12054692861.5,
      24082106924.1,
      48168955947.2,
      96355397663.8,
      192672750426.1,
      385628173482.2
    ],
    "stddev": [
      12101.849249174498,
      76437.04016151871,
      14307.153012793602,
      13429.046001091472,
      54846.48465932576,
      130005.42374540209,
      162037.6076454669,
      327433.4408626584,
      481215.10033747903,
      912278.8661511347,
      2429656.6893520243,
      3056492.872445982,
      7055457.624853745,
      4626524.393392354,
      17027280.998501252,
      64242396.06316715,
      81445852.12411627,
      348632614.3385826
    ]
  },
  "pairing": {
    "range": [
      1
    ],
    "results": [
      2282318.978073413
    ],
    "stddev": [
      1710.9164531895824
    ]
  },
  "msm_ff": {
    "range": [
      1
    ],
    "results": [
      7186.883346896873
    ],
    "stddev": [
      2.9959566732029135
    ]
  },
  "fft": {
    "range": [
      2,
      4,
      8,
      16,
      32,
      64,
      128,
      256,
      512,
      1024,
      2048,
      4096,
      8192,
      16384,
      32768,
      65536,
      131072,
      262144,
      524288,
      1048576,
      2097152
    ],
    "results": [
      187.47227207194288,
      17679.443822670746,
      33613.51224830577,
      49198.08871413556,
      63262.93754130453,
      92997.43377646168,
      130660.28679425428,
      180891.4097511407,
      297301.393770494,
      460069.7877107003,
      694539.6136620017,
      970235.7359042552,
      1563541.634939792,
      2778153.7480507456,
      5353771.008968255,
      10639378.525824513,
      21474489.355865084,
      217357625.8,
      469099922.0,
      975140811.9,
      2012688100.2
    ],
    "stddev": [
      0.6454032736525256,
      169.50128946373664,
      1714.3737593428432,
      1205.721232351967,
      2154.994948779694,
      750.8455029456721,
      2016.1445369639625,
      1815.0124846726617,
      3172.867729935357,
      1457.2149811144243,
      3757.0296920535543,
      2766.0411677822276,
      8486.099313848237,
      4347.026555701983,
      29925.638468096062,
      61063.19189092849,
      86305.90480570636,
      337033.2728818468,
      889846.4728995952,
      859676.195696083,
      1979963.3116737695
    ]
  }
}