{
  "add_ff": {
    "range": [
      1
    ],
    "results": [
      32.83947029273367
    ],
    "stddev": [
      0.13601865381642225
    ]
  },
  "mul_ff": {
    "range": [
      1
    ],
    "results": [
      144.47881815828296
    ],
    "stddev": [
      0.4068416824095567
    ]
  },
  "add_G1": {
    "range": [
      1
    ],
    "results": [
      3299.859869503204
    ],
    "stddev": [
      11.51436254372445
    ]
  },
  "add_G2": {
    "range": [
      1
    ],
    "results": [
      11886.587889616892
    ],
    "stddev": [
      25.84371524588455
    ]
  },
  "mul_G1": {
    "range": [
      1
    ],
    "results": [
      889363.7621154389
    ],
    "stddev": [
      9250.987917696653
    ]
  },
  "mul_G2": {
    "range": [
      1
    ],
    "results": [
      3433762.3973333347
    ],
    "stddev": [
      33709.11944678067
    ]
  },
  "msm_G1": {
    "range": [
      2,
      4,
      8,
      16,
      32,
      64,
      128,
      256,
      512,
      1024,
      2048,
      4096,
      8192,
      16384,
      32768,
      65536,
      131072,
      262144,
      524288,
      1048576,
      2097152
    ],
    "results": [
      4808226.327272729,
      4919331.409999999,
      5007176.232727271,
      5092155.015999999,
      5259224.7739999965,
      5534482.755,
      6228951.244444442,
      7853714.485714283,
      11414789.678000001,
      18189722.813333336,
      30264715.360119052,
      49722339.93313491,
      88379072.31079365,
      154454548.45380953,
      263594702.5,
      511943884.5,
      1007761000.8,
      2010271324.8,
      4010961078.9,
      8017416190.8,
      16021334011.6
    ],
    "stddev": [
      34867.64992090486,
      20802.060510028623,
      40120.9452075389,
      31637.837702304212,
      29170.196082682145,
      29836.040667445723,
      29880.661167916824,
      119916.94978343666,
      464674.0125876728,
      940846.5370027429,
      896239.3747075478,
      2944783.1967732287,
      2565151.8434789944,
      10885653.439346788,
      4881042.874634072,
      435166.39434203785,
      706827.6278097511,
      3759214.250115995,
      2499554.078758147,
      4170159.6033113124,
      4522559.550387129
    ]
  },
  "msm_G2": {
    "range": [
      2,
      4,
      8,
      16,
      32,
      64,
      128,
      256,
      512,
      1024,
      2048,
      4096,
      8192,
      16384,
      32768,
      65536,
      131072,
      262144,
      524288,
      1048576,
      2097152
    ],
    "results": [
      14478041.55356009,
      14942253.557261905,
      15400926.204345237,
      15875468.665039683,
      16594913.122089949,
      17764495.147308208,
      20070609.562936507,
      25286046.41361111,
      36832443.56756614,
      55532844.11222222,
      92035344.54158731,
      161457522.38226193,
      288142501.25,
      516723822.7,
      1013547861.7,
      2006072052.8,
      3994137976.0,
      7967534527.8,
      15912242650.9,
      31801729215.3,
      63579855180.4
    ],
    "stddev": [
      131993.21961986995,
      64741.658636151245,
      58972.881033443,
      52899.98938815974,
      122022.49933796388,
      61804.096743935246,
      65927.43008997006,
      535809.7494175592,
      1146699.8611551616,
      1622754.9595981028,
      5630317.070634568,
      8932167.994885538,
      13061489.47338123,
      3086453.725168548,
      5651673.185467893,
      2290334.3409873066,
      3380528.1204724507,
      3403228.1797332307,
      3576607.8499799347,
      4598137.227660481,
      10055543.632564679
    ]
  },
  "pairing": {
    "range": [
      1
    ],
    "results": [
      16587674.62505291
    ],
    "stddev": [
      7966.001603532452
    ]
  },
  "fft": {
    "range": [
      2,
      4,
      8,
      16,
      32,
      64,
      128,
      256,
      512,
      1024,
      2048,
      4096,
      8192,
      16384,
      32768,
      65536,
      131072,
      262144,
      524288,
      1048576,
      2097152
    ],
    "results": [
      476.483164217536,
      667.0959823927442,
      1090.811073747322,
      2835.278405843682,
      8175.399949976209,
      20331.82853765996,
      50861.898033711346,
      131131.5863852399,
      331572.0397532467,
      777317.1512057387,
      1773701.6801465203,
      1658588.973069264,
      1949439.4879263763,
      2520537.5941044614,
      3681356.9224857143,
      6148307.723108465,
      11217338.790970016,
      21818112.582206346,
      45383427.277539685,
      104169191.49186507,
      206359065.1666667
    ],
    "stddev": [
      1.1230536102571191,
      2.461212470997742,
      3.5975499522652274,
      5.594081234442219,
      35.95837293955109,
      63.36318309815858,
      206.25674102154653,
      501.64734565480353,
      898.1523066755373,
      1064.9816911057655,
      1838.7074736742995,
      6615.105156318742,
      12607.412478772412,
      11167.87113167221,
      22247.274813374275,
      36017.65683479931,
      94196.3605982094,
      246214.14648626914,
      1071388.7651125402,
      4684615.486958263,
      4596212.1618254045
    ]
  }
}