{
  "add_ff": {
    "range": [
      1
    ],
    "results": [
      22.15484936845671
    ],
    "stddev": [
      3.1721884306080357
    ]
  },
  "mul_ff": {
    "range": [
      1
    ],
    "results": [
      64.30577100057324
    ],
    "stddev": [
      0.6884805353674718
    ]
  },
  "add_G1": {
    "range": [
      1
    ],
    "results": [
      1525.678275973318
    ],
    "stddev": [
      15.443389320809434
    ]
  },
  "add_G2": {
    "range": [
      1
    ],
    "results": [
      6407.591914424728
    ],
    "stddev": [
      51.37042503531963
    ]
  },
  "mul_G1": {
    "range": [
      1
    ],
    "results": [
      376208.8491641659
    ],
    "stddev": [
      9916.3329163019
    ]
  },
  "mul_G2": {
    "range": [
      1
    ],
    "results": [
      2185227.6449999996
    ],
    "stddev": [
      19985.80387662745
    ]
  },
  "msm_G1": {
    "range": [
      2,
      4,
      8,
      16,
      32,
      64,
      128,
      256,
      512,
      1024,
      2048,
      4096,
      8192,
      16384,
      32768,
      65536,
      131072,
      262144,
      524288,
      1048576,
      2097152
    ],
    "results": [
      2118823.9291666667,
      2178316.777916666,
      2241746.328695652,
      2348086.144999999,
      2550255.0534999995,
      2909079.512777777,
      3564817.7886666683,
      4905601.150909091,
      7649291.301428574,
      13071614.5325,
      23855278.566855155,
      47616086.32327381,
      91660229.91952382,
      176431109.71126983,
      339397997.15,
      646091685.0,
      1271314054.1,
      2538082961.4,
      5060592475.2,
      10117540869.2,
      20242759748.5
    ],
    "stddev": [
      27050.361808733433,
      30273.473487943946,
      25652.615580270995,
      21918.353262919354,
      26157.474271514868,
      30330.81784571882,
      33536.82064044174,
      63135.46168605594,
      227308.4044847897,
      545452.4394277511,
      561561.9558758116,
      1766396.0726233514,
      2074154.8922674984,
      9023577.22311175,
      10602215.08666618,
      23191054.007576726,
      2595491.803457774,
      11286756.738439048,
      3247715.9210673217,
      7720242.595657766,
      59211089.183722965
    ]
  },
  "msm_G2": {
    "range": [
      2,
      4,
      8,
      16,
      32,
      64,
      128,
      256,
      512,
      1024,
      2048,
      4096,
      8192,
      16384,
      32768,
      65536,
      131072,
      262144,
      524288,
      1048576,
      2097152
    ],
    "results": [
      4960126.649747284,
      5386505.838536415,
      5597995.137514005,
      6165930.984821429,
      7020466.630531137,
      8629889.576302309,
      11620004.50811508,
      17846402.281521164,
      30926477.387738097,
      57529524.58380953,
      106709429.84087302,
      208962377.43333334,
      401288497.1,
      755354710.0,
      1490990080.3,
      2974316116.4,
      5944659566.7,
      11873007074.8,
      23743456549.2,
      47503938698.0,
      94935516898.5
    ],
    "stddev": [
      10804.727935997975,
      21756.930727011546,
      23340.538444882393,
      52300.34868330968,
      42262.43076868372,
      61411.81424978698,
      81975.12862148139,
      212944.6974366027,
      548941.5598183655,
      1840413.2155252818,
      3904565.7679860396,
      10165309.50781235,
      10551641.69683838,
      16016531.040791225,
      2007157.1252223405,
      963232.515946612,
      7012450.1220066445,
      4075291.200970596,
      9897561.284853524,
      38595343.255624756,
      25645925.61515528
    ]
  },
  "pairing": {
    "range": [
      1
    ],
    "results": [
      12080819.732767856
    ],
    "stddev": [
      8333.98354568356
    ]
  },
  "fft": {
    "range": [
      2,
      4,
      8,
      16,
      32,
      64,
      128,
      256,
      512,
      1024,
      2048,
      4096,
      8192,
      16384,
      32768,
      65536,
      131072,
      262144,
      524288,
      1048576,
      2097152
    ],
    "results": [
      280.77814678375387,
      396.11813602122413,
      675.6143870447524,
      1590.8547692441593,
      4703.181770623511,
      9826.120554708697,
      23416.511105794933,
      54703.19429060306,
      176615.4519340057,
      463785.8247592861,
      1075283.1527567697,
      1604437.91080479,
      1852682.1817761902,
      2317492.3420704366,
      3450763.6550352736,
      5882856.562782738,
      10705105.783597881,
      21113663.485285714,
      43956096.990317464,
      106026246.99519841,
      218866516.36666664
    ],
    "stddev": [
      1.9840863370343058,
      1.978606371402048,
      7.555481357201251,
      8.985412242108652,
      16.29137064615079,
      23.1536891795526,
      77.97155878626792,
      58.12257497737329,
      1154.010219011698,
      1336.1299021255772,
      856.6032200118215,
      13852.696321884514,
      13209.67268588617,
      11862.114391122477,
      18355.627741631633,
      95853.38012533469,
      72729.89424658704,
      148282.3221476456,
      1029635.8221650711,
      3371112.4065186293,
      2866593.187407737
    ]
  }
}