{
  "add_ff": {
    "range": [
      1
    ],
    "results": [
      29.31118794998366
    ],
    "stddev": [
      2.3653095304236125
    ]
  },
  "mul_ff": {
    "range": [
      1
    ],
    "results": [
      80.00186422446194
    ],
    "stddev": [
      1.014583534306509
    ]
  },
  "add_G1": {
    "range": [
      1
    ],
    "results": [
      1805.1177390905452
    ],
    "stddev": [
      10.847387629576211
    ]
  },
  "add_G2": {
    "range": [
      1
    ],
    "results": [
      7793.924392712824
    ],
    "stddev": [
      19.813278611614145
    ]
  },
  "mul_G1": {
    "range": [
      1
    ],
    "results": [
      504629.49487175466
    ],
    "stddev": [
      5406.948812017092
    ]
  },
  "mul_G2": {
    "range": [
      1
    ],
    "results": [
      2727063.97631579
    ],
    "stddev": [
      25956.70199459473
    ]
  },
  "msm_G1": {
    "range": [
      2,
      4,
      8,
      16,
      32,
      64,
      128,
      256,
      512,
      1024,
      2048,
      4096,
      8192,
      16384,
      32768,
      65536,
      131072,
      262144,
      524288,
      1048576,
      2097152
    ],
    "results": [
      2683245.8147368426,
      2791882.4938888885,
      2924637.4688888895,
      3121898.139411766,
      3507411.4513333333,
      4233703.489999998,
      5628147.59,
      8342294.86857143,
      13708213.61,
      24250913.71000001,
      45375672.612804234,
      86116043.91406746,
      171671172.52960318,
      336152585.35,
      662218556.1,
      1318860250.3,
      2634044342.0,
      5264646118.8,
      10521618258.8,
      21039762020.0,
      42077659464.3
    ],
    "stddev": [
      13580.800285696381,
      16032.661529164747,
      15455.38347146456,
      18685.251758088787,
      17256.714246589112,
      25310.195444939,
      30288.878112685317,
      49589.3166195888,
      116131.23509374705,
      317165.5748920661,
      551662.8211380597,
      188189.0417062468,
      1920629.3460074286,
      1496063.9130071122,
      1875693.5036190988,
      757271.2192551689,
      729240.2103506087,
      7211831.6894545015,
      6117329.26023463,
      11524726.821256077,
      16878511.281021867
    ]
  },
  "msm_G2": {
    "range": [
      2,
      4,
      8,
      16,
      32,
      64,
      128,
      256,
      512,
      1024,
      2048,
      4096,
      8192,
      16384,
      32768,
      65536,
      131072,
      262144,
      524288,
      1048576,
      2097152
    ],
    "results": [
      10523440.113650795,
      11049874.104281306,
      11787018.116374006,
      12774613.059007937,
      14605963.533327665,
      17864236.400218256,
      24201962.293779764,
      36879080.48961641,
      61276952.38075396,
      109630024.12436506,
      205912525.36666664,
      396072786.7,
      773369634.2,
      1532648670.1,
      3049335861.6,
      6086479933.0,
      12158491055.1,
      24304944342.6,
      48599267178.9,
      97150438899.6,
      194317073139.4
    ],
    "stddev": [
      63572.338828924774,
      44370.07322248609,
      34374.72572517319,
      63741.235324090856,
      63604.26666963801,
      52238.14502994878,
      75654.37074405256,
      190043.11220341217,
      357087.1283748685,
      1028902.3891461724,
      1408245.3889650356,
      2104138.3636239823,
      858788.3601884459,
      1059552.3382139695,
      862053.2883176306,
      8260886.120679137,
      12276991.446686037,
      8867190.32473171,
      17527281.65653876,
      24326804.723094482,
      60775406.41602756
    ]
  },
  "pairing": {
    "range": [
      1
    ],
    "results": [
      14046092.13366213
    ],
    "stddev": [
      7241.041646607418
    ]
  },
  "fft": {
    "range": [
      2,
      4,
      8,
      16,
      32,
      64,
      128,
      256,
      512,
      1024,
      2048,
      4096,
      8192,
      16384,
      32768,
      65536,
      131072,
      262144,
      524288,
      1048576,
      2097152
    ],
    "results": [
      397.51113236595944,
      550.3288336364405,
      876.9705983531933,
      2010.0157132722409,
      5656.374269486141,
      11980.925104565094,
      29862.849835385616,
      87309.03230850691,
      226847.48385625,
      547914.6050564161,
      1230334.8620747533,
      1546494.3633743608,
      2330826.2674765973,
      4272453.270418471,
      8258629.881051588,
      16645294.579398146,
      34488080.622566134,
      71690373.24716271,
      158344028.9494841,
      351459865.35,
      747424222.4
    ],
    "stddev": [
      2.742831352611893,
      4.386635554324048,
      19.64910422042433,
      10.737348218967638,
      18.699505549296727,
      23.28310052363546,
      199.07612023401393,
      253.22532993960027,
      546.3631866408155,
      687.0521385602207,
      1350.3084817130023,
      6038.890514698724,
      18282.171448520672,
      29176.41854281317,
      109762.7293828995,
      133111.79880636156,
      464000.5106687857,
      327979.82046906505,
      3657609.155277905,
      1154811.457539391,
      2473313.932378832
    ]
  }
}