{
  "add_ff": {
    "range": [
      1
    ],
    "results": [
      15.002346423961578
    ],
    "stddev": [
      0.2273592666815574
    ]
  },
  "mul_ff": {
    "range": [
      1
    ],
    "results": [
      24.27386934908877
    ],
    "stddev": [
      0.6237072489393644
    ]
  },
  "add_G1": {
    "range": [
      1
    ],
    "results": [
      578.6399609317
    ],
    "stddev": [
      9.3394636305131
    ]
  },
  "add_G2": {
    "range": [
      1
    ],
    "results": [
      2828.844630412126
    ],
    "stddev": [
      19.66922626949234
    ]
  },
  "mul_G1": {
    "range": [
      1
    ],
    "results": [
      138914.737326922
    ],
    "stddev": [
      1464.6380918770142
    ]
  },
  "mul_G2": {
    "range": [
      1
    ],
    "results": [
      664240.5935968534
    ],
    "stddev": [
      11069.629030510168
    ]
  }
}