{
  "add_G1": {
    "range": [
      1
    ],
    "results": [
      1271.785261556387
    ],
    "stddev": [
      0.37178125501384574
    ]
  },
  "sub_G1": {
    "range": [
      1
    ],
    "results": [
      1284.436823770313
    ],
    "stddev": [
      0.281714500949406
    ]
  },
  "double_G1": {
    "range": [
      1
    ],
    "results": [
      568.9538976055119
    ],
    "stddev": [
      0.2931760220452788
    ]
  },
  "mul_G1": {
    "range": [
      1
    ],
    "results": [
      302394.2604565571
    ],
    "stddev": [
      528.2872699809213
    ]
  },
  "add_ff": {
    "range": [
      1
    ],
    "results": [
      21.310170096363148
    ],
    "stddev": [
      0.038119170763425976
    ]
  },
  "sub_ff": {
    "range": [
      1
    ],
    "results": [
      18.614227321517966
    ],
    "stddev": [
      0.07267911583307342
    ]
  },
  "neg_ff": {
    "range": [
      1
    ],
    "results": [
      11.516904734548898
    ],
    "stddev": [
      0.005931495970162488
    ]
  },
  "double_ff": {
    "range": [
      1
    ],
    "results": [
      6.479133869700174
    ],
    "stddev": [
      0.002658346316362076
    ]
  },
  "mul_ff": {
    "range": [
      1
    ],
    "results": [
      86.64510118812501
    ],
    "stddev": [
      0.05027801864789319
    ]
  },
  "square_ff": {
    "range": [
      1
    ],
    "results": [
      65.49825742140955
    ],
    "stddev": [
      0.03188142540778824
    ]
  },
  "inv_ff": {
    "range": [
      1
    ],
    "results": [
      5575.592642266103
    ],
    "stddev": [
      2.2807539938397956
    ]
  },
  "ip_ff": {
    "range": [
      2
    ],
    "results": [
      179.146274457781
    ],
    "stddev": [
      0.1757072407455266
    ]
  },
  "msm_G1": {
    "range": [
      2,
      4,
      8,
      16,
      32,
      64,
      128,
      256,
      512,
      1024,
      2048,
      4096,
      8192,
      16384,
      32768,
      65536,
      131072,
      262144,
      524288,
      1048576,
      2097152
    ],
    "results": [
      422844.4990357788,
      445427.5364222843,
      483534.96995741484,
      489314.98284038313,
      499716.1773060026,
      629830.7844990626,
      820389.9476833347,
      1232732.313460152,
      1314862.7822792474,
      2024526.6019999993,
      3471577.2453333326,
      6396670.835,
      11543851.631999994,
      21828994.133333337,
      43092939.225,
      83437894.44,
      158726979.21,
      331392836.49,
      669614195.34,
      1310041145.29,
      2600763236.7
    ],
    "stddev": [
      8615.048887979485,
      12165.552579383984,
      9877.51118840362,
      3733.415077460777,
      3295.93199244514,
      3515.5966770825175,
      5664.45506233382,
      14648.670336191843,
      27079.054125505707,
      72174.04667772491,
      29133.08602208666,
      65229.49599078021,
      240495.14160124693,
      125946.3079066985,
      1129792.0476847745,
      211709.90373184337,
      622972.1507610157,
      1107222.6593412862,
      4174102.8889561216,
      6331442.568822845,
      16066430.514904983
    ]
  },
  "msm_ff": {
    "range": [
      1
    ],
    "results": [
      19070.544393049986
    ],
    "stddev": [
      40.659762539419454
    ]
  },
  "fft": {
    "range": [
      2,
      4,
      8,
      16,
      32,
      64,
      128,
      256,
      512,
      1024,
      2048,
      4096,
      8192,
      16384,
      32768,
      65536,
      131072,
      262144,
      524288,
      1048576,
      2097152
    ],
    "results": [
      256.927935025762,
      22401.041874455706,
      69266.32218809644,
      120253.29223845122,
      167383.83940264257,
      154079.41206249807,
      164362.07272560924,
      257199.69134339644,
      381301.51221175276,
      506113.1063771392,
      718776.7450146858,
      952748.3851913856,
      1323327.9195606164,
      1782433.5958974361,
      2592058.028261905,
      4104573.3304089033,
      6935241.575073697,
      12424840.998998016,
      23985265.5575,
      59356926.96724206,
      137235663.85757938
    ],
    "stddev": [
      0.7811179939980062,
      321.66380646748684,
      237.7835491078166,
      146.37021422546434,
      1160.9633243515486,
      2743.1822028234396,
      3377.88972632743,
      1931.620020179654,
      2305.3612049288295,
      1811.0635221614468,
      2903.9783695483693,
      2388.991882614184,
      1806.056242102506,
      13278.944549884643,
      13121.693679347847,
      29655.225935208677,
      40057.39514956608,
      103161.39368834494,
      350772.952687541,
      423231.42276009225,
      474100.0942626482
    ]
  }
}