{
  "msm_G1": {
    "range": [
      1982,
      2286,
      6533,
      13416,
      26029,
      58704,
      75218,
      158048,
      376369,
      622038,
      2063062,
      3623548,
      32656823
    ],
    "results": [
      3345796.662243481,
      4085131.721483782,
      9207146.377579365,
      18080904.59298942,
      33998558.777632274,
      74862123.66837302,
      93431097.67623016,
      204105661.46666664,
      487366715.55,
      774639553.1,
      2514172137.5,
      4478450549.1,
      40143574534.2
    ],
    "stddev": [
      9027.316356352907,
      9377.495821026463,
      20864.870247391947,
      50494.733112304755,
      42267.033030110746,
      821588.5225430313,
      90568.53952929832,
      524759.92535995,
      3313534.189891493,
      7543192.800561887,
      5545789.548949928,
      5620848.048545299,
      20435320.4809929
    ]
  },
  "fft": {
    "range": [
      58677,
      94232,
      242971,
      496777,
      1001317,
      1904125,
      2773404,
      7946110
    ],
    "results": [
      4188269.202757937,
      6979146.595158731,
      12779298.573110119,
      25238729.550525792,
      62023372.368690476,
      138422578.87535715,
      277848746.0,
      573065968.7
    ],
    "stddev": [
      48777.57893259651,
      56867.53896397137,
      189478.24416675392,
      246257.8682543175,
      1439650.5233058424,
      703468.9436582146,
      1621923.5116856466,
      2152214.3699832065
    ]
  }
}