{
  "add_G1": {
    "range": [
      1
    ],
    "results": [
      506.2078569177622
    ],
    "stddev": [
      2.7729575479621404
    ]
  },
  "sub_G1": {
    "range": [
      1
    ],
    "results": [
      509.40473038003717
    ],
    "stddev": [
      2.5830385215024125
    ]
  },
  "double_G1": {
    "range": [
      1
    ],
    "results": [
      254.77794894370447
    ],
    "stddev": [
      1.1976948974862978
    ]
  },
  "mul_G1": {
    "range": [
      1
    ],
    "results": [
      133346.98810234098
    ],
    "stddev": [
      748.8058202578762
    ]
  },
  "add_ff": {
    "range": [
      1
    ],
    "results": [
      5.994652881783606
    ],
    "stddev": [
      0.03528667168874117
    ]
  },
  "sub_ff": {
    "range": [
      1
    ],
    "results": [
      9.169138962084011
    ],
    "stddev": [
      0.06919391148319792
    ]
  },
  "neg_ff": {
    "range": [
      1
    ],
    "results": [
      5.199406286036897
    ],
    "stddev": [
      0.021153869917271098
    ]
  },
  "double_ff": {
    "range": [
      1
    ],
    "results": [
      4.160461063770013
    ],
    "stddev": [
      0.02422867539133152
    ]
  },
  "mul_ff": {
    "range": [
      1
    ],
    "results": [
      33.77248826960955
    ],
    "stddev": [
      0.07645242108833025
    ]
  },
  "square_ff": {
    "range": [
      1
    ],
    "results": [
      28.73697890603916
    ],
    "stddev": [
      0.07597267204660466
    ]
  },
  "inv_ff": {
    "range": [
      1
    ],
    "results": [
      5704.788482253049
    ],
    "stddev": [
      6.698844190252249
    ]
  },
  "ip_ff": {
    "range": [
      2
    ],
    "results": [
      74.70688010409727
    ],
    "stddev": [
      0.7108494524424225
    ]
  },
  "msm_G1": {
    "range": [
      2,
      4,
      8,
      16,
      32,
      64,
      128,
      256,
      512,
      1024,
      2048,
      4096,
      8192,
      16384,
      32768,
      65536,
      131072,
      262144,
      524288,
      1048576,
      2097152
    ],
    "results": [
      207316.12393593413,
      239839.02746360126,
      276272.118095589,
      347583.44886593736,
      473172.2153009094,
      711474.250979897,
      1008514.4344959367,
      1552306.3353209975,
      2464630.9990476193,
      4038211.326153844,
      7430552.427142862,
      13768162.4575,
      24949795.925,
      40894786.54,
      80195847.24,
      157732425.29,
      299501120.63,
      602038181.51,
      1182603291.37,
      2289006049.69,
      3806550425.0
    ],
    "stddev": [
      3906.791404639665,
      3322.1431151653387,
      2456.810621320533,
      2712.1402762919324,
      3903.5355674055586,
      3107.7651853857456,
      5540.235768301502,
      3855.7895564221517,
      38802.84540965608,
      91266.75304334375,
      18634.953925521906,
      248818.3424229689,
      706274.3838259794,
      558115.3629291424,
      89545.37464348675,
      4786098.135939678,
      8526967.604011215,
      7204818.825146172,
      10886097.712182347,
      39786902.56192228,
      81665369.20195942
    ]
  },
  "msm_ff": {
    "range": [
      1
    ],
    "results": [
      6834.68838211494
    ],
    "stddev": [
      5.842840600492962
    ]
  },
  "fft": {
    "range": [
      2,
      4,
      8,
      16,
      32,
      64,
      128,
      256,
      512,
      1024,
      2048,
      4096,
      8192,
      16384,
      32768,
      65536,
      131072,
      262144,
      524288,
      1048576,
      2097152
    ],
    "results": [
      135.82480444312415,
      16294.515176936275,
      32816.91758277224,
      47597.9956447662,
      61483.20642695941,
      81294.05729417989,
      109836.08106659974,
      161825.8393444417,
      250614.15850911717,
      368038.08949783846,
      534315.3194641683,
      769574.8768907563,
      1183655.3749474336,
      1997668.1861792617,
      3727541.5274809524,
      7311245.235009156,
      14472515.010719955,
      28439005.23142857,
      58401456.051746026,
      140813768.55896825,
      329927816.4
    ],
    "stddev": [
      1.140598649573633,
      445.9098100132693,
      1022.5115496022706,
      1012.76985021806,
      1240.4718030349097,
      1800.7724958285771,
      1798.1537715524055,
      2686.7249494007765,
      4779.355961309408,
      2622.7222395604144,
      5953.2476652396435,
      1474.6701991142597,
      2534.798708999848,
      3597.9616771301044,
      12262.410559605905,
      22985.259475804683,
      54740.316241559536,
      153033.96032709652,
      1313852.9483972595,
      985559.5030507225,
      1289761.1613106476
    ]
  }
}