{
  "add_G1": {
    "range": [
      1
    ],
    "results": [
      1271.785261556387
    ],
    "stddev": [
      0.37178125501384574
    ]
  },
  "sub_G1": {
    "range": [
      1
    ],
    "results": [
      1284.436823770313
    ],
    "stddev": [
      0.281714500949406
    ]
  },
  "double_G1": {
    "range": [
      1
    ],
    "results": [
      568.9538976055119
    ],
    "stddev": [
      0.2931760220452788
    ]
  },
  "mul_G1": {
    "range": [
      1
    ],
    "results": [
      302394.2604565571
    ],
    "stddev": [
      528.2872699809213
    ]
  },
  "add_ff": {
    "range": [
      1
    ],
    "results": [
      21.310170096363148
    ],
    "stddev": [
      0.038119170763425976
    ]
  },
  "sub_ff": {
    "range": [
      1
    ],
    "results": [
      18.614227321517966
    ],
    "stddev": [
      0.07267911583307342
    ]
  },
  "neg_ff": {
    "range": [
      1
    ],
    "results": [
      11.516904734548898
    ],
    "stddev": [
      0.005931495970162488
    ]
  },
  "double_ff": {
    "range": [
      1
    ],
    "results": [
      6.479133869700174
    ],
    "stddev": [
      0.002658346316362076
    ]
  },
  "mul_ff": {
    "range": [
      1
    ],
    "results": [
      86.64510118812501
    ],
    "stddev": [
      0.05027801864789319
    ]
  },
  "square_ff": {
    "range": [
      1
    ],
    "results": [
      65.49825742140955
    ],
    "stddev": [
      0.03188142540778824
    ]
  },
  "inv_ff": {
    "range": [
      1
    ],
    "results": [
      5575.592642266103
    ],
    "stddev": [
      2.2807539938397956
    ]
  },
  "ip_ff": {
    "range": [
      2
    ],
    "results": [
      179.146274457781
    ],
    "stddev": [
      0.1757072407455266
    ]
  }
}