{"add_G1": {"range": [1], "results": [437.736891413871]}, "sub_G1": {"range": [1], "results": [443.6296707651668]}, "double_G1": {"range": [1], "results": [216.637749036332]}, "mul_G1": {"range": [1], "results": [114876.5776629144]}, "add_ff": {"range": [1], "results": [5.963469180454601]}, "sub_ff": {"range": [1], "results": [5.941348340751494]}, "neg_ff": {"range": [1], "results": [4.692676125739009]}, "double_ff": {"range": [1], "results": [3.788255767352196]}, "mul_ff": {"range": [1], "results": [29.714255898716296]}, "square_ff": {"range": [1], "results": [25.56975194733228]}, "inv_ff": {"range": [1], "results": [5251.291171093304]}, "ip_ff": {"range": [2], "results": [66.09432649245932]}, "msm_G1": {"range": [2, 4, 8, 16, 32, 64, 128, 256, 512, 1024, 2048, 4096, 8192, 16384, 32768, 65536, 131072, 262144, 524288, 1048576, 2097152], "results": [266781.458397109, 275105.1943335545, 292933.06066033524, 385027.9213688559, 402145.6810725577, 482649.567827948, 626241.5122282243, 807067.3674410449, 1036814.2224454121, 1513448.3743997074, 2585891.6915, 4723394.473636365, 8458616.799999997, 15999333.7525, 30742145.385, 60919106.35, 116390848.8, 247823663.07, 414793825.68, 774840228.12, 1561078083.3]}}