{
  "msm_G1": {
    "range": [
      1982,
      2286,
      6533,
      13416,
      26029,
      58704,
      36840914,
      31765134
    ],
    "results": [
      7555117.077142857,
      9028935.16833333,
      21144210.926666662,
      35817090.845,
      68050043.63,
      147686571.96,
      71056955467.8,
      61099268023.0
    ],
    "stddev": [
      28826.385986994464,
      115915.18849292962,
      499616.31529753254,
      786331.4188500759,
      293818.7111407187,
      5066302.090294497,
      396880264.01601267,
      331581639.2624188
    ]
  },
  "msm_ff": {
    "range": [
      1
    ],
    "results": [
      6725.495196304544
    ],
    "stddev": [
      9.087728028805271
    ]
  },
  "fft": {
    "range": [
      2,
      4,
      8,
      16,
      32,
      64,
      128,
      256,
      512,
      1024,
      2048,
      4096,
      8192,
      16384,
      32768,
      65536,
      131072,
      262144,
      524288,
      1048576,
      2097152
    ],
    "results": [
      139.29840278408406,
      14145.158417673825,
      33236.81996136856,
      48388.35718926046,
      63538.449557568085,
      83197.7266872661,
      113277.57370636906,
      175219.71620533796,
      269815.0217151027,
      374885.959419825,
      580326.3317334739,
      791057.4805952383,
      1196411.8813765203,
      1986651.3696937542,
      3684969.6496492065,
      7203128.148226497,
      14302972.088696146,
      28163168.524811514,
      58244817.55716269,
      145515653.89059523,
      344807151.75
    ],
    "stddev": [
      0.9620427576319117,
      277.78254865060933,
      606.3395574699802,
      1567.2052293039567,
      1360.6462382514421,
      727.5115164012653,
      1670.6649638540248,
      3666.8652702060804,
      5094.276803099592,
      7795.434121017811,
      6560.432098367827,
      4303.94060839742,
      3037.1947221455266,
      6265.078244462437,
      19082.15986785769,
      40024.8189954484,
      64285.70779515881,
      246089.93766077684,
      1962509.8503649705,
      2177317.814292702,
      5531558.68195751
    ]
  }
}