{"add_ff": {"range": [1], "results": [7.00259718191727]}, "sub_ff": {"range": [1], "results": [8.92524402082104]}, "neg_ff": {"range": [1], "results": [5.33116851920332]}, "double_ff": {"range": [1], "results": [4.561383773163713]}, "mul_ff": {"range": [1], "results": [29.80128408030713]}, "square_ff": {"range": [1], "results": [24.877777742545607]}, "inv_ff": {"range": [1], "results": [5570.024783346356]}, "ip_ff": {"range": [2], "results": [67.76194660084923]}, "msm_G1": {"range": [2, 4, 8, 16, 32, 64, 128, 256, 512, 1024, 2048, 4096, 8192, 16384, 32768, 65536, 131072, 262144, 524288, 1048576, 2097152], "results": [267585.10961254156, 275650.1876025155, 293437.9677602205, 382922.81939193, 397274.1458256522, 472262.92242016, 622128.2501565495, 802117.8806375468, 1034252.9615195703, 1513855.8670050416, 2587685.3285000017, 4727352.1836363645, 8405602.073333332, 16120283.31, 30938098.68, 60943764.06, 116526422.47, 250434171.32, 416817834.87, 777688622.27, 1570521167.1]}}