{
  "add_G1": {
    "range": [
      1
    ],
    "results": [
      381.715703743656
    ],
    "stddev": [
      0.576153200659082
    ]
  },
  "sub_G1": {
    "range": [
      1
    ],
    "results": [
      385.501221746823
    ],
    "stddev": [
      0.4453347395943872
    ]
  },
  "double_G1": {
    "range": [
      1
    ],
    "results": [
      168.24137664274468
    ],
    "stddev": [
      0.37143036253717143
    ]
  },
  "mul_G1": {
    "range": [
      1
    ],
    "results": [
      107420.64148362786
    ],
    "stddev": [
      173.1332210355614
    ]
  },
  "add_ff": {
    "range": [
      1
    ],
    "results": [
      5.475157053727298
    ],
    "stddev": [
      0.00293286345825831
    ]
  },
  "sub_ff": {
    "range": [
      1
    ],
    "results": [
      5.53690782731767
    ],
    "stddev": [
      0.0047163065649970404
    ]
  },
  "neg_ff": {
    "range": [
      1
    ],
    "results": [
      4.20207484243293
    ],
    "stddev": [
      0.004095779544036718
    ]
  },
  "double_ff": {
    "range": [
      1
    ],
    "results": [
      3.582205558030907
    ],
    "stddev": [
      0.003972971700837125
    ]
  },
  "mul_ff": {
    "range": [
      1
    ],
    "results": [
      27.357413146294704
    ],
    "stddev": [
      0.06740975423336497
    ]
  },
  "square_ff": {
    "range": [
      1
    ],
    "results": [
      19.225677846307434
    ],
    "stddev": [
      0.03682439133332456
    ]
  },
  "inv_ff": {
    "range": [
      1
    ],
    "results": [
      4429.534064643044
    ],
    "stddev": [
      28.746821098157078
    ]
  },
  "ip_ff": {
    "range": [
      2
    ],
    "results": [
      52.9982527907463
    ],
    "stddev": [
      0.06149409761912946
    ]
  }
}