{
  "add_G1": {
    "range": [
      1
    ],
    "results": [
      478.3193524438887
    ],
    "stddev": [
      2.188261006146726
    ]
  },
  "sub_G1": {
    "range": [
      1
    ],
    "results": [
      483.6659078012251
    ],
    "stddev": [
      0.431514224208745
    ]
  },
  "double_G1": {
    "range": [
      1
    ],
    "results": [
      237.93727308171918
    ],
    "stddev": [
      0.1696449381673067
    ]
  },
  "mul_G1": {
    "range": [
      1
    ],
    "results": [
      125806.62988421328
    ],
    "stddev": [
      617.984757414847
    ]
  },
  "add_ff": {
    "range": [
      1
    ],
    "results": [
      6.6319385046990735
    ],
    "stddev": [
      0.010547285381287805
    ]
  },
  "sub_ff": {
    "range": [
      1
    ],
    "results": [
      6.614188458477161
    ],
    "stddev": [
      0.019743206841881213
    ]
  },
  "neg_ff": {
    "range": [
      1
    ],
    "results": [
      5.269534385279383
    ],
    "stddev": [
      0.01876195934947751
    ]
  },
  "double_ff": {
    "range": [
      1
    ],
    "results": [
      4.219538783450528
    ],
    "stddev": [
      0.03705309549616027
    ]
  },
  "mul_ff": {
    "range": [
      1
    ],
    "results": [
      32.49699762747507
    ],
    "stddev": [
      0.03177822014643682
    ]
  },
  "square_ff": {
    "range": [
      1
    ],
    "results": [
      27.041116439694076
    ],
    "stddev": [
      0.13665262301558187
    ]
  },
  "inv_ff": {
    "range": [
      1
    ],
    "results": [
      5336.602145609816
    ],
    "stddev": [
      14.795920028101582
    ]
  },
  "ip_ff": {
    "range": [
      2
    ],
    "results": [
      70.76021139693809
    ],
    "stddev": [
      0.3105753037713185
    ]
  }
}