{
  "add_G1": {
    "range": [
      1
    ],
    "results": [
      371.59761207896884
    ],
    "stddev": [
      0.5721070620267673
    ]
  },
  "sub_G1": {
    "range": [
      1
    ],
    "results": [
      376.2461982184674
    ],
    "stddev": [
      0.3900196103599222
    ]
  },
  "double_G1": {
    "range": [
      1
    ],
    "results": [
      167.66624844046189
    ],
    "stddev": [
      0.1446284700584523
    ]
  },
  "mul_G1": {
    "range": [
      1
    ],
    "results": [
      101388.6050349152
    ],
    "stddev": [
      206.34944955611326
    ]
  },
  "add_ff": {
    "range": [
      1
    ],
    "results": [
      4.009821801951149
    ],
    "stddev": [
      0.003869815686788879
    ]
  },
  "sub_ff": {
    "range": [
      1
    ],
    "results": [
      4.088272726174173
    ],
    "stddev": [
      0.0025131882121549156
    ]
  },
  "neg_ff": {
    "range": [
      1
    ],
    "results": [
      3.6679921710167247
    ],
    "stddev": [
      0.004549659462555598
    ]
  },
  "double_ff": {
    "range": [
      1
    ],
    "results": [
      3.436248144575332
    ],
    "stddev": [
      0.0021137538120116475
    ]
  },
  "mul_ff": {
    "range": [
      1
    ],
    "results": [
      26.145800117050463
    ],
    "stddev": [
      0.07066288969017659
    ]
  },
  "square_ff": {
    "range": [
      1
    ],
    "results": [
      26.916490596142964
    ],
    "stddev": [
      0.616679290175067
    ]
  },
  "inv_ff": {
    "range": [
      1
    ],
    "results": [
      4256.03753795485
    ],
    "stddev": [
      9.457164380718005
    ]
  },
  "ip_ff": {
    "range": [
      2
    ],
    "results": [
      50.547319759060244
    ],
    "stddev": [
      0.05563929784699527
    ]
  },
  "msm_G1": {
    "range": [
      2,
      4,
      8,
      16,
      32,
      64,
      128,
      256,
      512,
      1024,
      2048,
      4096,
      8192,
      16384,
      32768,
      65536,
      131072,
      262144,
      524288,
      1048576,
      2097152
    ],
    "results": [
      192318.55439504157,
      195859.9803885047,
      205907.98882301108,
      235201.71372678317,
      227309.89975199374,
      332736.3024247734,
      475415.93427108397,
      683890.0884543654,
      775458.5058072928,
      1440550.2139255593,
      2384283.136818183,
      4086710.7392307706,
      6884199.321428567,
      11784101.4975,
      20727332.510000005,
      35161823.195,
      60591293.22,
      130504227.49,
      250859800.32,
      472186975.33,
      965706787.3
    ],
    "stddev": [
      4394.786928127639,
      4805.792538338023,
      8711.64360933178,
      8481.591591619132,
      7044.28981283462,
      14440.523755182563,
      15713.18109415203,
      19458.331344336428,
      55391.92905653721,
      43558.327839018086,
      22822.565790718483,
      55858.460638854594,
      155328.27193340336,
      316260.8187036285,
      693995.3307972874,
      283525.6683335205,
      489912.38468241604,
      287389.63973753457,
      563494.9105897209,
      611857.246700422,
      1383537.588999522
    ]
  },
  "msm_ff": {
    "range": [
      1
    ],
    "results": [
      4781.715173701639
    ],
    "stddev": [
      8.851482507431975
    ]
  },
  "fft": {
    "range": [
      2,
      4,
      8,
      16,
      32,
      64,
      128,
      256,
      512,
      1024,
      2048,
      4096,
      8192,
      16384,
      32768,
      65536,
      131072,
      262144,
      524288,
      1048576,
      2097152
    ],
    "results": [
      89.3527810872326,
      14854.122391228195,
      49599.024391973326,
      90895.85118721408,
      119993.42364740794,
      150843.07288122605,
      177458.73325319978,
      187073.7756988351,
      397718.0599304707,
      486192.8430470216,
      709001.3299990771,
      1009400.0874644223,
      1340080.238661015,
      1837834.0022134918,
      2537630.006630291,
      3891597.6339484127,
      6105439.4089523805,
      10107247.422799822,
      18108321.87534391,
      49882425.651488096,
      106565779.16396827
    ],
    "stddev": [
      0.607464436262945,
      278.33772130487523,
      2995.3838774649284,
      695.9699733787534,
      19409.300534065464,
      33452.34865853323,
      40881.50322417331,
      5135.335258495638,
      17376.508319596807,
      20187.377062753407,
      29459.388802380596,
      17177.309775240723,
      49054.968793946035,
      32097.972102288146,
      33128.28644584019,
      21454.848106344,
      33606.83178573051,
      36651.29501142548,
      317670.7975719887,
      614407.8383920412,
      565621.1792500961
    ]
  }
}