{
  "add_G1": {
    "range": [
      1
    ],
    "results": [
      436.5972308626171
    ],
    "stddev": [
      0.30912946811177916
    ]
  },
  "sub_G1": {
    "range": [
      1
    ],
    "results": [
      439.9823185513103
    ],
    "stddev": [
      0.44339322879777515
    ]
  },
  "double_G1": {
    "range": [
      1
    ],
    "results": [
      217.7813448255569
    ],
    "stddev": [
      0.15049664048231823
    ]
  },
  "mul_G1": {
    "range": [
      1
    ],
    "results": [
      114193.9494183624
    ],
    "stddev": [
      131.18840926226846
    ]
  },
  "add_ff": {
    "range": [
      1
    ],
    "results": [
      5.174342049510383
    ],
    "stddev": [
      0.0026268152219386686
    ]
  },
  "sub_ff": {
    "range": [
      1
    ],
    "results": [
      7.490617762865841
    ],
    "stddev": [
      0.06593318436394185
    ]
  },
  "neg_ff": {
    "range": [
      1
    ],
    "results": [
      4.47873341665933
    ],
    "stddev": [
      0.003918120673885001
    ]
  },
  "double_ff": {
    "range": [
      1
    ],
    "results": [
      3.61164911225575
    ],
    "stddev": [
      0.009050905092303232
    ]
  },
  "mul_ff": {
    "range": [
      1
    ],
    "results": [
      29.135261337763463
    ],
    "stddev": [
      0.02053502000302859
    ]
  },
  "square_ff": {
    "range": [
      1
    ],
    "results": [
      24.894048503694886
    ],
    "stddev": [
      0.03189225851559515
    ]
  },
  "inv_ff": {
    "range": [
      1
    ],
    "results": [
      5124.8284963859405
    ],
    "stddev": [
      4.771704625027628
    ]
  },
  "ip_ff": {
    "range": [
      2
    ],
    "results": [
      62.6390959250446
    ],
    "stddev": [
      0.046666491911628506
    ]
  },
  "msm_G1": {
    "range": [
      2,
      4,
      8,
      16,
      32,
      64,
      128,
      256,
      512,
      1024,
      2048,
      4096,
      8192,
      16384,
      32768,
      65536,
      131072,
      262144,
      524288,
      1048576,
      2097152
    ],
    "results": [
      418504.7587338835,
      451538.88501612155,
      490905.7896374363,
      545353.1192529865,
      618596.8029829548,
      681084.2636554453,
      727097.2346498371,
      910507.2628449133,
      1312257.6182015056,
      1960641.7663674965,
      2940118.785555555,
      4796114.789090908,
      7995207.047142859,
      14576636.7025,
      27120642.865,
      51301306.04,
      111651113.62,
      207239306.24,
      365621247.1,
      686715185.61,
      1355679398.6
    ],
    "stddev": [
      26063.928828293465,
      40503.930237777844,
      35843.67543796297,
      40916.1169606192,
      22758.14189190486,
      18344.248610976134,
      23558.26870434207,
      37975.222578947236,
      37160.65329281212,
      50859.34185130914,
      32397.746440965453,
      116274.35540545486,
      205009.30389264823,
      449055.48354331544,
      2053367.730301532,
      5296625.296468388,
      11187335.105250917,
      26588755.067197435,
      29271852.04401108,
      33639197.77318153,
      20792133.600011617
    ]
  },
  "msm_ff": {
    "range": [
      1
    ],
    "results": [
      5928.800929711864
    ],
    "stddev": [
      8.225257634910559
    ]
  },
  "fft": {
    "range": [
      2,
      4,
      8,
      16,
      32,
      64,
      128,
      256,
      512,
      1024,
      2048,
      4096,
      8192,
      16384,
      32768,
      65536,
      131072,
      262144,
      524288,
      1048576,
      2097152
    ],
    "results": [
      121.16519756634345,
      36972.037786367684,
      121694.3916625231,
      263070.57908776036,
      418546.8508934972,
      593954.6024556792,
      711777.1453103299,
      653069.1987953092,
      898559.5501467868,
      1259692.4714322262,
      1723371.3768475272,
      2155113.1041147015,
      3133458.773706349,
      4411292.019408541,
      5920585.468539187,
      8302315.514657287,
      11708461.071512897,
      17722041.869067457,
      32871323.545476187,
      77724462.82948413,
      165208828.3222222
    ],
    "stddev": [
      0.934295757036716,
      385.3639181140948,
      1622.6420050941363,
      4307.57650579839,
      3712.360930072022,
      6625.556347819099,
      27838.22161736548,
      35804.79924658302,
      46672.15381142079,
      51168.76908385794,
      42563.801685503764,
      74798.38670077831,
      47454.787186503294,
      48334.574216316214,
      43457.55271091254,
      58343.33991549499,
      67151.47545178774,
      130013.35985337863,
      959820.875976798,
      906664.3917204586,
      1478510.7654505374
    ]
  }
}