{
  "msm_G1": {
    "range": [
      1982,
      2286,
      6533,
      13416,
      26029,
      58704,
      75218,
      158048,
      376369,
      622038,
      2063062,
      3623548,
      32656823
    ],
    "results": [
      2230244.943036198,
      2682807.857869981,
      5745858.17529762,
      11099872.146044973,
      21003120.227825396,
      46134539.900932536,
      57434881.51279762,
      133974471.99277778,
      297589108.55,
      474507172.0,
      1243336314.4,
      2292771286.8,
      21539925539.5
    ],
    "stddev": [
      9428.862273143026,
      4391.635859689417,
      18438.01575041962,
      20744.353527347568,
      25282.661227896926,
      276997.25561040285,
      56711.102413751054,
      91657.4142277426,
      8550153.749084115,
      10824927.317512617,
      24560132.871855658,
      30932758.183543194,
      56678843.25908999
    ]
  },
  "fft": {
    "range": [
      37242,
      80475,
      234717,
      409875,
      572758,
      2053926,
      2794469,
      7126492
    ],
    "results": [
      3260793.7975184238,
      5502094.751661997,
      9902112.175654761,
      18083337.269404765,
      45945147.96904762,
      104726472.1834127,
      244629073.9,
      509625944.2
    ],
    "stddev": [
      6665.154726613479,
      24008.398590842564,
      62069.13180635096,
      208884.69912716738,
      306572.25526263594,
      1107367.0069578418,
      941018.2395817135,
      2064749.9806418598
    ]
  }
}