{
  "add_G1": {
    "range": [
      1
    ],
    "results": [
      385.5532808415013
    ],
    "stddev": [
      0.7635956425272974
    ]
  },
  "sub_G1": {
    "range": [
      1
    ],
    "results": [
      387.18480212814643
    ],
    "stddev": [
      0.3642963486895406
    ]
  },
  "double_G1": {
    "range": [
      1
    ],
    "results": [
      170.98012917801822
    ],
    "stddev": [
      0.5310423710251919
    ]
  },
  "mul_G1": {
    "range": [
      1
    ],
    "results": [
      107481.42977585347
    ],
    "stddev": [
      178.58084716787968
    ]
  },
  "add_ff": {
    "range": [
      1
    ],
    "results": [
      5.4782381921765735
    ],
    "stddev": [
      0.00451649686717533
    ]
  },
  "sub_ff": {
    "range": [
      1
    ],
    "results": [
      5.541744829180647
    ],
    "stddev": [
      0.0048388755523455325
    ]
  },
  "neg_ff": {
    "range": [
      1
    ],
    "results": [
      4.1694783671767945
    ],
    "stddev": [
      0.004705263493117223
    ]
  },
  "double_ff": {
    "range": [
      1
    ],
    "results": [
      3.5834670526333383
    ],
    "stddev": [
      0.001866641781644801
    ]
  },
  "mul_ff": {
    "range": [
      1
    ],
    "results": [
      27.799682666634144
    ],
    "stddev": [
      0.0385475260529635
    ]
  },
  "square_ff": {
    "range": [
      1
    ],
    "results": [
      19.350996583209017
    ],
    "stddev": [
      0.019960075448244862
    ]
  },
  "inv_ff": {
    "range": [
      1
    ],
    "results": [
      4496.238222868455
    ],
    "stddev": [
      21.277202259805005
    ]
  },
  "ip_ff": {
    "range": [
      2
    ],
    "results": [
      52.97149947695223
    ],
    "stddev": [
      0.07630925023880004
    ]
  },
  "msm_G1": {
    "range": [
      2,
      4,
      8,
      16,
      32,
      64,
      128,
      256,
      512,
      1024,
      2048,
      4096,
      8192,
      16384,
      32768,
      65536,
      131072,
      262144,
      524288,
      1048576,
      2097152
    ],
    "results": [
      273943.89454860636,
      280212.71118800476,
      339184.49689248984,
      425940.59578260814,
      455726.84103865596,
      499761.6832252212,
      682939.9328168799,
      858994.0599180129,
      1010335.4860310911,
      1437695.9502946434,
      2295727.232727273,
      4044452.0153846163,
      7107010.64375,
      13431991.9175,
      26233371.7,
      51239700.96,
      97939537.31,
      213808336.63,
      416791283.65,
      769740916.22,
      1261744947.9
    ],
    "stddev": [
      2129.1298567425088,
      2887.918711391246,
      4267.062788316158,
      4550.9623861236605,
      8404.372970699245,
      8985.707431497955,
      5916.472614171795,
      5286.618379021447,
      14014.670778620213,
      25237.241937466442,
      23951.906527196825,
      44917.63851441564,
      82846.54303913798,
      101531.35341784242,
      442932.69735346927,
      114040.52263497567,
      1526189.1766754258,
      2200267.400006161,
      16589553.885611271,
      6168689.187224418,
      18232090.979327112
    ]
  },
  "msm_ff": {
    "range": [
      1
    ],
    "results": [
      5523.391136930998
    ],
    "stddev": [
      5.811858560039087
    ]
  },
  "fft": {
    "range": [
      2,
      4,
      8,
      16,
      32,
      64,
      128,
      256,
      512,
      1024,
      2048,
      4096,
      8192,
      16384,
      32768,
      65536,
      131072,
      262144,
      524288,
      1048576,
      2097152
    ],
    "results": [
      101.51458735155123,
      20272.022451574,
      73475.03229405796,
      173464.82209903313,
      310832.44845657947,
      401497.8035229667,
      366750.00609254994,
      406559.13609964726,
      582804.6769887058,
      667456.337574441,
      818724.7755775227,
      1098971.1724837446,
      1314555.0508117913,
      1630077.3172278912,
      2148331.0257733483,
      3304417.4566369047,
      5331397.279592152,
      9225368.92023016,
      17638586.91295635,
      46981492.67819444,
      115646814.20662698
    ],
    "stddev": [
      0.5139611853130961,
      158.7928938836361,
      357.26172119290146,
      1402.8019117515394,
      962.5612956249555,
      912.261798665588,
      2982.89106148942,
      4054.668899307921,
      4448.55472952392,
      2006.562855442649,
      5425.391790599018,
      5044.329104384654,
      4416.925270636732,
      4576.041991233466,
      7401.77457171468,
      8686.656616147524,
      20666.821032907792,
      33838.06551403152,
      366340.32432790287,
      392794.2812027114,
      1057541.2393405351
    ]
  }
}