{
  "add_G1": {
    "range": [
      1
    ],
    "results": [
      304.97852638058305
    ],
    "stddev": [
      6.296567808994753
    ]
  },
  "sub_G1": {
    "range": [
      1
    ],
    "results": [
      312.4819297130014
    ],
    "stddev": [
      4.121407131344628
    ]
  },
  "double_G1": {
    "range": [
      1
    ],
    "results": [
      139.77333483954416
    ],
    "stddev": [
      2.0729318744073355
    ]
  },
  "mul_G1": {
    "range": [
      1
    ],
    "results": [
      90936.91835210366
    ],
    "stddev": [
      1338.1996988362846
    ]
  },
  "add_ff": {
    "range": [
      1
    ],
    "results": [
      4.518341753723867
    ],
    "stddev": [
      0.07373358281715507
    ]
  },
  "sub_ff": {
    "range": [
      1
    ],
    "results": [
      4.443356139530499
    ],
    "stddev": [
      0.07587875561893795
    ]
  },
  "neg_ff": {
    "range": [
      1
    ],
    "results": [
      4.1561931865925335
    ],
    "stddev": [
      0.06822978394382295
    ]
  },
  "double_ff": {
    "range": [
      1
    ],
    "results": [
      4.1258480097816435
    ],
    "stddev": [
      0.07117776273255934
    ]
  },
  "mul_ff": {
    "range": [
      1
    ],
    "results": [
      20.67572059132548
    ],
    "stddev": [
      0.34356549729340213
    ]
  },
  "square_ff": {
    "range": [
      1
    ],
    "results": [
      16.42688077526225
    ],
    "stddev": [
      0.3020370684535381
    ]
  },
  "inv_ff": {
    "range": [
      1
    ],
    "results": [
      4594.515747920339
    ],
    "stddev": [
      85.86826771658333
    ]
  },
  "ip_ff": {
    "range": [
      2
    ],
    "results": [
      41.58306587479282
    ],
    "stddev": [
      0.4665401112341237
    ]
  },
  "msm_G1": {
    "range": [
      2,
      4,
      8,
      16,
      32,
      64,
      128,
      256,
      512,
      1024,
      2048,
      4096,
      8192,
      16384,
      32768,
      65536,
      131072,
      262144,
      524288,
      1048576,
      2097152
    ],
    "results": [
      345012.00080985576,
      300338.79111802543,
      306833.87172764784,
      421958.5712668579,
      332814.35019992833,
      475414.9775883545,
      692601.483744227,
      1083029.5787720343,
      1297255.3084714408,
      1666260.2804304245,
      2438510.0852380944,
      3850815.825714288,
      6255898.22,
      11205372.880000003,
      20613588.153333344,
      39744095.335,
      80009065.71,
      172365098.01,
      341273385.89,
      644290950.91,
      1031118938.6
    ],
    "stddev": [
      86865.51848914204,
      103678.89942787835,
      108206.24345303795,
      137107.7459716875,
      99287.58885619242,
      114631.46921088072,
      210703.73016697043,
      250635.42070890678,
      253377.39814387393,
      218963.44521127618,
      222517.17347093203,
      205933.15179228803,
      181297.8474597578,
      317765.4035934221,
      231788.6025141606,
      306149.63006530853,
      519447.3153225319,
      896941.2367359134,
      3083063.38767085,
      24285688.855652813,
      42330417.843785204
    ]
  },
  "msm_ff": {
    "range": [
      1
    ],
    "results": [
      3870.156725797129
    ],
    "stddev": [
      4.985604043704585
    ]
  },
  "fft": {
    "range": [
      2,
      4,
      8,
      16,
      32,
      64,
      128,
      256,
      512,
      1024,
      2048,
      4096,
      8192,
      16384,
      32768,
      65536,
      131072,
      262144,
      524288,
      1048576,
      2097152
    ],
    "results": [
      70.98472879542555,
      19209.10507274983,
      36148.431055043424,
      60446.8066359958,
      80402.772674487,
      97685.31508362286,
      110177.33883795813,
      151221.8793808992,
      256888.29696967616,
      352716.6589109885,
      620395.280168359,
      939685.6400020042,
      1461824.2328962334,
      1952350.4564180435,
      2577180.232104247,
      3384090.0702140024,
      5327949.329206349,
      8922636.886233766,
      16384580.170899471,
      42306884.160542324,
      99954724.8413889
    ],
    "stddev": [
      0.30728375701009314,
      1600.4163529064915,
      1640.4052805057597,
      2220.974337508058,
      3637.352371033532,
      5501.505529722066,
      4667.290452134987,
      3751.586345088671,
      4825.552249245224,
      7042.757983584298,
      99836.33036968796,
      139139.49376000895,
      166879.1312757581,
      191567.6269996194,
      131976.46852131106,
      47352.60920382314,
      69296.27513219285,
      133009.80106214926,
      455444.22008214967,
      478978.3234152497,
      3295960.778552119
    ]
  }
}