{
  "add_G1": {
    "range": [
      1
    ],
    "results": [
      381.715703743656
    ]
  },
  "sub_G1": {
    "range": [
      1
    ],
    "results": [
      385.501221746823
    ]
  },
  "double_G1": {
    "range": [
      1
    ],
    "results": [
      168.24137664274468
    ]
  },
  "mul_G1": {
    "range": [
      1
    ],
    "results": [
      107420.64148362786
    ]
  },
  "add_ff": {
    "range": [
      1
    ],
    "results": [
      5.475157053727298
    ]
  },
  "sub_ff": {
    "range": [
      1
    ],
    "results": [
      5.53690782731767
    ]
  },
  "neg_ff": {
    "range": [
      1
    ],
    "results": [
      4.20207484243293
    ]
  },
  "double_ff": {
    "range": [
      1
    ],
    "results": [
      3.582205558030907
    ]
  },
  "mul_ff": {
    "range": [
      1
    ],
    "results": [
      27.357413146294704
    ]
  },
  "square_ff": {
    "range": [
      1
    ],
    "results": [
      19.225677846307434
    ]
  },
  "inv_ff": {
    "range": [
      1
    ],
    "results": [
      4429.534064643044
    ]
  },
  "ip_ff": {
    "range": [
      2
    ],
    "results": [
      52.9982527907463
    ]
  }
}