{
  "add_G1": {
    "range": [
      1
    ],
    "results": [
      478.3193524438887
    ]
  },
  "sub_G1": {
    "range": [
      1
    ],
    "results": [
      483.6659078012251
    ]
  },
  "double_G1": {
    "range": [
      1
    ],
    "results": [
      237.93727308171918
    ]
  },
  "mul_G1": {
    "range": [
      1
    ],
    "results": [
      125806.62988421328
    ]
  },
  "add_ff": {
    "range": [
      1
    ],
    "results": [
      6.6319385046990735
    ]
  },
  "sub_ff": {
    "range": [
      1
    ],
    "results": [
      6.614188458477161
    ]
  },
  "neg_ff": {
    "range": [
      1
    ],
    "results": [
      5.269534385279383
    ]
  },
  "double_ff": {
    "range": [
      1
    ],
    "results": [
      4.219538783450528
    ]
  },
  "mul_ff": {
    "range": [
      1
    ],
    "results": [
      32.49699762747507
    ]
  },
  "square_ff": {
    "range": [
      1
    ],
    "results": [
      27.041116439694076
    ]
  },
  "inv_ff": {
    "range": [
      1
    ],
    "results": [
      5336.602145609816
    ]
  },
  "ip_ff": {
    "range": [
      2
    ],
    "results": [
      70.76021139693809
    ]
  },
  "msm_G1": {
    "range": [
      1982,
      2286,
      6533,
      13416,
      26029,
      58704,
      36840914,
      31765134
    ],
    "results": [
      7555117.077142857,
      9028935.16833333,
      21144210.926666662,
      35817090.845,
      68050043.63,
      147686571.96,
      71056955467.8,
      61099268023.0
    ]
  },
  "msm_ff": {
    "range": [
      1
    ],
    "results": [
      6725.495196304544
    ]
  },
  "fft": {
    "range": [
      2,
      4,
      8,
      16,
      32,
      64,
      128,
      256,
      512,
      1024,
      2048,
      4096,
      8192,
      16384,
      32768,
      65536,
      131072,
      262144,
      524288,
      1048576,
      2097152
    ],
    "results": [
      139.29840278408406,
      14145.158417673825,
      33236.81996136856,
      48388.35718926046,
      63538.449557568085,
      83197.7266872661,
      113277.57370636906,
      175219.71620533796,
      269815.0217151027,
      374885.959419825,
      580326.3317334739,
      791057.4805952383,
      1196411.8813765203,
      1986651.3696937542,
      3684969.6496492065,
      7203128.148226497,
      14302972.088696146,
      28163168.524811514,
      58244817.55716269,
      145515653.89059523,
      344807151.75
    ]
  }
}