{
  "add_G1": {
    "range": [
      1
    ],
    "results": [
      1271.785261556387
    ]
  },
  "sub_G1": {
    "range": [
      1
    ],
    "results": [
      1284.436823770313
    ]
  },
  "double_G1": {
    "range": [
      1
    ],
    "results": [
      568.9538976055119
    ]
  },
  "mul_G1": {
    "range": [
      1
    ],
    "results": [
      302394.2604565571
    ]
  },
  "add_ff": {
    "range": [
      1
    ],
    "results": [
      21.310170096363148
    ]
  },
  "sub_ff": {
    "range": [
      1
    ],
    "results": [
      18.614227321517966
    ]
  },
  "neg_ff": {
    "range": [
      1
    ],
    "results": [
      11.516904734548898
    ]
  },
  "double_ff": {
    "range": [
      1
    ],
    "results": [
      6.479133869700174
    ]
  },
  "mul_ff": {
    "range": [
      1
    ],
    "results": [
      86.64510118812501
    ]
  },
  "square_ff": {
    "range": [
      1
    ],
    "results": [
      65.49825742140955
    ]
  },
  "inv_ff": {
    "range": [
      1
    ],
    "results": [
      5575.592642266103
    ]
  },
  "ip_ff": {
    "range": [
      2
    ],
    "results": [
      179.146274457781
    ]
  }
}