{"add_ff": {"range": [1], "results": [7.831574301664638]}, "sub_ff": {"range": [1], "results": [9.881125566168365]}, "neg_ff": {"range": [1], "results": [5.93133170864548]}, "double_ff": {"range": [1], "results": [5.015297960733289]}, "mul_ff": {"range": [1], "results": [32.673930315563744]}, "square_ff": {"range": [1], "results": [27.376063847467385]}, "inv_ff": {"range": [1], "results": [6086.710678173983]}, "ip_ff": {"range": [2], "results": [74.56418321871354]}, "msm_G1": {"range": [2, 4, 8, 16, 32, 64, 128, 256, 512, 1024, 2048, 4096, 8192, 16384, 32768, 65536, 131072, 262144, 524288, 1048576, 2097152], "results": [200069.46946386498, 236079.13315734707, 311830.7643266941, 391995.7315296147, 517845.34414590953, 732797.1686990879, 1024921.1905638316, 1591919.174732891, 2416906.5357142864, 4000016.750000002, 7718271.535714287, 14266703.765, 26129471.545, 42499406.565, 83935625.07, 160509456.93, 296397139.35, 610887494.22, 1228026499.63, 2406545397.23, 4107110381.8]}}