{
  "add_G1": {
    "range": [
      1
    ],
    "results": [
      525.4421302709048
    ],
    "stddev": [
      0.3046142335968514
    ]
  },
  "sub_G1": {
    "range": [
      1
    ],
    "results": [
      532.0944133395564
    ],
    "stddev": [
      0.2189319081061238
    ]
  },
  "double_G1": {
    "range": [
      1
    ],
    "results": [
      240.9411577429897
    ],
    "stddev": [
      0.30274891873728815
    ]
  },
  "mul_G1": {
    "range": [
      1
    ],
    "results": [
      134859.15600758904
    ],
    "stddev": [
      171.40377142752874
    ]
  },
  "add_ff": {
    "range": [
      1
    ],
    "results": [
      5.749598732592441
    ],
    "stddev": [
      0.004747781978935012
    ]
  },
  "sub_ff": {
    "range": [
      1
    ],
    "results": [
      11.641818240098017
    ],
    "stddev": [
      0.020378744571792222
    ]
  },
  "neg_ff": {
    "range": [
      1
    ],
    "results": [
      7.079269798043966
    ],
    "stddev": [
      0.010516492528482932
    ]
  },
  "double_ff": {
    "range": [
      1
    ],
    "results": [
      4.3471592279097795
    ],
    "stddev": [
      0.01200240363520737
    ]
  },
  "mul_ff": {
    "range": [
      1
    ],
    "results": [
      33.29206723109162
    ],
    "stddev": [
      0.025397308790901206
    ]
  },
  "square_ff": {
    "range": [
      1
    ],
    "results": [
      26.88154113264089
    ],
    "stddev": [
      0.01619542095837469
    ]
  },
  "inv_ff": {
    "range": [
      1
    ],
    "results": [
      5687.657644308206
    ],
    "stddev": [
      3.516966437729623
    ]
  },
  "ip_ff": {
    "range": [
      2
    ],
    "results": [
      71.07523753459608
    ],
    "stddev": [
      0.05075736893057856
    ]
  },
  "msm_G1": {
    "range": [
      2,
      4,
      8,
      16,
      32,
      64,
      128,
      256,
      512,
      1024,
      2048,
      4096,
      8192,
      16384,
      32768,
      65536,
      131072,
      262144,
      524288,
      1048576,
      2097152
    ],
    "results": [
      216300.41185394023,
      220808.0020871161,
      234526.85384679982,
      249952.3937928247,
      253025.64522782358,
      300764.77506040497,
      408397.48461165954,
      617702.4880153848,
      682096.1549551948,
      1011630.0913346565,
      1731558.3199901506,
      3106451.674705882,
      5520223.5040000025,
      10304824.423999997,
      20225210.510000005,
      38893186.335,
      76682155.57,
      160149974.76,
      316849639.98,
      613182125.24,
      1273405298.4
    ],
    "stddev": [
      1991.2854406361637,
      1648.1951251399635,
      2505.077942250984,
      3398.943115825024,
      2280.256197410309,
      3009.0717551513794,
      3193.5457935676245,
      8870.48140732284,
      28516.961262815974,
      9197.91809079834,
      8695.271285580076,
      5573.115570092664,
      52364.37507278193,
      34518.07606509117,
      54594.54538452757,
      132972.54137044714,
      86299.83132072218,
      197504.93455770265,
      395644.20362312853,
      675579.8955459394,
      3249655.5139567703
    ]
  },
  "msm_ff": {
    "range": [
      1
    ],
    "results": [
      6947.780754514552
    ],
    "stddev": [
      21.465442813560003
    ]
  },
  "fft": {
    "range": [
      2,
      4,
      8,
      16,
      32,
      64,
      128,
      256,
      512,
      1024,
      2048,
      4096,
      8192,
      16384,
      32768,
      65536,
      131072,
      262144,
      524288,
      1048576,
      2097152
    ],
    "results": [
      135.81442780747292,
      18019.820542335576,
      40445.5738652054,
      67485.74425830047,
      95310.50819709132,
      88146.61893847265,
      80958.99614130224,
      128898.72240018737,
      270125.78232849704,
      364853.61466302635,
      491082.87539854145,
      678743.1301966225,
      964765.1873328269,
      1294260.2260328638,
      1814400.8895642702,
      2694767.8094024276,
      4226116.799401155,
      7103218.845436508,
      12716503.273888888,
      33988270.30142857,
      80358558.46363094
    ],
    "stddev": [
      0.2136620879073246,
      62.11619600816588,
      541.6024638892338,
      1035.0348074574015,
      4115.911714259116,
      5492.458743549914,
      1362.2185663765301,
      510.14690934542176,
      25947.17796377254,
      1014.928446577468,
      2421.437557334381,
      6651.552254408211,
      5080.653202235805,
      22775.945990634715,
      7154.809656211057,
      10592.194383697075,
      14777.208556118958,
      40311.990014555246,
      138071.45073079833,
      222138.2051052181,
      270607.3777635283
    ]
  }
}