{
  "add_ff": {
    "range": [
      1
    ],
    "results": [
      13.659002965469943
    ],
    "stddev": [
      0.34681706034281023
    ]
  },
  "mul_ff": {
    "range": [
      1
    ],
    "results": [
      23.864746974661653
    ],
    "stddev": [
      0.4170153159545177
    ]
  },
  "add_G1": {
    "range": [
      1
    ],
    "results": [
      618.9951373419467
    ],
    "stddev": [
      5.278679781191428
    ]
  },
  "add_G2": {
    "range": [
      1
    ],
    "results": [
      3012.4486598733383
    ],
    "stddev": [
      502.66721017155237
    ]
  },
  "mul_G1": {
    "range": [
      1
    ],
    "results": [
      156050.82352967997
    ],
    "stddev": [
      1773.8242753140344
    ]
  },
  "mul_G2": {
    "range": [
      1
    ],
    "results": [
      734585.1175965077
    ],
    "stddev": [
      11862.290640840565
    ]
  },
  "msm_G1": {
    "range": [
      2,
      4,
      8,
      16,
      32,
      64,
      128,
      256,
      512,
      1024,
      2048,
      4096,
      8192,
      16384,
      32768,
      65536,
      131072,
      262144,
      524288,
      1048576,
      2097152
    ],
    "results": [
      6981389.01125,
      6997911.70375,
      7031710.59875,
      7076344.072857144,
      7261203.091428569,
      7301109.818571428,
      7531467.017142857,
      7703932.414285715,
      8729248.164999995,
      8853658.025000002,
      8026261.238948412,
      8333008.3776370855,
      7762610.681296296,
      7768646.621693122,
      7804200.47512566,
      8137212.170016535,
      8668563.633603897,
      9733121.743349206,
      16303367.942215607,
      19418864.7177619,
      42271781.74447091
    ],
    "stddev": [
      3539.7949636108424,
      5095.782419764377,
      6708.39380215411,
      8723.83785677055,
      12181.811460241282,
      18205.638094471702,
      504622.95721430785,
      779086.0606387026,
      185633.2222719284,
      164071.8055917903,
      478940.1665354114,
      86026.6372321569,
      110290.48293138962,
      127616.01980880911,
      83053.82719820888,
      87613.93280473552,
      55847.603224099454,
      85635.24853487808,
      129242.32007464097,
      680974.4311466367,
      3797409.2460220256
    ]
  },
  "msm_G2": {
    "range": [
      2,
      4,
      8,
      16,
      32,
      64,
      128,
      256,
      512,
      1024,
      2048,
      4096,
      8192,
      16384,
      32768,
      65536,
      131072,
      262144,
      524288,
      1048576,
      2097152
    ],
    "results": [
      30379903.818650793,
      31242715.029007934,
      29910390.036319446,
      29875594.222380955,
      30447075.782857142,
      32313370.373518515,
      33184809.466150798,
      31063572.722777776,
      35057293.862248674,
      35807961.81259259,
      31455211.506574072,
      36267100.306044966,
      31891599.55301587,
      31668476.713201065,
      32967498.520727508,
      32978694.889047615,
      35404236.8944709,
      39386995.015436515,
      55786267.487817466,
      63632705.22573413,
      121157467.12130952
    ],
    "stddev": [
      935854.3336361158,
      2864456.338393847,
      490420.21302530175,
      42583.76752146045,
      106376.51152865622,
      1308721.1061938507,
      95308.82797220633,
      196383.08696709797,
      190136.81705367807,
      457094.28476080537,
      130894.681764197,
      311008.960350254,
      104059.67684192196,
      54367.65664333374,
      50890.34837178111,
      7632.509114684315,
      6401.01863290336,
      6790.637666962832,
      35704.175847013226,
      57595.098361435594,
      8607876.091747442
    ]
  },
  "pairing": {
    "range": [
      1
    ],
    "results": [
      4858589.787251462
    ],
    "stddev": [
      26969.619100014686
    ]
  },
  "fft": {
    "range": [
      2,
      4,
      8,
      16,
      32,
      64,
      128,
      256,
      512,
      1024,
      2048,
      4096,
      8192,
      16384,
      32768,
      65536,
      131072,
      262144,
      524288,
      1048576,
      2097152
    ],
    "results": [
      12441.187560648972,
      12984.874237513683,
      13585.477642146943,
      14117.234334135224,
      14695.101820903137,
      15022.457403373346,
      15773.894754548233,
      16898.220160962763,
      30999.961372060883,
      27949.318791835954,
      30533.273167668103,
      29916.816917910608,
      32108.98977169893,
      35164.88423574595,
      39350.430637489146,
      56826.32651441732,
      73768.78749194051,
      88487.74022833916,
      194701.25099724688,
      358388.9020195913,
      745169.2107539682
    ],
    "stddev": [
      15.71828184533831,
      17.772115470264794,
      92.05190165477693,
      63.19432422244376,
      151.66345356088843,
      16.090094981361855,
      48.941035398407905,
      108.65908077209316,
      41.115423520781,
      160.7233706325996,
      177.3755393801559,
      101.83484267058951,
      30.181474679208605,
      53.73843782932712,
      135.52223879333954,
      122.52224074812949,
      201.7596836336284,
      246.9546826372468,
      175.14900152588726,
      129.66854333554411,
      791.367193970136
    ]
  }
}