{
  "add_ff": {
    "range": [
      1
    ],
    "results": [
      13.247585691979507
    ],
    "stddev": [
      0.32602468949229163
    ]
  },
  "mul_ff": {
    "range": [
      1
    ],
    "results": [
      22.28240845646022
    ],
    "stddev": [
      0.07023854810464039
    ]
  },
  "add_G1": {
    "range": [
      1
    ],
    "results": [
      567.6245487905371
    ],
    "stddev": [
      3.328230798591196
    ]
  },
  "add_G2": {
    "range": [
      1
    ],
    "results": [
      2658.3854453615377
    ],
    "stddev": [
      8.406105953816706
    ]
  },
  "mul_G1": {
    "range": [
      1
    ],
    "results": [
      140438.62986682204
    ],
    "stddev": [
      2121.4683807980523
    ]
  },
  "mul_G2": {
    "range": [
      1
    ],
    "results": [
      681746.3639836909
    ],
    "stddev": [
      9648.161191332025
    ]
  },
  "msm_G1": {
    "range": [
      2,
      4,
      8,
      16,
      32,
      64,
      128,
      256,
      512,
      1024,
      2048,
      4096,
      8192,
      16384,
      32768,
      65536,
      131072,
      262144,
      524288,
      1048576,
      2097152
    ],
    "results": [
      8027497.442857139,
      8113337.587142855,
      8156223.497142852,
      8214961.411666667,
      8379605.428333335,
      8410952.916666668,
      8462697.799999999,
      8536310.90166667,
      9399016.715000002,
      9541874.291666666,
      8800476.863019481,
      9781802.33804365,
      9018557.89761544,
      8938748.77949134,
      9106540.484035715,
      9810586.025404762,
      10951860.173095237,
      12927851.490074404,
      21416247.808444448,
      27857608.408085316,
      57572573.90541667
    ],
    "stddev": [
      4610.972989599522,
      3358.8797498324575,
      6704.67433275915,
      9006.806292325538,
      11072.838745207306,
      14939.554976722022,
      17566.164783927932,
      47802.04849712743,
      62281.895218569196,
      170505.36632083746,
      37280.21537515862,
      108123.2656392085,
      22636.727937684027,
      22873.362929220082,
      32795.0263115143,
      11570.419768943038,
      14844.594678023555,
      18176.936893098442,
      1445969.9879392732,
      36289.87346592073,
      2067465.0524267817
    ]
  },
  "msm_G2": {
    "range": [
      2,
      4,
      8,
      16,
      32,
      64,
      128,
      256,
      512,
      1024,
      2048,
      4096,
      8192,
      16384,
      32768,
      65536,
      131072,
      262144,
      524288,
      1048576,
      2097152
    ],
    "results": [
      34000574.40550264,
      34113658.02222222,
      34302247.24543651,
      34649087.648571424,
      35260793.84794973,
      35530092.44559524,
      35749362.78208994,
      36130559.18298942,
      40989520.74570106,
      41028678.08834656,
      36837780.10415344,
      42180877.70914021,
      38554544.24202381,
      39197980.45437831,
      42037595.715410054,
      45945104.25833333,
      55392016.87388889,
      72217838.81105158,
      115867549.7881349,
      170983382.74726188,
      320791714.9
    ],
    "stddev": [
      58759.652083654924,
      54525.686750420464,
      47215.537801957995,
      72396.57611820946,
      66889.83108145469,
      122868.29782371387,
      106965.28256899216,
      278783.91441975365,
      522656.1584317763,
      1536635.08997413,
      89563.24781451,
      1683778.7052277268,
      162601.33381309087,
      142241.14617111557,
      138643.74832676144,
      78486.01281008183,
      73818.62531829116,
      74567.62085838048,
      143140.53595723346,
      315416.2752199919,
      9981055.109267456
    ]
  },
  "pairing": {
    "range": [
      1
    ],
    "results": [
      4563802.393886905
    ],
    "stddev": [
      32007.05957820369
    ]
  },
  "fft": {
    "range": [
      2,
      4,
      8,
      16,
      32,
      64,
      128,
      256,
      512,
      1024,
      2048,
      4096,
      8192,
      16384,
      32768,
      65536,
      131072,
      262144,
      524288,
      1048576,
      2097152
    ],
    "results": [
      11156.059490624652,
      11807.625013211957,
      12100.621174417372,
      12830.848833031032,
      13449.514785573387,
      14269.817530075055,
      15153.544083738636,
      16499.76866992759,
      21265.252655070297,
      24553.382607955893,
      27938.4629633059,
      31324.40505552538,
      34876.678497915294,
      38195.16120086088,
      44524.0171434997,
      77454.84073101198,
      97424.17368949794,
      172436.69317889522,
      388168.01700318244,
      705525.0439147287,
      1349082.6608096422
    ],
    "stddev": [
      14.199846067860891,
      17.863452378446336,
      22.35844262760746,
      50.305870978697506,
      36.69135544760532,
      117.14070302637404,
      53.00130648097608,
      53.818587114559094,
      24.304099595368232,
      13.02060311917046,
      23.748620688290448,
      22.40627952018919,
      23.289049255066686,
      17.218970667661697,
      21.369868116872354,
      38.98462195024973,
      289.4744304292539,
      50.498039978323284,
      1391.0969307559194,
      2469.145706531023,
      3634.3624237868594
    ]
  }
}