{
  "add_ff": {
    "range": [
      1
    ],
    "results": [
      26.11129529075008
    ],
    "stddev": [
      0.14474558312060354
    ]
  },
  "mul_ff": {
    "range": [
      1
    ],
    "results": [
      43.21976849219137
    ],
    "stddev": [
      0.4404266359913137
    ]
  },
  "add_G1": {
    "range": [
      1
    ],
    "results": [
      973.5719529682968
    ],
    "stddev": [
      6.305180311509045
    ]
  },
  "add_G2": {
    "range": [
      1
    ],
    "results": [
      4763.389987502784
    ],
    "stddev": [
      13.799430676582444
    ]
  },
  "mul_G1": {
    "range": [
      1
    ],
    "results": [
      237760.40062655325
    ],
    "stddev": [
      9463.508198247513
    ]
  },
  "mul_G2": {
    "range": [
      1
    ],
    "results": [
      1139003.8556496177
    ],
    "stddev": [
      10593.897902935088
    ]
  },
  "msm_G1": {
    "range": [
      2,
      4,
      8,
      16,
      32,
      64,
      128,
      256,
      512,
      1024,
      2048,
      4096,
      8192,
      16384,
      32768,
      65536,
      131072,
      262144,
      524288,
      1048576,
      2097152
    ],
    "results": [
      8457000.265,
      8550006.245000001,
      8594489.018333334,
      8703237.953333337,
      8878139.818333335,
      8913403.831666663,
      8969712.635,
      9045539.831666667,
      9928684.15,
      10003102.950000007,
      9296811.112869048,
      10349145.036693122,
      9517218.788031746,
      9535658.91098016,
      9640204.411392858,
      10673845.154074075,
      11753120.513452383,
      14089859.676292518,
      24389017.58561508,
      33384974.093677245,
      68773976.04218253
    ],
    "stddev": [
      3071.2954032365546,
      2782.8123351162294,
      5475.289263992002,
      6617.804755148601,
      10602.683448361775,
      17844.910072148065,
      14488.936619685845,
      44268.897846879976,
      69363.9551251535,
      154049.2483936312,
      22827.18425699988,
      70695.51014119676,
      20720.382249915598,
      30133.30159731425,
      20511.890707249633,
      14968.419166717675,
      14775.608769760209,
      12395.742794914622,
      88609.84595150164,
      123018.80360111143,
      120478.406248872
    ]
  },
  "msm_G2": {
    "range": [
      2,
      4,
      8,
      16,
      32,
      64,
      128,
      256,
      512,
      1024,
      2048,
      4096,
      8192,
      16384,
      32768,
      65536,
      131072,
      262144,
      524288,
      1048576,
      2097152
    ],
    "results": [
      35743769.914153434,
      35861564.78969576,
      36070140.39205026,
      36137812.21060847,
      36777828.11825397,
      37055125.916574076,
      37256850.27474867,
      37716573.15343915,
      42436031.208637565,
      43272268.440542325,
      38424904.53367725,
      44192857.35537037,
      40325180.41607143,
      40953006.090727516,
      43838143.75638889,
      48363992.78555556,
      58541158.89720239,
      76839084.93646826,
      124645027.38126984,
      182592412.8,
      347782733.35
    ],
    "stddev": [
      49533.13012497704,
      51396.156210273686,
      54957.82287301089,
      46295.89862519358,
      66216.65658028967,
      83208.85245532775,
      62497.33690965516,
      227173.62758541954,
      192549.61229332688,
      1639554.1851136347,
      166283.3994109913,
      596966.415667438,
      210458.29474625527,
      104572.74919611769,
      86747.86817337961,
      78217.58458114218,
      120909.79095272662,
      124978.30258241846,
      108750.09357345042,
      75932.64554095954,
      8818251.777088327
    ]
  },
  "pairing": {
    "range": [
      1
    ],
    "results": [
      6079918.763410052
    ],
    "stddev": [
      16882.11811058713
    ]
  },
  "fft": {
    "range": [
      2,
      4,
      8,
      16,
      32,
      64,
      128,
      256,
      512,
      1024,
      2048,
      4096,
      8192,
      16384,
      32768,
      65536,
      131072,
      262144,
      524288,
      1048576,
      2097152
    ],
    "results": [
      18339.752699982295,
      19159.208944973543,
      19824.07683319254,
      20532.42639313898,
      21453.82179516251,
      22277.03711209389,
      22399.892246515847,
      23434.776407389458,
      27804.829895992552,
      31175.119392569864,
      34855.337825099814,
      38485.258009509635,
      41935.62009884526,
      45461.29593441264,
      52134.32379139103,
      86764.7330165952,
      108567.05691538185,
      194681.59484508546,
      435625.29238133214,
      789206.4669632595,
      1512717.9730972224
    ],
    "stddev": [
      15.017276528909198,
      9.279076399956633,
      13.29041108825217,
      20.21828096111785,
      19.650703438440203,
      10.163467362259933,
      16.592540193882968,
      8.748726987874994,
      33.631696549473524,
      10.583684399375132,
      8.671014812815718,
      12.205286842206016,
      195.7879812298079,
      8.144628181443386,
      122.09235632848755,
      28.87027367857369,
      324.4307117902017,
      768.5288981712023,
      2500.5482647496306,
      5280.03228201582,
      10892.577254661797
    ]
  }
}