{
  "add_ff": {
    "range": [
      1
    ],
    "results": [
      13.011466817944765
    ],
    "stddev": [
      0.2857575397575125
    ]
  },
  "mul_ff": {
    "range": [
      1
    ],
    "results": [
      22.042992757610527
    ],
    "stddev": [
      0.2853046228892647
    ]
  },
  "add_G1": {
    "range": [
      1
    ],
    "results": [
      312.45125610060387
    ],
    "stddev": [
      1.4327788100496304
    ]
  },
  "add_G2": {
    "range": [
      1
    ],
    "results": [
      1044.5930133451614
    ],
    "stddev": [
      13.110163304405408
    ]
  },
  "mul_G1": {
    "range": [
      1
    ],
    "results": [
      81624.02953343414
    ],
    "stddev": [
      1395.6633606642217
    ]
  },
  "mul_G2": {
    "range": [
      1
    ],
    "results": [
      254314.54762071042
    ],
    "stddev": [
      5346.759094327408
    ]
  },
  "msm_G1": {
    "range": [
      2,
      4,
      8,
      16,
      32,
      64,
      128,
      256,
      512,
      1024,
      2048,
      4096,
      8192,
      16384,
      32768,
      65536,
      131072,
      262144,
      524288,
      1048576,
      2097152
    ],
    "results": [
      2938087.1223529424,
      2870972.616111111,
      2914099.3822222226,
      2948856.044117648,
      3052843.0770588242,
      3225795.8247058834,
      3159223.275625,
      3352500.7919999994,
      3256216.820625,
      3213853.500625,
      3235724.9835799322,
      3627391.9159462764,
      3454420.026017943,
      3840026.401612103,
      3562686.0184890116,
      3945871.1563940644,
      4556459.388194445,
      5922257.169587301,
      11941369.23344246,
      20293799.498373017,
      35925202.81451058
    ],
    "stddev": [
      461057.33373030514,
      1491.2144754307783,
      2661.067597954144,
      4002.926750152288,
      5320.925344743941,
      579059.5452059679,
      16561.394041634092,
      24145.861446847044,
      21108.00263298159,
      9240.624125906683,
      7396.480500227958,
      47867.65347499605,
      32727.35071495113,
      70413.48535317181,
      1532.8979971108458,
      2130.5182559464197,
      1801.8527358733465,
      5646.766151713903,
      15942.845813584696,
      14963.799490859341,
      40464.56935421962
    ]
  },
  "msm_G2": {
    "range": [
      2,
      4,
      8,
      16,
      32,
      64,
      128,
      256,
      512,
      1024,
      2048,
      4096,
      8192,
      16384,
      32768,
      65536,
      131072,
      262144,
      524288,
      1048576,
      2097152
    ],
    "results": [
      16396131.75599206,
      16367783.32723016,
      16467712.799742062,
      16642102.721309522,
      16967232.871937834,
      17084587.715218253,
      17594784.33088624,
      18795009.246722225,
      18056719.73660714,
      17446023.040529102,
      17526371.099794973,
      19830886.4057619,
      18491181.648706347,
      20393031.66933333,
      18556309.151357144,
      19891949.738182537,
      22484317.67392063,
      28162428.945238102,
      47438173.30271825,
      76699502.13436508,
      127665214.61797619
    ],
    "stddev": [
      48375.50378255843,
      2234.1392210002814,
      14264.685381436326,
      13221.116678923394,
      24841.848731684873,
      29173.318178983583,
      134390.13133728298,
      130665.28835855737,
      111705.71466056052,
      40473.89999824327,
      67551.74691969258,
      112635.07461365957,
      135487.21394769358,
      261453.05587994013,
      10454.429499389631,
      8883.29007289532,
      68015.94596897704,
      65331.56263462026,
      76808.91552650376,
      158707.84336366286,
      264452.71109003905
    ]
  },
  "pairing": {
    "range": [
      1
    ],
    "results": [
      1696270.2679012343
    ],
    "stddev": [
      6556.777615794397
    ]
  },
  "fft": {
    "range": [
      2,
      4,
      8,
      16,
      32,
      64,
      128,
      256,
      512,
      1024,
      2048,
      4096,
      8192,
      16384,
      32768,
      65536,
      131072,
      262144,
      524288,
      1048576,
      2097152
    ],
    "results": [
      11955.7830635766,
      11698.836937687132,
      12171.010899342995,
      12895.389369254988,
      13640.436482265912,
      14355.274521984025,
      15368.47209735378,
      16752.513551294116,
      21818.024572805603,
      25095.034112713784,
      30294.82014332511,
      33211.5092925987,
      35024.23213695383,
      38422.36029110073,
      44902.14972707971,
      77820.97583721312,
      97479.17815162908,
      173567.05242601174,
      393760.13592626946,
      709902.7327504961,
      1360172.5475396826
    ],
    "stddev": [
      2841.754984633889,
      18.855524183378797,
      8.952278367560387,
      13.131092378786752,
      17.022148365203194,
      16.405121718456883,
      11.581214767239056,
      15.449768860001315,
      124.7312222242672,
      64.29499981434971,
      6242.862610450169,
      3400.696606526986,
      31.57127997758649,
      18.60497247778571,
      128.2643530657727,
      23.767204758290703,
      37.01504194085753,
      49.55182058681471,
      795.1353687629176,
      2124.216443390054,
      3675.7641858868224
    ]
  }
}