{
  "add_ff": {
    "range": [
      1
    ],
    "results": [
      26.134036634384387
    ],
    "stddev": [
      0.1571017203448643
    ]
  },
  "mul_ff": {
    "range": [
      1
    ],
    "results": [
      42.89319284604581
    ],
    "stddev": [
      0.3535927004924357
    ]
  },
  "add_G1": {
    "range": [
      1
    ],
    "results": [
      515.1759622629603
    ],
    "stddev": [
      3.8567383269049196
    ]
  },
  "add_G2": {
    "range": [
      1
    ],
    "results": [
      1834.4700167283722
    ],
    "stddev": [
      11.595743133304758
    ]
  },
  "mul_G1": {
    "range": [
      1
    ],
    "results": [
      127948.83848371865
    ],
    "stddev": [
      1254.0667997158741
    ]
  },
  "mul_G2": {
    "range": [
      1
    ],
    "results": [
      439873.0936430927
    ],
    "stddev": [
      4806.079677099144
    ]
  },
  "msm_G1": {
    "range": [
      2,
      4,
      8,
      16,
      32,
      64,
      128,
      256,
      512,
      1024,
      2048,
      4096,
      8192,
      16384,
      32768,
      65536,
      131072,
      262144,
      524288,
      1048576,
      2097152
    ],
    "results": [
      3015759.108235294,
      3031144.525882354,
      3075205.77117647,
      3115441.8225,
      3220139.653125,
      3237833.4525,
      3365999.394000001,
      3570517.5657142852,
      3463056.0986666665,
      3480606.2026666654,
      3508169.5557570206,
      3845618.653693783,
      3778472.425896164,
      4107523.300933403,
      3891283.1863773144,
      4429725.111067649,
      5031152.795486634,
      6539133.218647959,
      13452591.837210884,
      23399641.55124008,
      42160236.24048942
    ],
    "stddev": [
      2177.8820324609696,
      740.2251276750188,
      2414.1401434838576,
      3825.8832212795983,
      5472.38995969465,
      8124.728673297152,
      20154.671293816395,
      28431.712664500228,
      19175.877340092276,
      8391.289154413076,
      11050.423006552028,
      28737.08087225545,
      42678.35691705199,
      50515.85220559684,
      746.9797481949972,
      1516.9218000723638,
      2722.388913929221,
      7949.066310831098,
      10534.862107627874,
      14558.39750885631,
      138170.83258748928
    ]
  },
  "msm_G2": {
    "range": [
      2,
      4,
      8,
      16,
      32,
      64,
      128,
      256,
      512,
      1024,
      2048,
      4096,
      8192,
      16384,
      32768,
      65536,
      131072,
      262144,
      524288,
      1048576,
      2097152
    ],
    "results": [
      17117218.70386905,
      17088435.462652113,
      17203445.8840873,
      17371218.765701063,
      17723763.717843913,
      17842056.675892856,
      18383576.868,
      19599776.50257937,
      18811495.223047618,
      18273639.52672222,
      18332586.506333333,
      20654989.70386508,
      19594023.917309526,
      21558024.55513492,
      19428515.987492062,
      21001662.215880953,
      24517633.684494045,
      31542807.130582016,
      52208567.4917262,
      85608915.67523809,
      142912838.3078175
    ],
    "stddev": [
      752.3137388233446,
      2584.6549953065964,
      12869.571075490625,
      15765.834839616477,
      20650.55745796,
      39645.725874371994,
      99192.22407645926,
      156321.2048542596,
      84184.93070316032,
      48103.182353520264,
      41432.35672546457,
      103408.61324190724,
      264009.4567957059,
      290007.60507646634,
      6062.478584282388,
      48033.528867353,
      31861.45419813525,
      30153.759622936086,
      59681.62538910942,
      184403.95396650882,
      268411.28190823185
    ]
  },
  "pairing": {
    "range": [
      1
    ],
    "results": [
      2081043.1078805916
    ],
    "stddev": [
      1611.1886896783515
    ]
  },
  "fft": {
    "range": [
      2,
      4,
      8,
      16,
      32,
      64,
      128,
      256,
      512,
      1024,
      2048,
      4096,
      8192,
      16384,
      32768,
      65536,
      131072,
      262144,
      524288,
      1048576,
      2097152
    ],
    "results": [
      18266.24763317719,
      19103.616967172937,
      19853.72302369799,
      20731.39307225969,
      21563.796996019468,
      22141.551044850683,
      22060.337656839125,
      23436.73395806675,
      28053.882838638365,
      31465.94599163412,
      35189.609527182154,
      38894.41461223758,
      42072.33233428335,
      45704.803506519136,
      52628.83057831703,
      86920.31273824756,
      108883.66436565101,
      196748.9220271666,
      438652.3140567766,
      794943.4058726707,
      1528700.9806369047
    ],
    "stddev": [
      23.196709735530877,
      13.878596038425755,
      21.468986185129786,
      13.35712971579942,
      18.81873330824967,
      22.892807496298296,
      20.655100636069,
      5.9341142399937015,
      21.223878835707108,
      14.217246075594742,
      12.84588829638352,
      38.59749957756954,
      17.524588975973817,
      20.381590606297923,
      17.210363743956815,
      30.84632335686832,
      292.053602122948,
      1036.5340661045407,
      2137.4947781780434,
      4896.316034423324,
      10438.61394591867
    ]
  }
}