{
  "add_ff": {
    "range": [
      1
    ],
    "results": [
      13.637389137702769
    ],
    "stddev": [
      0.33144470263566495
    ]
  },
  "mul_ff": {
    "range": [
      1
    ],
    "results": [
      23.30596752357524
    ],
    "stddev": [
      0.14870129388622938
    ]
  },
  "add_G1": {
    "range": [
      1
    ],
    "results": [
      331.74419477631557
    ],
    "stddev": [
      2.86865156518643
    ]
  },
  "add_G2": {
    "range": [
      1
    ],
    "results": [
      1123.8799847248733
    ],
    "stddev": [
      14.277207335964233
    ]
  },
  "mul_G1": {
    "range": [
      1
    ],
    "results": [
      85988.95721798381
    ],
    "stddev": [
      823.6421586775742
    ]
  },
  "mul_G2": {
    "range": [
      1
    ],
    "results": [
      266848.75958078605
    ],
    "stddev": [
      5826.1320376262765
    ]
  },
  "msm_G1": {
    "range": [
      2,
      4,
      8,
      16,
      32,
      64,
      128,
      256,
      512,
      1024,
      2048,
      4096,
      8192,
      16384,
      32768,
      65536,
      131072,
      262144,
      524288,
      1048576,
      2097152
    ],
    "results": [
      2222713.915217391,
      2244029.0017391313,
      2254911.028260869,
      2256985.5563636357,
      2345361.2027272717,
      2345601.3568181824,
      2422351.122857144,
      2578636.4825,
      2505236.2625,
      2483777.897619048,
      2497738.906883312,
      2787203.0354713807,
      2696191.512593371,
      2923574.0371569386,
      2735249.8659232026,
      2947554.313629032,
      3232109.855314723,
      3934597.933571429,
      8537110.716222944,
      14840935.673112247,
      26599467.31798611
    ],
    "stddev": [
      1483.8628379686895,
      1911.65251803603,
      2477.389617129578,
      3422.6862204837366,
      4550.460936008706,
      5592.249668896381,
      12933.952648570861,
      19310.803531046247,
      15689.73139695733,
      5880.251296909149,
      3622.6055089080746,
      21926.095196300623,
      29208.17225658038,
      41721.78023031802,
      7245.975266302723,
      5341.988641051117,
      6938.495792581545,
      11198.436432911849,
      2937.3592562354543,
      8506.108125752397,
      16133.84204096082
    ]
  },
  "msm_G2": {
    "range": [
      2,
      4,
      8,
      16,
      32,
      64,
      128,
      256,
      512,
      1024,
      2048,
      4096,
      8192,
      16384,
      32768,
      65536,
      131072,
      262144,
      524288,
      1048576,
      2097152
    ],
    "results": [
      14113312.376071429,
      14162840.915912699,
      14217541.767193878,
      14362128.137154195,
      14674675.417392293,
      14743550.681003401,
      15204866.515853176,
      16114151.13289021,
      15511347.877149472,
      15044114.077726757,
      15118514.362414023,
      17107962.69017857,
      15835374.775429893,
      17227462.92751984,
      15478281.045416664,
      16142588.650079364,
      17227510.494735453,
      19544566.6735,
      30113394.557162702,
      44852681.42548941,
      71955531.64369048
    ],
    "stddev": [
      2191.981440389772,
      2316.178488516135,
      11219.166354665927,
      21237.837254837952,
      26108.468789717375,
      34980.53943207613,
      72481.82817993566,
      89271.82900046823,
      49256.05386173033,
      24721.41943988615,
      52326.786632884076,
      101931.89992955983,
      92590.49760161934,
      218248.8995605991,
      33392.183883733276,
      26148.77195317533,
      29424.11635017432,
      35528.641342601804,
      18148.25042054691,
      17815.090906176807,
      41784.37660886653
    ]
  },
  "pairing": {
    "range": [
      1
    ],
    "results": [
      1804493.7292522565
    ],
    "stddev": [
      11395.878535184622
    ]
  },
  "fft": {
    "range": [
      2,
      4,
      8,
      16,
      32,
      64,
      128,
      256,
      512,
      1024,
      2048,
      4096,
      8192,
      16384,
      32768,
      65536,
      131072,
      262144,
      524288,
      1048576,
      2097152
    ],
    "results": [
      12420.32377899125,
      12976.52389810961,
      13538.437862459488,
      14228.116729784751,
      14561.529168683666,
      15132.272733556321,
      15848.482791222097,
      16903.242802498775,
      32494.718498849987,
      31342.893546763662,
      31090.363993948686,
      31335.08232120209,
      32477.37733981061,
      35454.01239177068,
      39473.762543101664,
      58954.4895219506,
      73837.55477620855,
      89845.45168095393,
      201737.82219409168,
      365176.0627699687,
      750175.2015092483
    ],
    "stddev": [
      23.482994107943433,
      16.646650657193273,
      37.867362113621816,
      154.52641229472889,
      24.53318352455323,
      85.00986271291595,
      66.99773423799807,
      20.31523666062359,
      150.51896299897803,
      56.855527588680275,
      261.52549683125136,
      49.48027206466217,
      128.66804474292022,
      104.24473262107865,
      44.74603629189378,
      121.6196924101034,
      92.19350396917969,
      140.64465942343233,
      70.8556511387052,
      188.67997894624702,
      714.3142857924947
    ]
  }
}