{"add_G1": {"range": [1], "results": [1118.8450994459643]}, "sub_G1": {"range": [1], "results": [1144.4754633882208]}, "double_G1": {"range": [1], "results": [553.5163097766131]}, "mul_G1": {"range": [1], "results": [277319.0517062141]}, "add_G2": {"range": [1], "results": [4422.738941289618]}, "sub_G2": {"range": [1], "results": [4458.621286224743]}, "double_G2": {"range": [1], "results": [2050.929334139532]}, "mul_G2": {"range": [1], "results": [1041066.8402214199]}, "add_ff": {"range": [1], "results": [7.979427085730314]}, "sub_ff": {"range": [1], "results": [9.807298202943487]}, "neg_ff": {"range": [1], "results": [6.2476425696136335]}, "double_ff": {"range": [1], "results": [5.151274494938228]}, "mul_ff": {"range": [1], "results": [36.1820954218242]}, "square_ff": {"range": [1], "results": [31.73200069890041]}, "inv_ff": {"range": [1], "results": [6176.322613542506]}, "ip_ff": {"range": [2], "results": [50.74219046578994]}, "msm_G1": {"range": [2, 4, 8, 16, 32, 64, 128, 256, 512, 1024, 2048, 4096, 8192, 16384, 32768, 65536, 131072, 262144, 524288, 1048576, 2097152], "results": [381417.02501723386, 428097.5513843162, 539501.1332302544, 674268.212424968, 942299.6120119495, 1405529.294997369, 2011336.2511999998, 3239654.360625, 5019907.588999999, 8267269.074285713, 16094428.81, 29508538.34, 54202954.44, 87336094.87, 174933154.21, 316713832.76, 587745268.67, 1214622260.97, 2409578219.02, 4708290859.49, 7720186638.2]}, "msm_G2": {"range": [2, 4, 8, 16, 32, 64, 128, 256, 512, 1024, 2048, 4096, 8192, 16384, 32768, 65536, 131072, 262144, 524288, 1048576, 2097152], "results": [1112848.9733865662, 1331581.8161264174, 1560755.9315792304, 2006417.1252251551, 2844246.6927951393, 4315796.028196248, 6265642.172846561, 10394633.713500882, 16392074.398326721, 27178971.101646822, 52793040.13073412, 98835757.3306746, 177566819.7740873, 290861685.25, 557612890.2, 1008519115.8, 1904881808.4, 3828559117.3, 7554881182.9, 14787176389.6, 23408964198.2]}, "msm_Gt": {"range": [2, 4, 8, 16, 32, 64, 128, 256, 512, 1024, 2048, 4096, 8192, 16384, 32768, 65536, 131072, 262144], "results": [2255145.7512485483, 3224614.573070607, 4121597.3551535546, 6086972.612486772, 10217227.74112434, 19306992.64396032, 37430520.27554233, 73945363.66543652, 146699376.09488094, 291867996.8, 606673854.8, 1210953058.6, 2420559830.7, 4832442997.2, 9647926963.1, 19285203569.1, 38457959407.4, 76977410212.6]}, "pairing": {"range": [1], "results": [1759848.4341735349]}}