{"add_G1": {"range": [1], "results": [969.4454528523603]}, "sub_G1": {"range": [1], "results": [992.8195110706077]}, "double_G1": {"range": [1], "results": [463.7754801660056]}, "mul_G1": {"range": [1], "results": [236661.8626484316]}, "add_G2": {"range": [1], "results": [3562.7490141172802]}, "sub_G2": {"range": [1], "results": [3595.188329891797]}, "double_G2": {"range": [1], "results": [1625.428221006548]}, "mul_G2": {"range": [1], "results": [835584.2222114365]}, "add_ff": {"range": [1], "results": [5.909729319622999]}, "sub_ff": {"range": [1], "results": [5.900941042498651]}, "neg_ff": {"range": [1], "results": [4.713605771625791]}, "double_ff": {"range": [1], "results": [3.778811072255897]}, "mul_ff": {"range": [1], "results": [32.536431171828504]}, "square_ff": {"range": [1], "results": [27.902095868084547]}, "inv_ff": {"range": [1], "results": [4916.5234429649745]}, "ip_ff": {"range": [2], "results": [45.885992802305516]}, "msm_G1": {"range": [2, 4, 8, 16, 32, 64, 128, 256, 512, 1024, 2048, 4096, 8192, 16384, 32768, 65536, 131072, 262144, 524288, 1048576, 2097152], "results": [384795.95370754873, 396049.78543873737, 424641.30622077757, 520383.9342581769, 608964.3709498593, 771012.4198344895, 965807.2723572593, 1206931.9258008546, 1677229.5050059927, 2526348.31, 4592010.832727275, 8541636.82666667, 15219486.7275, 29476515.79, 57998890.53, 114718891.83, 212109476.45, 403799970.25, 637368400.72, 1205994819.93, 2401588307.2]}, "msm_G2": {"range": [2, 4, 8, 16, 32, 64, 128, 256, 512, 1024, 2048, 4096, 8192, 16384, 32768, 65536, 131072, 262144, 524288, 1048576, 2097152], "results": [961096.4814874686, 977340.8995609041, 1051719.8789281151, 1251112.676079039, 1389508.4420171955, 1870077.1958025594, 2420498.819457672, 3086795.4685383597, 4538591.223912699, 7086637.290302197, 13283193.506904762, 25522858.481964283, 45708507.26105158, 90480724.42978175, 178576004.25563493, 340474750.7, 603137059.7, 1060204054.0, 1694237461.4, 3224956776.3, 6422692174.8]}, "mul_Gt": {"range": [1], "results": [922437.368736111]}, "msm_Gt": {"range": [2, 4, 8, 16, 32, 64, 128, 256, 512, 1024, 2048, 4096, 8192, 16384, 32768, 65536, 131072, 262144], "results": [2031730.4756067016, 2907747.182579365, 4000959.6496825395, 5424190.776888423, 8456850.775515873, 15224813.760588625, 26917084.57878968, 52487909.63539682, 103505234.24615079, 205526962.4, 432114795.05, 863443105.0, 1723910658.9, 3443531545.5, 6885823558.5, 13758041484.8, 27463128145.7, 54872200168.4]}, "pairing": {"range": [1], "results": [1586618.8878420908]}}