{"add_G1": {"range": [1], "results": [1001.1055145544666]}, "sub_G1": {"range": [1], "results": [1026.0756389585433]}, "double_G1": {"range": [1], "results": [497.69878621043614]}, "mul_G1": {"range": [1], "results": [248388.53952685278]}, "add_G2": {"range": [1], "results": [3967.557271930555]}, "sub_G2": {"range": [1], "results": [3996.402731404039]}, "double_G2": {"range": [1], "results": [1844.1415373658365]}, "mul_G2": {"range": [1], "results": [940444.8797040364]}, "add_ff": {"range": [1], "results": [7.163201952086075]}, "sub_ff": {"range": [1], "results": [8.912677263290965]}, "neg_ff": {"range": [1], "results": [5.594074591880344]}, "double_ff": {"range": [1], "results": [7.888957695655272]}, "mul_ff": {"range": [1], "results": [32.434003737955095]}, "square_ff": {"range": [1], "results": [28.472979000036233]}, "inv_ff": {"range": [1], "results": [5673.355220170675]}, "ip_ff": {"range": [2], "results": [45.46089418209466]}, "msm_G1": {"range": [2, 4, 8, 16, 32, 64, 128, 256, 512, 1024, 2048, 4096, 8192, 16384, 32768, 65536, 131072, 262144, 524288, 1048576, 2097152], "results": [383195.2489230298, 395319.1504139716, 425355.35919124587, 516645.7075439973, 605886.5741205664, 771139.9373312114, 967524.6023561294, 1209344.1902072425, 1672917.5655160188, 2528382.135500001, 4591837.540909092, 8540677.638333332, 15219011.25, 29503658.19, 58067456.69, 114352902.45, 211391060.74, 401238021.98, 643067748.13, 1209556464.09, 2401318632.5]}, "msm_G2": {"range": [2, 4, 8, 16, 32, 64, 128, 256, 512, 1024, 2048, 4096, 8192, 16384, 32768, 65536, 131072, 262144, 524288, 1048576, 2097152], "results": [974336.6583825231, 993281.7783403881, 1049400.982299307, 1249383.317210263, 1385983.875986652, 1862207.3437058635, 2396378.6617919793, 3087600.1192169315, 4540287.40036848, 7096234.256037852, 13263101.00431406, 25503688.446607143, 45765020.915416665, 90405600.01892857, 179374211.86376983, 335042110.3, 600937208.5, 1074540794.3, 1679176368.8, 3234765615.8, 6420820339.6]}, "mul_Gt": {"range": [1], "results": [924086.3748571428]}, "msm_Gt": {"range": [2, 4, 8, 16, 32, 64, 128, 256, 512, 1024, 2048, 4096, 8192, 16384, 32768, 65536, 131072, 262144], "results": [2031245.3146684305, 2903193.885186012, 4001684.3671756387, 5454866.569806255, 8412669.458253969, 15184093.131302912, 26916872.906160712, 52448317.99293651, 103637736.77011904, 205595934.8, 432231160.65, 863677884.1, 1722270999.8, 3436948457.1, 6869682012.3, 13733865314.7, 27446419765.3, 54856161740.8]}, "pairing": {"range": [1], "results": [1588859.3074726327]}}