{"mul_ff": {"range": [1], "results": [15]}, "mul_ec": {"range": [1], "results": [142537]}, "add_ff": {"range": [1], "results": [4]}, "add_ec": {"range": [1], "results": [560]}, "msm_G1": {"range": [2, 4, 8, 16, 32, 64, 128, 256, 512, 1024, 2048, 4096, 8192, 16384], "results": [448172.9583045744, 527483.962565975, 642381.8292647353, 707736.1259466148, 867963.2829786016, 1283887.3088548065, 1512709.1986833713, 1876495.1919409076, 3326387.1075, 4908441.7775, 6555568.427777779, 14853463.54, 17882200.69666666, 30507604.97]}, "msm_G2": {"range": [2, 4, 8, 16, 32, 64, 128, 256, 512, 1024, 2048, 4096, 8192], "results": [853376.8689413636, 1045705.7664942342, 1279834.3781201704, 1663639.9869055701, 2155780.1370833335, 2607443.3778947373, 3763420.609333334, 5412270.555555557, 8000611.663333331, 11201776.337999998, 19227558.59000001, 37073124.175, 60228723.73]}}