{
  "msm_G1": {
    "range": [
      2,
      4,
      8,
      16,
      32,
      64,
      128,
      256,
      512,
      1024,
      2048,
      4096,
      8192,
      16384,
      32768,
      65536,
      131072,
      262144,
      524288,
      1048576,
      2097152
    ],
    "results": [
      332426.71831599704,
      342242.87453854614,
      396360.3689359317,
      472465.2420165835,
      709852.7788397911,
      1036195.5740120384,
      1334573.5840985426,
      2070345.3871999998,
      3313092.686875,
      4949957.705454544,
      9001726.000000004,
      16872444.49,
      28500109.78,
      45373580.03,
      90583905.42,
      174242070.06,
      311092665.99,
      644689843.98,
      1298406395.95,
      2457220557.16,
      4118333260.0
    ],
    "stddev": [
      4011.2243451128807,
      2928.2088718376012,
      5339.156738709068,
      4634.801856963444,
      7711.8710190181555,
      7810.330175996632,
      42108.49117366218,
      8146.5922550973455,
      68285.54366703324,
      105551.47260610052,
      47899.86807757283,
      374196.6470354515,
      749929.0055478428,
      658775.5980566517,
      200904.91999715593,
      7111136.121710515,
      9543987.19629776,
      9364921.147513982,
      18232324.34157507,
      41157739.28610167,
      40603420.217658535
    ]
  },
  "msm_ff": {
    "range": [
      1
    ],
    "results": [
      4774.478578181179
    ],
    "stddev": [
      3.673901305701363
    ]
  },
  "fft": {
    "range": [
      2,
      4,
      8
    ],
    "results": [
      141.1556570246799,
      14238.34254577998,
      2950.8871964366017
    ],
    "stddev": [
      0.4709058022611415,
      456.51514683491695,
      3.7409763450715916
    ]
  }
}