{
  "msm_G1": {
    "range": [
      2,
      4,
      8,
      16,
      32,
      64,
      128,
      256,
      512,
      1024,
      2048,
      4096,
      8192,
      16384,
      32768,
      65536,
      131072,
      262144,
      524288,
      1048576,
      2097152
    ],
    "results": [
      485901.37036902865,
      493504.97792822734,
      531328.0954441628,
      539832.6130583228,
      609384.2450093147,
      799908.8260525048,
      973698.9676903067,
      1552321.9879170798,
      1662173.9081212939,
      2398451.9286363637,
      4088232.0399999977,
      7553511.238571428,
      12673859.1125,
      24422685.7,
      47536644.495,
      93832064.35,
      171642112.07,
      356314712.69,
      717907501.01,
      1377686108.37,
      2783513273.2
    ],
    "stddev": [
      8311.049283748654,
      13157.055066067172,
      7645.320109147106,
      7435.31979063925,
      4107.625833722419,
      3563.02684175144,
      4911.755540974874,
      8933.428676846414,
      114548.68327245084,
      197132.512725995,
      30508.10059419273,
      12550.72872999416,
      20004.804966038006,
      571492.8198758123,
      58003.64651435698,
      3566388.96145674,
      8158254.239877288,
      670130.6950362549,
      2084310.8322244335,
      5156872.185251554,
      2573212.6960056685
    ]
  },
  "msm_ff": {
    "range": [
      1
    ],
    "results": [
      13289.876424629303
    ],
    "stddev": [
      36.28367080171826
    ]
  },
  "fft": {
    "range": [
      2,
      4,
      8
    ],
    "results": [
      248.03197638778428,
      21889.030583629898,
      7050.9393842717645
    ],
    "stddev": [
      1.6851818595588846,
      253.26825237799594,
      21.28979516795231
    ]
  }
}