{
  "add_G1": {
    "range": [
      1
    ],
    "results": [
      394.8141752714902
    ],
    "stddev": [
      1.8889083421282873
    ]
  },
  "sub_G1": {
    "range": [
      1
    ],
    "results": [
      404.2710628020104
    ],
    "stddev": [
      0.3991307062449237
    ]
  },
  "double_G1": {
    "range": [
      1
    ],
    "results": [
      300.926430330759
    ],
    "stddev": [
      0.6931619697749045
    ]
  },
  "mul_G1": {
    "range": [
      1
    ],
    "results": [
      125677.7869890966
    ],
    "stddev": [
      207.78043414955326
    ]
  },
  "add_ff": {
    "range": [
      1
    ],
    "results": [
      5.986845745483306
    ],
    "stddev": [
      0.007517728925087898
    ]
  },
  "sub_ff": {
    "range": [
      1
    ],
    "results": [
      9.02350629030382
    ],
    "stddev": [
      0.09156771664786151
    ]
  },
  "neg_ff": {
    "range": [
      1
    ],
    "results": [
      4.929343889261258
    ],
    "stddev": [
      0.018895029136796655
    ]
  },
  "double_ff": {
    "range": [
      1
    ],
    "results": [
      4.155530589354799
    ],
    "stddev": [
      0.008955400165696348
    ]
  },
  "mul_ff": {
    "range": [
      1
    ],
    "results": [
      32.579667040132875
    ],
    "stddev": [
      0.04577697476445235
    ]
  },
  "square_ff": {
    "range": [
      1
    ],
    "results": [
      27.421811377180244
    ],
    "stddev": [
      0.04085024166771291
    ]
  },
  "inv_ff": {
    "range": [
      1
    ],
    "results": [
      5995.036994215679
    ],
    "stddev": [
      8.503536746590092
    ]
  },
  "ip_ff": {
    "range": [
      2
    ],
    "results": [
      48.20172956273792
    ],
    "stddev": [
      0.05053158684367268
    ]
  },
  "msm_G1": {
    "range": [
      2,
      4,
      8,
      16,
      32,
      64,
      128,
      256,
      512,
      1024,
      2048,
      4096,
      8192,
      16384,
      32768,
      65536,
      131072,
      262144,
      524288,
      1048576,
      2097152
    ],
    "results": [
      312702.9142834735,
      334194.88131988357,
      363998.8091017232,
      429140.2190945356,
      655853.9925831375,
      995735.550990256,
      1288625.9014307566,
      2009907.6295999992,
      3205121.315,
      4818201.684545454,
      8822024.631666666,
      16612271.4375,
      27873240.22,
      44227459.905,
      88931587.04,
      171775168.1,
      313220903.33,
      634822001.83,
      1305495415.06,
      2389840269.76,
      4158548132.8
    ],
    "stddev": [
      4466.646144203521,
      3286.916403822527,
      3391.1492357096104,
      2141.931039246688,
      3862.296261100579,
      5187.144981656748,
      6902.914854723765,
      5746.347639150608,
      55327.29436124218,
      107921.04185198284,
      26283.16389857987,
      387331.3954865981,
      861271.1449414908,
      115440.26828632405,
      186946.4677721898,
      6063068.131648662,
      9643072.666790454,
      7678185.8606762355,
      19317300.331400122,
      34268737.47885894,
      33075888.51959739
    ]
  },
  "msm_ff": {
    "range": [
      1
    ],
    "results": [
      4369.436025757222
    ],
    "stddev": [
      7.849018068171125
    ]
  },
  "fft": {
    "range": [
      2,
      4,
      8
    ],
    "results": [
      137.39644868970157,
      15987.643382112972,
      2802.164228024882
    ],
    "stddev": [
      2.048466816442352,
      501.2177904979017,
      2.6283018531950644
    ]
  }
}