{
  "msm_G1": {
    "range": [
      1982,
      2735,
      5128,
      11993,
      27306,
      41875,
      108022,
      134502,
      442202,
      577562,
      2094224,
      2253354,
      20251660
    ],
    "results": [
      2484857.127373445,
      3538932.2291727713,
      5191180.3904298935,
      10939934.830176368,
      23441920.826438494,
      38443287.20232804,
      83042819.2176389,
      122825419.51912698,
      363546170.85,
      463274704.4,
      1313214560.8,
      1467333057.6,
      12791290262.6
    ],
    "stddev": [
      10655.172241708266,
      13763.165240418868,
      11738.76375223283,
      20151.24499811675,
      15792.37787299836,
      73187.70140426586,
      136583.86799570132,
      496049.4380071335,
      9642087.526265007,
      10838544.425258972,
      24528087.313888073,
      16100897.892229235,
      32346153.07747025
    ]
  }
}