{
  "msm_G1": {
    "range": [
      2,
      4,
      8,
      16,
      32,
      64,
      128,
      256,
      512,
      1024,
      2048,
      4096,
      8192,
      16384,
      32768,
      65536,
      131072,
      262144,
      524288,
      1048576,
      2097152
    ],
    "results": [
      485901.37036902865,
      493504.97792822734,
      531328.0954441628,
      539832.6130583228,
      609384.2450093147,
      799908.8260525048,
      973698.9676903067,
      1552321.9879170798,
      1662173.9081212939,
      2398451.9286363637,
      4088232.0399999977,
      7553511.238571428,
      12673859.1125,
      24422685.7,
      47536644.495,
      93832064.35,
      171642112.07,
      356314712.69,
      717907501.01,
      1377686108.37,
      2783513273.2
    ]
  },
  "fft": {
    "range": [
      2,
      4,
      8
    ],
    "results": [
      248.03197638778428,
      21889.030583629898,
      7050.9393842717645
    ]
  }
}