{
  "msm_G1": {
    "range": [
      2,
      4,
      8,
      16,
      32,
      64,
      128,
      256,
      512,
      1024,
      2048,
      4096,
      8192,
      16384,
      32768,
      65536,
      131072,
      262144,
      524288,
      1048576,
      2097152
    ],
    "results": [
      332426.71831599704,
      342242.87453854614,
      396360.3689359317,
      472465.2420165835,
      709852.7788397911,
      1036195.5740120384,
      1334573.5840985426,
      2070345.3871999998,
      3313092.686875,
      4949957.705454544,
      9001726.000000004,
      16872444.49,
      28500109.78,
      45373580.03,
      90583905.42,
      174242070.06,
      311092665.99,
      644689843.98,
      1298406395.95,
      2457220557.16,
      4118333260.0
    ]
  },
  "fft": {
    "range": [
      2,
      4,
      8
    ],
    "results": [
      141.1556570246799,
      14238.34254577998,
      2950.8871964366017
    ]
  }
}