{
  "msm_G1": {
    "range": [
      1982,
      2735,
      5128,
      11993,
      27306,
      41875,
      108022,
      134502,
      442202,
      577562,
      2094224,
      2253354,
      20251660
    ],
    "results": [
      4082034.4198706,
      5991648.646086309,
      9070900.868116882,
      19168829.12466667,
      41662067.685687825,
      66923441.39313493,
      146188119.33662698,
      202178533.26666668,
      626551833.5,
      804968134.6,
      2814227673.9,
      3144081025.0,
      27049622011.8
    ],
    "stddev": [
      9962.737671867393,
      80418.78041371614,
      72809.21451118238,
      65418.72226010056,
      251457.19521380836,
      132177.02742688774,
      90272.34466803333,
      511003.68925308186,
      2493624.6828312897,
      6403303.560040445,
      5493178.752454018,
      5763673.484533315,
      12828045.336627929
    ]
  }
}