{
  "msm_G1": {
    "range": [
      2,
      4,
      8,
      16,
      32,
      64,
      128,
      256,
      512,
      1024,
      2048,
      4096,
      8192,
      16384,
      32768,
      65536,
      131072,
      262144,
      524288,
      1048576,
      2097152
    ],
    "results": [
      297299.21567106055,
      301557.6518493017,
      360712.0220211127,
      445538.8632522774,
      505143.75880202494,
      614642.154834488,
      755281.6279024928,
      983165.7900786252,
      1168384.2650953885,
      1581558.9103577482,
      2552023.6384999994,
      4513899.609166668,
      7443558.211428573,
      13969580.5175,
      27516900.38,
      54314727.42,
      99314015.97,
      217386509.66,
      431266344.54,
      789590077.02,
      1343171177.6
    ],
    "stddev": [
      2372.516333122307,
      2329.0142085257044,
      3837.707800866126,
      3491.589826614302,
      11153.11621634091,
      8222.892481186942,
      6695.409554850562,
      6417.755405643019,
      18992.2055551432,
      30983.738781352797,
      28411.26985113552,
      48528.29959633475,
      145340.202058091,
      188934.1808199791,
      98978.54827610678,
      145015.19403760287,
      1302142.8446504667,
      1724226.5871447423,
      15285616.695371939,
      11317020.519143134,
      18997938.41976611
    ]
  },
  "msm_ff": {
    "range": [
      1
    ],
    "results": [
      3525.4351392084136
    ],
    "stddev": [
      7.61826448162648
    ]
  },
  "fft": {
    "range": [
      2,
      4,
      8
    ],
    "results": [
      100.13303897155227,
      20855.70422790688,
      2290.4323531613127
    ],
    "stddev": [
      0.3988043930229656,
      289.09128330970583,
      2.2933012267630857
    ]
  }
}