{
  "add_G1": {
    "range": [
      1
    ],
    "results": [
      236.54597005307366
    ],
    "stddev": [
      3.330754969738978
    ]
  },
  "sub_G1": {
    "range": [
      1
    ],
    "results": [
      238.08884186320068
    ],
    "stddev": [
      4.890390989427826
    ]
  },
  "double_G1": {
    "range": [
      1
    ],
    "results": [
      167.79535425405803
    ],
    "stddev": [
      3.3298589401763135
    ]
  },
  "mul_G1": {
    "range": [
      1
    ],
    "results": [
      85124.78253203716
    ],
    "stddev": [
      1174.218446504452
    ]
  },
  "add_ff": {
    "range": [
      1
    ],
    "results": [
      4.592639187412113
    ],
    "stddev": [
      0.021719672378942036
    ]
  },
  "sub_ff": {
    "range": [
      1
    ],
    "results": [
      4.592080068277117
    ],
    "stddev": [
      0.07673839638688983
    ]
  },
  "neg_ff": {
    "range": [
      1
    ],
    "results": [
      4.150051192407628
    ],
    "stddev": [
      0.05536542731615491
    ]
  },
  "double_ff": {
    "range": [
      1
    ],
    "results": [
      4.0997029615335805
    ],
    "stddev": [
      0.07971188182163501
    ]
  },
  "mul_ff": {
    "range": [
      1
    ],
    "results": [
      20.857297533756185
    ],
    "stddev": [
      0.14420741949394555
    ]
  },
  "square_ff": {
    "range": [
      1
    ],
    "results": [
      16.19380309056935
    ],
    "stddev": [
      0.2998613643263449
    ]
  },
  "inv_ff": {
    "range": [
      1
    ],
    "results": [
      4612.276429928151
    ],
    "stddev": [
      87.82272611181848
    ]
  },
  "ip_ff": {
    "range": [
      2
    ],
    "results": [
      32.2556198009837
    ],
    "stddev": [
      0.369587737146335
    ]
  },
  "msm_G1": {
    "range": [
      2,
      4,
      8,
      16,
      32,
      64,
      128,
      256,
      512,
      1024,
      2048,
      4096,
      8192,
      16384,
      32768,
      65536,
      131072,
      262144,
      524288,
      1048576,
      2097152
    ],
    "results": [
      343848.60732020205,
      300820.18510803906,
      356073.4617207178,
      433844.1122615233,
      406853.08092708397,
      627465.6353948317,
      868436.3584732495,
      1140224.2095501567,
      1416507.7585913327,
      1793125.101659576,
      2519608.0309999995,
      4047006.9453846156,
      6150213.25375,
      10877163.474000001,
      20480851.84,
      39960068.155,
      77615362.63,
      170357583.92,
      335712208.26,
      621104136.63,
      1061758863.2
    ],
    "stddev": [
      100877.12640856163,
      104352.89349606169,
      119267.45991231504,
      103832.71573273152,
      119088.60731805641,
      210525.84245231556,
      229759.47007346037,
      208756.88018911367,
      226029.27258718348,
      242883.70297532174,
      219212.30508525093,
      217944.91152502596,
      198636.18585025257,
      332358.4502189051,
      481455.97713902156,
      382801.7584516867,
      587972.9269058679,
      1035902.8849022931,
      3976993.495445791,
      9619485.026596043,
      18379168.63336095
    ]
  },
  "msm_ff": {
    "range": [
      1
    ],
    "results": [
      2416.611964198187
    ],
    "stddev": [
      1.2000557826218408
    ]
  },
  "fft": {
    "range": [
      2,
      4,
      8
    ],
    "results": [
      70.73083292516499,
      19599.429555859067,
      1590.7811241344295
    ],
    "stddev": [
      0.44928792545651464,
      1890.6364018313695,
      2.873987639100904
    ]
  }
}