{
  "msm_G1": {
    "range": [
      2,
      4,
      8,
      16,
      32,
      64,
      128,
      256,
      512,
      1024,
      2048,
      4096,
      8192,
      16384,
      32768,
      65536,
      131072,
      262144,
      524288,
      1048576,
      2097152
    ],
    "results": [
      298699.7052568296,
      303097.43450833304,
      363501.8408790676,
      450719.9703117639,
      502245.99528323015,
      610972.7856498128,
      751342.76524449,
      980020.0964951569,
      1167951.8282164524,
      1567040.680071638,
      2542364.246,
      4491890.1658333335,
      7331441.087142856,
      13884984.9,
      27226439.525,
      53824807.4,
      98252043.21,
      215906444.35,
      415599458.48,
      764748052.33,
      1295291920.6
    ],
    "stddev": [
      2101.740856608905,
      1914.8395700154185,
      3744.976930092761,
      4413.1649317974025,
      8869.656058972225,
      9138.342294421947,
      6590.360938507538,
      6102.563875027674,
      21009.439943298283,
      38755.15694205305,
      39887.03109042377,
      40516.78665111552,
      96602.30711746962,
      52404.38682088074,
      533649.053787381,
      116589.4171004384,
      257724.54695807674,
      2560668.775383066,
      16927470.059315097,
      10631245.549675483,
      19728375.21405498
    ]
  },
  "msm_ff": {
    "range": [
      1
    ],
    "results": [
      3529.70565176284
    ],
    "stddev": [
      5.707390764328997
    ]
  },
  "fft": {
    "range": [
      2,
      4,
      8
    ],
    "results": [
      100.65698744203402,
      20262.30661450212,
      2283.500436228903
    ],
    "stddev": [
      0.6834628820479683,
      135.0932927584318,
      2.7352807667160244
    ]
  }
}