{"msm_G1": {"range": [2, 4, 8, 16, 32, 64, 128, 256, 512, 1024, 2048, 4096, 8192, 16384, 32768, 65536, 131072, 262144, 524288, 1048576, 2097152], "results": [289469.0239951027, 297768.3792860457, 315850.8100269934, 404643.2841495039, 450578.82853499934, 611409.824807181, 736913.6344998605, 946291.6098621606, 1190580.8515716023, 1656464.380262169, 2870780.6522222217, 5286199.417999999, 8877888.533333333, 16782444.16666667, 32954158.71, 65277453.95, 119928230.99, 252016972.49, 437310382.11, 805290577.66, 1635105523.1]}}