{
  "add_G1": {
    "range": [
      1
    ],
    "results": [
      338.4925486900375
    ],
    "stddev": [
      0.3160675833449937
    ]
  },
  "sub_G1": {
    "range": [
      1
    ],
    "results": [
      347.12843792509443
    ],
    "stddev": [
      0.9426769370688931
    ]
  },
  "double_G1": {
    "range": [
      1
    ],
    "results": [
      266.6268133650607
    ],
    "stddev": [
      0.21874600068147115
    ]
  },
  "mul_G1": {
    "range": [
      1
    ],
    "results": [
      109187.12719994094
    ],
    "stddev": [
      133.89877744919562
    ]
  },
  "add_ff": {
    "range": [
      1
    ],
    "results": [
      5.179139639473146
    ],
    "stddev": [
      0.009290308167219097
    ]
  },
  "sub_ff": {
    "range": [
      1
    ],
    "results": [
      8.07166920904693
    ],
    "stddev": [
      0.10978500148687628
    ]
  },
  "neg_ff": {
    "range": [
      1
    ],
    "results": [
      4.295974064327863
    ],
    "stddev": [
      0.004473721590448526
    ]
  },
  "double_ff": {
    "range": [
      1
    ],
    "results": [
      4.3165329620511965
    ],
    "stddev": [
      0.006460134861777075
    ]
  },
  "mul_ff": {
    "range": [
      1
    ],
    "results": [
      28.026657930703227
    ],
    "stddev": [
      0.019659048743470766
    ]
  },
  "square_ff": {
    "range": [
      1
    ],
    "results": [
      23.83580267839319
    ],
    "stddev": [
      0.022703021574202824
    ]
  },
  "inv_ff": {
    "range": [
      1
    ],
    "results": [
      4968.636755675563
    ],
    "stddev": [
      4.954648703862011
    ]
  },
  "ip_ff": {
    "range": [
      2
    ],
    "results": [
      40.717818655143944
    ],
    "stddev": [
      0.020654642050698252
    ]
  },
  "msm_G1": {
    "range": [
      2,
      4,
      8,
      16,
      32,
      64,
      128,
      256,
      512,
      1024,
      2048,
      4096,
      8192,
      16384,
      32768,
      65536,
      131072,
      262144,
      524288,
      1048576,
      2097152
    ],
    "results": [
      411243.35961849825,
      445794.8813800304,
      518665.2293268929,
      559771.0552315161,
      663682.3683992542,
      757472.9764357554,
      830671.5436517617,
      1042132.6391517887,
      1481484.9168099272,
      2130917.35375,
      3252663.905,
      5374122.524,
      8539282.74833333,
      15552327.505,
      28934769.81,
      55337463.15,
      113525560.61,
      227767132.25,
      377132152.34,
      695198124.73,
      1444265162.3
    ],
    "stddev": [
      36703.87020920687,
      45905.11621926239,
      37030.34759849286,
      40897.43579249275,
      20176.355656957687,
      22467.975413268647,
      30274.827753532492,
      48138.53822054104,
      61316.878444477195,
      24408.259044772487,
      77664.5718921578,
      105212.11616803177,
      206331.25880462956,
      493041.2133952128,
      2378351.6187140564,
      7842656.860066105,
      13416013.36549009,
      28906849.09713216,
      26366770.880073458,
      33250670.873151924,
      33421836.347014144
    ]
  },
  "msm_ff": {
    "range": [
      1
    ],
    "results": [
      3741.267750781698
    ],
    "stddev": [
      5.5155619756133785
    ]
  },
  "fft": {
    "range": [
      2,
      4,
      8
    ],
    "results": [
      120.26446592867401,
      36750.7634214412,
      2467.9740436384345
    ],
    "stddev": [
      0.8474087217571125,
      168.9914418461367,
      3.4236575801592104
    ]
  }
}