{"add_G1": {"range": [1], "results": [345.3750588857443]}, "sub_G1": {"range": [1], "results": [357.4567506221932]}, "double_G1": {"range": [1], "results": [262.19375646637695]}, "mul_G1": {"range": [1], "results": [112384.24999533022]}, "add_ff": {"range": [1], "results": [5.959066772035784]}, "sub_ff": {"range": [1], "results": [6.1803343448995305]}, "neg_ff": {"range": [1], "results": [4.701244436646038]}, "double_ff": {"range": [1], "results": [3.777825806051569]}, "mul_ff": {"range": [1], "results": [28.905605812766847]}, "square_ff": {"range": [1], "results": [23.55709212490401]}, "inv_ff": {"range": [1], "results": [5254.333735750555]}, "ip_ff": {"range": [2], "results": [41.387578158817824]}, "msm_G1": {"range": [2, 4, 8, 16, 32, 64, 128, 256, 512, 1024, 2048, 4096, 8192, 16384, 32768, 65536, 131072, 262144, 524288, 1048576, 2097152], "results": [290463.9517525655, 297936.80534008675, 316142.09309232683, 407028.75207829254, 450392.3802321151, 614908.1111016815, 738597.8645678121, 943929.0387067669, 1196541.2730291688, 1660885.615265229, 2885612.973333333, 5296071.549000001, 8901828.525000004, 16814857.540000007, 32936197.865, 65699769.71, 120719660.97, 248055657.63, 439169041.78, 809894277.25, 1628880120.4]}}