{
  "add_G1": {
    "range": [
      1
    ],
    "results": [
      412.5465002117518
    ],
    "stddev": [
      0.24815072412782815
    ]
  },
  "sub_G1": {
    "range": [
      1
    ],
    "results": [
      427.3861576430648
    ],
    "stddev": [
      0.28654279932598486
    ]
  },
  "double_G1": {
    "range": [
      1
    ],
    "results": [
      312.63805555898927
    ],
    "stddev": [
      0.18414635613309777
    ]
  },
  "mul_G1": {
    "range": [
      1
    ],
    "results": [
      129882.61541998913
    ],
    "stddev": [
      153.22680542462172
    ]
  },
  "add_ff": {
    "range": [
      1
    ],
    "results": [
      5.749613204927709
    ],
    "stddev": [
      0.004766658008156809
    ]
  },
  "sub_ff": {
    "range": [
      1
    ],
    "results": [
      13.287424138999134
    ],
    "stddev": [
      0.03883116507800895
    ]
  },
  "neg_ff": {
    "range": [
      1
    ],
    "results": [
      7.105883492117547
    ],
    "stddev": [
      0.013966997697234392
    ]
  },
  "double_ff": {
    "range": [
      1
    ],
    "results": [
      4.360997929130924
    ],
    "stddev": [
      0.013231992538688358
    ]
  },
  "mul_ff": {
    "range": [
      1
    ],
    "results": [
      32.245471911602316
    ],
    "stddev": [
      0.0123927730478803
    ]
  },
  "square_ff": {
    "range": [
      1
    ],
    "results": [
      25.339448332382798
    ],
    "stddev": [
      0.008590089570614018
    ]
  },
  "inv_ff": {
    "range": [
      1
    ],
    "results": [
      5673.227101095785
    ],
    "stddev": [
      2.961089835537251
    ]
  },
  "ip_ff": {
    "range": [
      2
    ],
    "results": [
      43.8479756886995
    ],
    "stddev": [
      0.014278786565597012
    ]
  },
  "msm_G1": {
    "range": [
      2,
      4,
      8,
      16,
      32,
      64,
      128,
      256,
      512,
      1024,
      2048,
      4096,
      8192,
      16384,
      32768,
      65536,
      131072,
      262144,
      524288,
      1048576,
      2097152
    ],
    "results": [
      231808.31107606686,
      236768.47569471487,
      249743.06221251638,
      264487.8181496723,
      287901.95397108776,
      394387.0003876604,
      470265.80239417346,
      728840.7976686633,
      798852.3676368239,
      1116244.4630759498,
      1928592.2036007517,
      3512754.786666667,
      5944989.4922222225,
      11370114.753999997,
      21839521.336666666,
      41770090.93,
      79664295.5,
      166687930.43,
      334463033.19,
      635650931.83,
      1379299327.1
    ],
    "stddev": [
      1556.7028560584981,
      1558.35784749759,
      3213.9832880079002,
      3460.2146448577564,
      2690.002423005124,
      2956.303039157547,
      3423.737169617236,
      5814.217049619177,
      35614.59343979673,
      7508.771788010971,
      6982.4399379916385,
      7219.387613364442,
      44192.829927417464,
      230389.34001437802,
      326745.3345655144,
      83067.61213171533,
      74636.10605524648,
      181884.01182287876,
      641010.145170647,
      1901654.1644006728,
      2006830.0850659206
    ]
  },
  "msm_ff": {
    "range": [
      1
    ],
    "results": [
      4450.474478879786
    ],
    "stddev": [
      2.203764310013519
    ]
  },
  "fft": {
    "range": [
      2,
      4,
      8
    ],
    "results": [
      134.69709898560484,
      16685.96926371001,
      2764.0352269353543
    ],
    "stddev": [
      0.25782297600514315,
      303.2717523231619,
      9.881194178308403
    ]
  }
}