{
  "add_G1": {
    "range": [
      1
    ],
    "results": [
      274.14130936187814
    ],
    "stddev": [
      0.37355809222285646
    ]
  },
  "sub_G1": {
    "range": [
      1
    ],
    "results": [
      284.800935150019
    ],
    "stddev": [
      0.2819425192791073
    ]
  },
  "double_G1": {
    "range": [
      1
    ],
    "results": [
      209.69667602473436
    ],
    "stddev": [
      0.21621722307000277
    ]
  },
  "mul_G1": {
    "range": [
      1
    ],
    "results": [
      96226.24629593568
    ],
    "stddev": [
      294.33022698561643
    ]
  },
  "add_ff": {
    "range": [
      1
    ],
    "results": [
      4.003588866251087
    ],
    "stddev": [
      0.0024633176692698917
    ]
  },
  "sub_ff": {
    "range": [
      1
    ],
    "results": [
      3.977552458074913
    ],
    "stddev": [
      0.004361221651292414
    ]
  },
  "neg_ff": {
    "range": [
      1
    ],
    "results": [
      3.665491081296592
    ],
    "stddev": [
      0.0024222781717607527
    ]
  },
  "double_ff": {
    "range": [
      1
    ],
    "results": [
      3.4278854632689684
    ],
    "stddev": [
      0.0019441584897231241
    ]
  },
  "mul_ff": {
    "range": [
      1
    ],
    "results": [
      25.542360333303762
    ],
    "stddev": [
      0.04708066685376547
    ]
  },
  "square_ff": {
    "range": [
      1
    ],
    "results": [
      25.88426787035917
    ],
    "stddev": [
      0.2799140340541207
    ]
  },
  "inv_ff": {
    "range": [
      1
    ],
    "results": [
      4230.814123079234
    ],
    "stddev": [
      5.190593091631753
    ]
  },
  "ip_ff": {
    "range": [
      2
    ],
    "results": [
      33.35127839026328
    ],
    "stddev": [
      0.029189663260609094
    ]
  },
  "msm_G1": {
    "range": [
      2,
      4,
      8,
      16,
      32,
      64,
      128,
      256,
      512,
      1024,
      2048,
      4096,
      8192,
      16384,
      32768,
      65536,
      131072,
      262144,
      524288,
      1048576,
      2097152
    ],
    "results": [
      210502.9947373607,
      208692.64967110497,
      219208.32669375063,
      238647.9440472202,
      268561.24382134975,
      380268.9793732538,
      537927.6209515944,
      714103.8973398046,
      928992.8470018533,
      1493068.5165550662,
      2509192.5650000004,
      4296674.925833332,
      7234398.065714286,
      12308870.765,
      21955552.69666668,
      36984277.245,
      61766494.85,
      134679659.87,
      261779038.16,
      482311848.3,
      1035880692.9
    ],
    "stddev": [
      7396.905077965391,
      8254.067171558852,
      16473.434964003016,
      16319.446520212718,
      11616.589854288239,
      14100.881877931271,
      26345.035417342642,
      23600.73717410189,
      17663.40077719255,
      76847.74414679735,
      30513.288712032114,
      56543.0451895033,
      180869.10431363253,
      474544.1490535296,
      412077.18467369984,
      859588.1696422348,
      207659.78649191445,
      497424.2813668962,
      2056576.781070951,
      6801921.499018263,
      7304481.768439106
    ]
  },
  "msm_ff": {
    "range": [
      1
    ],
    "results": [
      3009.1391045268733
    ],
    "stddev": [
      2.4707833614683947
    ]
  },
  "fft": {
    "range": [
      2,
      4,
      8
    ],
    "results": [
      90.13915461374677,
      14635.335026246114,
      1874.807351979669
    ],
    "stddev": [
      0.37828341285454653,
      214.42168693141844,
      4.517616741281515
    ]
  }
}