{"msm_G1": {"range": [2, 4, 8, 16, 32, 64, 128, 256, 512, 1024, 2048, 4096, 8192, 16384, 32768, 65536, 131072, 262144, 524288, 1048576, 2097152], "results": [308194.520080058, 348892.18084449746, 398681.5079309217, 469503.36615792173, 693357.2541511309, 1004726.3226821397, 1288310.02150063, 2019437.9811999998, 3089746.017647059, 4640872.784545455, 8971047.716666665, 16669032.466666663, 28260734.555, 45221811.33, 89826239.42, 173082402.32, 309397067.42, 644831069.08, 1299600630.28, 2487060492.47, 4253200608.6]}}