{"add_ff": {"range": [1], "results": [5.093490833540201]}, "mul_ff": {"range": [1], "results": [25.752108717278674]}, "invert": {"range": [1], "results": [10327.60250096782]}, "add_G1": {"range": [1], "results": [507.48613897201363]}, "mul_G1": {"range": [1], "results": [191548.08183864638]}, "msm_G1": {"range": [2, 4, 8, 16, 32, 64, 128, 256, 512, 1024, 2048, 4096, 8192, 16384, 32768, 65536, 131072, 262144, 524288, 1048576, 2097152], "results": [196189.9218590551, 412244.60208578757, 559230.9870019977, 811162.63026042, 1305092.016345326, 828320.465158536, 949994.7416613474, 1624797.5182702353, 2216641.511304348, 3229272.0225, 5339554.848000001, 7215035.8999999985, 10960525.875999998, 17675150.256666664, 30349376.07, 52863736.27, 94589224.72, 174258969.07, 315162062.97, 575383180.93, 1103063536.1]}}