{"add_ff": {"range": [1], "results": [5.533221671771288]}, "mul_ff": {"range": [1], "results": [28.879021579875765]}, "invert": {"range": [1], "results": [11490.51926012068]}, "add_G1": {"range": [1], "results": [561.6738169900106]}, "mul_G1": {"range": [1], "results": [212942.44624312903]}, "msm_G1": {"range": [2, 4, 8, 16, 32, 64, 128, 256, 512, 1024, 2048, 4096, 8192, 16384, 32768, 65536, 131072, 262144, 524288, 1048576, 2097152], "results": [218996.35861645214, 457760.6977400066, 621066.7967762424, 499695.8297888152, 954908.7890705934, 1242729.6431009371, 1742874.0369682447, 2752600.0357894744, 4438162.249999999, 7032777.975, 11895452.69, 20505787.356666666, 36012466.465, 62868745.91, 113065581.7, 203845268.34, 379663633.51, 692617205.6, 1295005829.46, 2526612046.98, 4754549610.2]}}