{"add_ff": {"range": [1], "results": [16.130281079057113]}, "mul_ff": {"range": [1], "results": [98.10242493432094]}, "invert": {"range": [1], "results": [26602.12921477264]}, "msm_G1": {"range": [2, 4, 8, 16, 32, 64, 128, 256, 512, 1024, 2048, 4096, 8192, 16384, 32768, 65536, 131072, 262144, 524288, 1048576, 2097152], "results": [570194.0887977626, 1226910.8826564823, 1650665.682460522, 730735.709591079, 1420367.4300756499, 1827179.0637230473, 2563392.4895, 4056208.7584615396, 6732022.08125, 10816566.027999997, 17729369.583333343, 31522653.63, 51918402.26, 91112510.66, 164705747.17, 298110344.01, 552655458.45, 1015077131.17, 1918022028.45, 3703670096.4, 6930320310.4]}}