{
  "msm_G1": {
    "range": [
      2048,
      4096,
      8192,
      16384,
      32768,
      65536,
      131072,
      262144,
      524288,
      1048576,
      2097152
    ],
    "results": [
      65831057.8,
      106983146.68,
      187514280.01,
      342078903.77,
      618744025.68,
      1146284750.84,
      2213421755.29,
      4125106486.39,
      7718506400.37,
      14927777796.41,
      29404206547.4
    ],
    "stddev": [
      11689.099177438782,
      20628.3279098816,
      79588.97397724073,
      319681.4544012166,
      2672909.2084017587,
      11355595.138790742,
      25046784.498639163,
      17452610.324619398,
      15288566.724488616,
      34711783.418334134,
      39772470.7950047
    ]
  }
}