{
  "add_ff": {
    "range": [
      1
    ],
    "results": [
      6.783240260030751
    ],
    "stddev": [
      0.015427034589824635
    ]
  },
  "mul_ff": {
    "range": [
      1
    ],
    "results": [
      34.47271016960543
    ],
    "stddev": [
      0.05979415001676399
    ]
  },
  "add_G1": {
    "range": [
      1
    ],
    "results": [
      585.5708453070839
    ],
    "stddev": [
      0.5921415117718409
    ]
  },
  "add_G2": {
    "range": [
      1
    ],
    "results": [
      2077.7437756796894
    ],
    "stddev": [
      2.73119621901773
    ]
  },
  "mul_G1": {
    "range": [
      1
    ],
    "results": [
      246748.59866294087
    ],
    "stddev": [
      307.2464083270563
    ]
  },
  "mul_G2": {
    "range": [
      1
    ],
    "results": [
      862986.2251195614
    ],
    "stddev": [
      729.4369671488408
    ]
  },
  "msm_G1": {
    "range": [
      2,
      4,
      8,
      16,
      32,
      64,
      128,
      256,
      512,
      1024,
      2048,
      4096,
      8192,
      16384,
      32768,
      65536,
      131072,
      262144,
      524288,
      1048576,
      2097152
    ],
    "results": [
      3541390.3619999997,
      3543158.307333335,
      3591278.192142857,
      3696675.4400000004,
      4221323.598333332,
      4873795.466363639,
      6011482.271111109,
      7847164.525714284,
      10734168.607999995,
      17900478.696666658,
      26628380.675,
      43545166.29,
      78200922.21,
      145724371.34,
      277012665.5,
      545925849.2,
      1146067283.26,
      2126305177.28,
      4043697104.38,
      7865951837.92,
      15848767440.4
    ],
    "stddev": [
      1354.5342944595814,
      1513.872138205572,
      1292.2010485868404,
      3654.7378486589537,
      3022.633803567646,
      4109.851869093758,
      4366.694749819833,
      6038.027688990241,
      3656.8177194844993,
      4450.569565821011,
      13202.630764808768,
      30818.006087446676,
      113025.11746955145,
      1285698.1074572462,
      7684383.669683628,
      18168304.356900305,
      22277997.7699458,
      12433621.769597271,
      8240805.220006434,
      8329365.4617656665,
      14654009.280462587
    ]
  },
  "pairing": {
    "range": [
      1
    ],
    "results": [
      1258187.342586432
    ],
    "stddev": [
      165.17089967283817
    ]
  }
}