{
  "add_ff": {
    "range": [
      1
    ],
    "results": [
      5.753209239545994
    ],
    "stddev": [
      0.006028418876872941
    ]
  },
  "mul_ff": {
    "range": [
      1
    ],
    "results": [
      29.416262009123244
    ],
    "stddev": [
      0.07721574333859199
    ]
  },
  "add_G1": {
    "range": [
      1
    ],
    "results": [
      504.8982192892123
    ],
    "stddev": [
      0.9816028710242791
    ]
  },
  "add_G2": {
    "range": [
      1
    ],
    "results": [
      1777.2960119220133
    ],
    "stddev": [
      1.4719245552421787
    ]
  },
  "mul_G1": {
    "range": [
      1
    ],
    "results": [
      212385.85647000882
    ],
    "stddev": [
      129.62257078087697
    ]
  },
  "mul_G2": {
    "range": [
      1
    ],
    "results": [
      733116.6550920166
    ],
    "stddev": [
      371.96293579189
    ]
  },
  "msm_G1": {
    "range": [
      2,
      4,
      8,
      16,
      32,
      64,
      128,
      256,
      512,
      1024,
      2048,
      4096,
      8192,
      16384,
      32768,
      65536,
      131072,
      262144,
      524288,
      1048576,
      2097152
    ],
    "results": [
      3034026.92529412,
      3052198.4482352943,
      3092162.426470589,
      3184924.98625,
      3532143.0133333355,
      4108196.99846154,
      5084089.508000002,
      6606027.74625,
      9115170.638333332,
      15307620.8175,
      22715903.906666674,
      37318399.555,
      65981693.91,
      122004811.22,
      223410854.62,
      410937960.92,
      802580209.38,
      1597691106.55,
      3320779221.67,
      7917809032.73,
      13897328464.1
    ],
    "stddev": [
      838.2315852489521,
      760.413391157678,
      952.8701439167035,
      743.3631426444194,
      1033.5678706736624,
      1045.3886252812565,
      10411.004290352372,
      860.5024454234209,
      1504.5544929489968,
      350509.81321443926,
      28885.44122149027,
      19334.778061810666,
      41735.917738824195,
      80140.48659542567,
      73066.57547549084,
      274286.662648357,
      613937.4685242428,
      1741844.4602767343,
      3080483.027347309,
      5057280.842585076,
      1810248.3093260136
    ]
  },
  "pairing": {
    "range": [
      1
    ],
    "results": [
      1067914.9977376338
    ],
    "stddev": [
      55.561050112825676
    ]
  }
}