{
  "add_ff": {
    "range": [
      1
    ],
    "results": [
      7.0614034565161035
    ],
    "stddev": [
      0.004891128535965828
    ]
  },
  "mul_ff": {
    "range": [
      1
    ],
    "results": [
      32.501652771237595
    ],
    "stddev": [
      0.11458497667378548
    ]
  },
  "add_G1": {
    "range": [
      1
    ],
    "results": [
      613.885422592767
    ],
    "stddev": [
      0.27700184739312966
    ]
  },
  "add_G2": {
    "range": [
      1
    ],
    "results": [
      2130.7712116249827
    ],
    "stddev": [
      0.5486366275432207
    ]
  },
  "mul_G1": {
    "range": [
      1
    ],
    "results": [
      256742.02977125288
    ],
    "stddev": [
      130.22637712324575
    ]
  },
  "mul_G2": {
    "range": [
      1
    ],
    "results": [
      885197.6696987504
    ],
    "stddev": [
      118.90225883849746
    ]
  },
  "msm_G1": {
    "range": [
      2,
      4,
      8,
      16,
      32,
      64,
      128,
      256,
      512,
      1024,
      2048,
      4096,
      8192,
      16384,
      32768,
      65536,
      131072,
      262144,
      524288,
      1048576,
      2097152
    ],
    "results": [
      3754105.3642857145,
      3756036.5292857126,
      3787070.0428571426,
      3874862.343076923,
      4368510.469166667,
      5067361.5929999985,
      6325460.65625,
      8260164.651428571,
      11166603.020000003,
      18290210.05,
      26906571.32,
      43958166.91,
      76599377.92,
      142209625.2,
      260335567.67,
      481572698.35,
      929874106.83,
      1841548091.2,
      3751950581.22,
      7479331608.05,
      15005282736.6
    ],
    "stddev": [
      379.33622228943244,
      748.6693589905776,
      470.89977442234886,
      490.61507856563105,
      491.2743342369092,
      2310.3492714849826,
      887.2711999747808,
      1670.0190962271236,
      2040.3173191442065,
      4229.245760015707,
      7760.939168850636,
      36665.82078730681,
      45485.49918967143,
      33214.30568535191,
      44755.245129047165,
      775880.6069543094,
      3427147.6765829483,
      8074515.471083798,
      12371323.816036843,
      18573882.790575787,
      3510512.0981177436
    ]
  },
  "pairing": {
    "range": [
      1
    ],
    "results": [
      1326215.9627156663
    ],
    "stddev": [
      49.23746688678344
    ]
  }
}