{
  "add_ff": {
    "range": [
      1
    ],
    "results": [
      6.5282373176927
    ],
    "stddev": [
      0.02682269457974327
    ]
  },
  "mul_ff": {
    "range": [
      1
    ],
    "results": [
      34.20020520898779
    ],
    "stddev": [
      0.19438388969982187
    ]
  },
  "add_G1": {
    "range": [
      1
    ],
    "results": [
      580.8660364518324
    ],
    "stddev": [
      1.4882067324911075
    ]
  },
  "add_G2": {
    "range": [
      1
    ],
    "results": [
      2034.9849496793222
    ],
    "stddev": [
      2.0005162695166807
    ]
  },
  "mul_G1": {
    "range": [
      1
    ],
    "results": [
      243445.84562881486
    ],
    "stddev": [
      241.08338315627964
    ]
  },
  "mul_G2": {
    "range": [
      1
    ],
    "results": [
      844334.9169452243
    ],
    "stddev": [
      628.4987887956677
    ]
  },
  "msm_G1": {
    "range": [
      2,
      4,
      8,
      16,
      32,
      64,
      128,
      256,
      512,
      1024,
      2048,
      4096,
      8192,
      16384,
      32768,
      65536,
      131072,
      262144,
      524288,
      1048576,
      2097152
    ],
    "results": [
      3521137.051333334,
      3525011.978666666,
      3553101.748666667,
      3738076.560000001,
      4125741.8438461525,
      4822384.0672727255,
      5927759.226666667,
      7678925.761428572,
      10500132.479999997,
      17717076.910000008,
      26300404.055,
      43493823.665,
      76687229.94,
      142521712.81,
      261968957.09,
      486658884.32,
      1001602172.8,
      1965763341.38,
      3839242162.5,
      7608633404.4,
      15336363263.7
    ],
    "stddev": [
      962.426479725058,
      1840.2662360014801,
      1542.272705035757,
      1377.1627884864608,
      4678.415811521869,
      3004.6551567269794,
      3643.036332915678,
      2632.5599803663886,
      5454.555451876956,
      6009.046398344074,
      32081.682939014827,
      68876.12003147589,
      124548.07545954453,
      323656.1593818568,
      1325059.920309675,
      3949765.462308234,
      27838875.00987035,
      26709911.246993113,
      18963690.704552576,
      12716212.606706684,
      9269446.983908113
    ]
  },
  "pairing": {
    "range": [
      1
    ],
    "results": [
      1242793.002553625
    ],
    "stddev": [
      339.0623472244945
    ]
  }
}