{
  "add_ff": {
    "range": [
      1
    ],
    "results": [
      6.783240260030751
    ]
  },
  "mul_ff": {
    "range": [
      1
    ],
    "results": [
      34.47271016960543
    ]
  },
  "add_G1": {
    "range": [
      1
    ],
    "results": [
      585.5708453070839
    ]
  },
  "add_G2": {
    "range": [
      1
    ],
    "results": [
      2077.7437756796894
    ]
  },
  "mul_G1": {
    "range": [
      1
    ],
    "results": [
      246748.59866294087
    ]
  },
  "mul_G2": {
    "range": [
      1
    ],
    "results": [
      862986.2251195614
    ]
  },
  "msm_G1": {
    "range": [
      2,
      4,
      8,
      16,
      32,
      64,
      128,
      256,
      512,
      1024,
      2048,
      4096,
      8192,
      16384,
      32768,
      65536,
      131072,
      262144,
      524288,
      1048576,
      2097152
    ],
    "results": [
      3541390.3619999997,
      3543158.307333335,
      3591278.192142857,
      3696675.4400000004,
      4221323.598333332,
      4873795.466363639,
      6011482.271111109,
      7847164.525714284,
      10734168.607999995,
      17900478.696666658,
      26628380.675,
      43545166.29,
      78200922.21,
      145724371.34,
      277012665.5,
      545925849.2,
      1146067283.26,
      2126305177.28,
      4043697104.38,
      7865951837.92,
      15848767440.4
    ]
  },
  "pairing": {
    "range": [
      1
    ],
    "results": [
      1258187.342586432
    ]
  }
}