{
  "add_ff": {
    "range": [
      1
    ],
    "results": [
      3.9544704877070314
    ],
    "stddev": [
      0.016807564037466374
    ]
  },
  "mul_ff": {
    "range": [
      1
    ],
    "results": [
      20.365574935584696
    ],
    "stddev": [
      0.1612118404131874
    ]
  },
  "add_G1": {
    "range": [
      1
    ],
    "results": [
      362.22090306648863
    ],
    "stddev": [
      1.6860261192414108
    ]
  },
  "add_G2": {
    "range": [
      1
    ],
    "results": [
      1252.0453288994966
    ],
    "stddev": [
      10.72303970738099
    ]
  },
  "mul_G1": {
    "range": [
      1
    ],
    "results": [
      150893.00335036928
    ],
    "stddev": [
      717.4428237774624
    ]
  },
  "mul_G2": {
    "range": [
      1
    ],
    "results": [
      524019.74235601665
    ],
    "stddev": [
      2411.784255609088
    ]
  },
  "msm_G1": {
    "range": [
      2,
      4,
      8,
      16,
      32,
      64,
      128,
      256,
      512,
      1024,
      2048,
      4096,
      8192,
      16384,
      32768,
      65536,
      131072,
      262144,
      524288,
      1048576,
      2097152
    ],
    "results": [
      2191561.7152173915,
      2193850.59,
      2224884.80826087,
      2302228.2668181825,
      2548341.4175,
      2984117.509411765,
      3774959.508571429,
      4980967.980000002,
      6802191.45375,
      11029543.382000003,
      16392549.826666662,
      27046104.165,
      47123521.605,
      90534717.53,
      171816118.59,
      321104029.09,
      632457248.34,
      1299824833.85,
      2836778710.15,
      5921399956.06,
      12139432970.1
    ],
    "stddev": [
      5653.5352995640405,
      5648.086641890425,
      5997.828570865095,
      6418.906345648057,
      6558.897170711604,
      8557.997476345514,
      10330.398397281644,
      14574.011473365885,
      17278.546850987415,
      37667.67047665251,
      74793.3189724633,
      101187.5490400883,
      162224.7296092876,
      266588.86409242434,
      274480.9955623557,
      1763684.246784946,
      8549805.032050183,
      39698996.66542103,
      60821960.0276258,
      60228555.09269468,
      35462326.465601265
    ]
  },
  "pairing": {
    "range": [
      1
    ],
    "results": [
      783771.2544488537
    ],
    "stddev": [
      685.8239142359732
    ]
  }
}