{
  "add_ff": {
    "range": [
      1
    ],
    "results": [
      5.359641270739377
    ],
    "stddev": [
      0.02393105004201378
    ]
  },
  "mul_ff": {
    "range": [
      1
    ],
    "results": [
      24.763595491438906
    ],
    "stddev": [
      0.11997302733808402
    ]
  },
  "add_G1": {
    "range": [
      1
    ],
    "results": [
      443.1775788442755
    ],
    "stddev": [
      1.5071462174094628
    ]
  },
  "add_G2": {
    "range": [
      1
    ],
    "results": [
      1525.0860070345077
    ],
    "stddev": [
      9.928066991258946
    ]
  },
  "mul_G1": {
    "range": [
      1
    ],
    "results": [
      187042.14580741685
    ],
    "stddev": [
      483.77646827478765
    ]
  },
  "mul_G2": {
    "range": [
      1
    ],
    "results": [
      640823.6270628216
    ],
    "stddev": [
      1660.5131507874294
    ]
  },
  "msm_G1": {
    "range": [
      2,
      4,
      8,
      16,
      32,
      64,
      128,
      256,
      512,
      1024,
      2048,
      4096,
      8192,
      16384,
      32768,
      65536,
      131072,
      262144,
      524288,
      1048576,
      2097152
    ],
    "results": [
      2712577.947368422,
      2717066.7826315803,
      2737920.131578948,
      2835791.7383333324,
      3254493.629375,
      3777272.012142858,
      4611805.623636365,
      6031188.968888887,
      8266361.39285714,
      13365877.765,
      19759459.64,
      32658586.505,
      57344614.97,
      105877549.11,
      194611573.23,
      366334070.97,
      739726126.92,
      1536869151.96,
      3235046692.61,
      6676323935.81,
      13535431566.7
    ],
    "stddev": [
      3282.6861830770717,
      2254.089126259688,
      2088.228339534072,
      1994.8832738570127,
      2066.513195413181,
      2628.168848927932,
      3438.354770132437,
      8208.19117720224,
      9096.561728732639,
      7584.239640598456,
      15154.461584165705,
      37564.96708340731,
      59627.35159076831,
      45403.153381873155,
      87032.70140399584,
      159478.3422088689,
      406164.21728785214,
      1152622.576589214,
      1497595.993364398,
      4076652.7256280533,
      5950422.914451527
    ]
  },
  "pairing": {
    "range": [
      1
    ],
    "results": [
      980760.1659762757
    ],
    "stddev": [
      251.97895532042338
    ]
  }
}