{
  "add_ff": {
    "range": [
      1
    ],
    "results": [
      11.829372234423667
    ],
    "stddev": [
      0.021706598395274737
    ]
  },
  "mul_ff": {
    "range": [
      1
    ],
    "results": [
      101.83202689347883
    ],
    "stddev": [
      0.03129727238355436
    ]
  },
  "add_G1": {
    "range": [
      1
    ],
    "results": [
      1571.4407505946429
    ],
    "stddev": [
      0.5502502921985833
    ]
  },
  "add_G2": {
    "range": [
      1
    ],
    "results": [
      5233.131794659979
    ],
    "stddev": [
      1.6216878105982808
    ]
  },
  "mul_G1": {
    "range": [
      1
    ],
    "results": [
      651810.8539193582
    ],
    "stddev": [
      137.7466190680115
    ]
  },
  "mul_G2": {
    "range": [
      1
    ],
    "results": [
      2151229.402916667
    ],
    "stddev": [
      326.69789344022246
    ]
  },
  "msm_G1": {
    "range": [
      2048,
      4096,
      8192,
      16384,
      32768,
      65536,
      131072,
      262144,
      524288,
      1048576,
      2097152
    ],
    "results": [
      65851030.77,
      106940114.77,
      187714897.56,
      342025206.8,
      621360642.7,
      1155475050.38,
      2274267471.19,
      4191506310.92,
      7764332788.04,
      14995786749.97,
      29498034302.7
    ],
    "stddev": [
      11995.70874509297,
      20766.870852805438,
      66034.85512762482,
      2159658.877776192,
      9018732.195594873,
      15731871.157826819,
      22857623.835546304,
      16767102.10278549,
      20977440.06157673,
      21219850.63882182,
      104696039.0288637
    ]
  },
  "pairing": {
    "range": [
      1
    ],
    "results": [
      2750823.3192110173
    ],
    "stddev": [
      108.9846965681129
    ]
  }
}