{
  "add_ff": {
    "range": [
      1
    ],
    "results": [
      711.7212292038024
    ]
  },
  "invert": {
    "range": [
      1
    ],
    "results": [
      11913.201180432825
    ]
  },
  "mul_G1": {
    "range": [
      1
    ],
    "results": [
      822231.7291402268
    ]
  },
  "mul_G2": {
    "range": [
      1
    ],
    "results": [
      6113202.184075263
    ]
  },
  "pairing": {
    "range": [
      1
    ],
    "results": [
      10692667.108901003
    ]
  },
  "add_G1": {
    "range": [
      1
    ],
    "results": [
      7097.852784032059
    ]
  },
  "add_G2": {
    "range": [
      1
    ],
    "results": [
      18554.134859287293
    ]
  },
  "msm_G1": {
    "range": [
      10,
      11,
      12,
      13,
      14,
      15,
      16,
      17,
      18,
      19,
      20
    ],
    "results": [
      74151.82164333067,
      72894.3601641641,
      72308.02996384434,
      72267.74345451842,
      72307.62451003618,
      72209.40002465507,
      72342.3832570444,
      71985.0372845935,
      72029.41787170767,
      72066.16245853333,
      71710.18069689335
    ]
  },
  "msm_G2": {
    "range": [
      10,
      11,
      12,
      13,
      14,
      15,
      16,
      17,
      18,
      19,
      20
    ],
    "results": [
      71790.57515531842,
      71692.25852549289,
      71747.25343685338,
      72050.02268384445,
      71873.5145549245,
      71883.92874836715,
      72005.40545555303,
      71924.82098817002,
      72101.12257921703,
      72307.68670333887,
      72322.21326956972
    ]
  },
  "fft": {
    "range": [
      10,
      11,
      12,
      13,
      14,
      15,
      16,
      17,
      18,
      19,
      20
    ],
    "results": [
      408572.8227118262,
      760056.9061051748,
      1450328.678065452,
      2826370.966804903,
      6182714.231493996,
      13531896.100193262,
      26147049.66403189,
      53713252.00254267,
      72415875.00274181,
      193036607.1999073,
      323192055.59790134
    ]
  }
}