{
  "add_ff": {
    "range": [
      1
    ],
    "results": [
      596.3160717937824
    ],
    "stddev": [
      2821.8452304059333
    ]
  },
  "mul_ff": {
    "range": [
      1
    ],
    "results": [
      1005.1221378194872
    ],
    "stddev": [
      1422.802365988955
    ]
  },
  "invert": {
    "range": [
      1
    ],
    "results": [
      11619.76947292084
    ],
    "stddev": [
      2536.245522006041
    ]
  },
  "mul_G1": {
    "range": [
      1
    ],
    "results": [
      874918.9925985737
    ],
    "stddev": [
      39738.2058431961
    ]
  },
  "mul_G2": {
    "range": [
      1
    ],
    "results": [
      6340773.468530631
    ],
    "stddev": [
      284980.19821979007
    ]
  },
  "pairing": {
    "range": [
      1
    ],
    "results": [
      10688968.890524926
    ],
    "stddev": [
      484395.554235145
    ]
  },
  "add_G1": {
    "range": [
      1
    ],
    "results": [
      7001.066477290925
    ],
    "stddev": [
      2732.3886586825306
    ]
  },
  "add_G2": {
    "range": [
      1
    ],
    "results": [
      19302.316730205774
    ],
    "stddev": [
      34951.99548285532
    ]
  },
  "msm_G1": {
    "range": [
      2,
      4,
      8,
      16,
      32,
      64,
      128,
      256,
      512,
      1024,
      2048,
      4096,
      8192,
      16384,
      32768,
      65536,
      131072,
      262144,
      524288,
      1048576
    ],
    "results": [
      9542375.319971228,
      9128278.764811428,
      9148108.219016682,
      5026684.109568596,
      3701185.9200018295,
      3114141.018864531,
      3365260.364025231,
      4139232.9581512897,
      6299264.588207006,
      9771058.150782036,
      12816137.751191854,
      21372388.82854581,
      32670110.251754522,
      63170902.505517006,
      122098919.10552979,
      242660136.5029812,
      381950387.1947527,
      834253226.2921333,
      1772483836.698532,
      3818066918.39993
    ],
    "stddev": [
      2776729.957439369,
      1136102.4665263365,
      1015643.2737662231,
      742791.9359915934,
      702581.5607176012,
      545416.1397087147,
      471943.0691323418,
      532199.2636384789,
      645668.5820056376,
      877863.5510284834,
      2757007.548805829,
      3316077.5852872785,
      1542973.267186889,
      2688722.37314927,
      3983950.1918592495,
      5379656.568748985,
      8631770.788382698,
      19108656.802443303,
      83922216.03999378,
      31716834.599944927
    ]
  },
  "msm_G2": {
    "range": [
      2,
      4,
      8,
      16,
      32,
      64,
      128,
      256,
      512,
      1024,
      2048,
      4096,
      8192,
      16384,
      32768,
      65536,
      131072,
      262144,
      524288,
      1048576
    ],
    "results": [
      12931489.48596074,
      13703418.972524436,
      14153490.775989162,
      8187245.564114664,
      6533290.959410853,
      6617738.326913432,
      7791913.615740262,
      11493661.659685047,
      19270607.192928974,
      31110483.879552167,
      36812243.65106651,
      69644354.0930748,
      113357265.5081749,
      219885929.70073223,
      420988215.3004408,
      864624087.6942873,
      1315834048.3993292,
      2863085481.1042547,
      6059502081.20048,
      13574483876.70517
    ],
    "stddev": [
      1455372.3227632965,
      1105025.0866173794,
      1140253.8756212792,
      810001.02695345,
      602233.8741832311,
      667417.1149721822,
      524019.16080673796,
      640623.4419693273,
      886779.1158860775,
      1476714.6631207855,
      8134272.653711756,
      9118259.561803801,
      5970966.004074269,
      4962745.627777279,
      7488619.353971142,
      9839820.613444142,
      12376849.208268525,
      27805921.164509702,
      104183637.74056797,
      45837416.40533338
    ]
  },
  "fft": {
    "range": [
      2,
      4,
      8,
      16,
      32,
      64,
      128,
      256,
      512,
      1024,
      2048,
      4096,
      8192,
      16384,
      32768,
      65536,
      131072,
      262144,
      524288,
      1048576
    ],
    "results": [
      72106.31569513075,
      79632.32619402837,
      88035.97240066025,
      197516.14035588305,
      368895.76850387553,
      724686.0419062601,
      1472755.894240211,
      3391008.309415869,
      3487173.853235112,
      3705331.1027862406,
      4024791.5928363805,
      4827357.35607835,
      6280358.749628067,
      9943205.701954225,
      17128338.063756626,
      34708060.93811989,
      61542402.10056305,
      116798001.70063972,
      246642399.69551563,
      486925192.3978329
    ],
    "stddev": [
      22062.72057904812,
      16080.920736799433,
      15379.603811127477,
      39562.40502512692,
      80056.07370969033,
      115612.38786346874,
      214238.3882947709,
      493173.13577316893,
      422907.1413771993,
      435555.9557552606,
      409159.116870291,
      1378067.6980515542,
      339276.845271144,
      635170.8441144701,
      1507504.001179862,
      2973126.169369615,
      4796114.448462023,
      3675754.5537309707,
      5664694.904455146,
      16568682.53869975
    ]
  }
}