{
  "add_ff": {
    "range": [
      1
    ],
    "results": [
      321.04996410334286
    ]
  },
  "invert": {
    "range": [
      1
    ],
    "results": [
      6907.461074190447
    ]
  },
  "mul_G1": {
    "range": [
      1
    ],
    "results": [
      313782.72208507865
    ]
  },
  "mul_G2": {
    "range": [
      1
    ],
    "results": [
      2530054.707155384
    ]
  },
  "pairing": {
    "range": [
      1
    ],
    "results": [
      4182059.2498717215
    ]
  },
  "add_G1": {
    "range": [
      1
    ],
    "results": [
      3145.44384421542
    ]
  },
  "add_G2": {
    "range": [
      1
    ],
    "results": [
      7493.501291120039
    ]
  },
  "msm_G1": {
    "range": [
      2,
      4,
      8,
      16,
      32,
      64,
      128,
      256,
      512,
      1024,
      2048,
      4096,
      8192,
      16384,
      32768,
      65536,
      131072,
      262144,
      524288,
      1048576
    ],
    "results": [
      4640240.889111603,
      4476429.767840142,
      4642273.712834274,
      2509194.72489506,
      1854381.5888188502,
      1668131.086739401,
      1678945.9934458137,
      2390095.91908682,
      3453008.124103834,
      5083229.303171839,
      6874597.150781384,
      11842132.395176692,
      20620244.080275297,
      38495091.462078005,
      71511618.9006716,
      139232863.6996448,
      253777297.99970984,
      501746956.00122213,
      1034428564.8003219,
      2106344973.7999587
    ]
  },
  "msm_G2": {
    "range": [
      2,
      4,
      8,
      16,
      32,
      64,
      128,
      256,
      512,
      1024,
      2048,
      4096,
      8192,
      16384,
      32768,
      65536,
      131072,
      262144,
      524288,
      1048576
    ],
    "results": [
      6192633.790412434,
      6188545.4812443545,
      6706356.053501368,
      4024327.0879387856,
      3169849.247094008,
      3465165.1380647873,
      4359617.965182533,
      6734310.373365879,
      9679998.61518351,
      15851337.437168695,
      21218664.91669789,
      39598800.92281561,
      68217592.30010211,
      128561611.59984767,
      247201305.40020764,
      481443821.90071046,
      788252630.4006577,
      1791392429.9001694,
      3460604437.299818,
      6790540624.4006
    ]
  },
  "fft": {
    "range": [
      2,
      4,
      8,
      16,
      32,
      64,
      128,
      256,
      512,
      1024,
      2048,
      4096,
      8192,
      16384,
      32768,
      65536,
      131072,
      262144,
      524288,
      1048576
    ],
    "results": [
      45421.011736116525,
      48068.59352960939,
      51872.73930071462,
      120924.92144280075,
      211449.32512721603,
      403367.67096192605,
      763154.333866224,
      1986048.6668046743,
      2085823.729261756,
      2263125.7962755756,
      2434524.543836568,
      2967591.201368521,
      3488830.8124565007,
      5655571.943714043,
      10122588.980048895,
      20111372.359842062,
      40265640.615557246,
      82770162.3994857,
      174409831.5998912,
      347439298.4997481
    ]
  }
}