{
  "add_ff": {
    "range": [
      1
    ],
    "results": [
      413.4278172799751
    ]
  },
  "invert": {
    "range": [
      1
    ],
    "results": [
      9831.742061952566
    ]
  },
  "mul_G1": {
    "range": [
      1
    ],
    "results": [
      380256.8928937042
    ]
  },
  "mul_G2": {
    "range": [
      1
    ],
    "results": [
      2734546.4970570444
    ]
  },
  "pairing": {
    "range": [
      1
    ],
    "results": [
      4691266.6173460325
    ]
  },
  "add_G1": {
    "range": [
      1
    ],
    "results": [
      3914.6086468159715
    ]
  },
  "add_G2": {
    "range": [
      1
    ],
    "results": [
      8504.14014813916
    ]
  },
  "msm_G1": {
    "range": [
      2,
      4,
      8,
      16,
      32,
      64,
      128,
      256,
      512,
      1024,
      2048,
      4096,
      8192,
      16384,
      32768,
      65536,
      131072,
      262144,
      524288,
      1048576
    ],
    "results": [
      6948385.152758823,
      6259418.729462741,
      6396714.594545244,
      3609650.74094937,
      2973093.9112118715,
      3814044.584040389,
      4670492.786224241,
      6672469.31930383,
      9416211.074425112,
      15403833.028945057,
      24309116.570722487,
      48005994.27385764,
      84570666.19992256,
      144845630.39839268,
      282552592.4026966,
      516289854.902029,
      946416385.2974772,
      1963906332.7983022,
      3852055103.9010286,
      6722559886.002541
    ]
  },
  "msm_G2": {
    "range": [
      2,
      4,
      8,
      16,
      32,
      64,
      128,
      256,
      512,
      1024,
      2048,
      4096,
      8192,
      16384,
      32768,
      65536,
      131072,
      262144,
      524288,
      1048576
    ],
    "results": [
      8675727.999415891,
      8351463.41746052,
      9284857.332430504,
      5938979.282624581,
      7085376.4502935,
      8980453.731492162,
      12158485.332060426,
      18778847.295928884,
      31059586.764258496,
      53863957.901299,
      89187758.60220194,
      165793605.89832067,
      299074503.8986206,
      504135609.89946127,
      974112480.9011817,
      1774751826.1998892,
      3366628380.3001046,
      6818680071.097612,
      13321428988.599777,
      21447533062.20025
    ]
  },
  "fft": {
    "range": [
      2,
      4,
      8,
      16,
      32,
      64,
      128,
      256,
      512,
      1024,
      2048,
      4096,
      8192,
      16384,
      32768,
      65536,
      131072,
      262144,
      524288,
      1048576
    ],
    "results": [
      53103.952064869656,
      57283.77478306257,
      63584.60156154172,
      147599.36989444486,
      289915.015032326,
      600350.5987029115,
      643669.7296807818,
      729739.8487741328,
      896211.1307515037,
      1172113.3165393,
      1899532.102895054,
      3116392.71398879,
      6001757.048425221,
      11632413.674925648,
      23757432.5454506,
      50077030.45146032,
      104282800.00090599,
      213452970.70145607,
      434834913.1003022,
      900111325.1015544
    ]
  }
}