{
  "add_ff": {
    "range": [
      "range",
      "results"
    ],
    "results": [
      [
        1,
        1
      ],
      [
        321.04996410334286,
        415.3411736840267
      ]
    ]
  },
  "invert": {
    "range": [
      "range",
      "results"
    ],
    "results": [
      [
        1,
        1
      ],
      [
        6907.461074190447,
        6655.320252893137
      ]
    ]
  },
  "mul_G1": {
    "range": [
      "range",
      "results"
    ],
    "results": [
      [
        1,
        1
      ],
      [
        313782.72208507865,
        901904.882839671
      ]
    ]
  },
  "mul_G2": {
    "range": [
      "range",
      "results"
    ],
    "results": [
      [
        1,
        1
      ],
      [
        2530054.707155384,
        6147760.829547556
      ]
    ]
  },
  "pairing": {
    "range": [
      "range",
      "results"
    ],
    "results": [
      [
        1,
        1
      ],
      [
        4182059.2498717215,
        4870822.660010127
      ]
    ]
  },
  "add_G1": {
    "range": [
      "range",
      "results"
    ],
    "results": [
      [
        1,
        1
      ],
      [
        3145.44384421542,
        4966.5612997766
      ]
    ]
  },
  "add_G2": {
    "range": [
      "range",
      "results"
    ],
    "results": [
      [
        1,
        1
      ],
      [
        7493.501291120039,
        11945.774712149818
      ]
    ]
  },
  "msm_G1": {
    "range": [
      "range",
      "results"
    ],
    "results": [
      [
        2,
        4,
        8,
        16,
        32,
        64,
        128,
        256,
        512,
        1024,
        2048,
        4096,
        8192,
        16384,
        32768,
        65536,
        131072,
        262144,
        524288,
        1048576,
        2,
        4,
        8,
        16,
        32,
        64,
        128,
        256,
        512,
        1024,
        2048,
        4096,
        8192,
        16384,
        32768,
        65536,
        131072,
        262144,
        524288,
        1048576
      ],
      [
        4640240.889111603,
        4476429.767840142,
        4642273.712834274,
        2509194.72489506,
        1854381.5888188502,
        1668131.086739401,
        1678945.9934458137,
        2390095.91908682,
        3453008.124103834,
        5083229.303171839,
        6874597.150781384,
        11842132.395176692,
        20620244.080275297,
        38495091.462078005,
        71511618.9006716,
        139232863.6996448,
        253777297.99970984,
        501746956.00122213,
        1034428564.8003219,
        2106344973.7999587,
        5367788.957431912,
        5181492.948731811,
        5351801.031962671,
        3132954.1374230757,
        2691939.037613651,
        2451829.7892794306,
        2876955.793142833,
        4054992.2823425266,
        5616780.188679695,
        9399668.77805138,
        12426547.487970533,
        22466361.304016218,
        40003241.0767789,
        73858165.2007997,
        136239019.89981532,
        265040507.0990324,
        458519155.9996456,
        901000591.1998451,
        1908918319.4004,
        3633999077.999592
      ]
    ]
  },
  "msm_G2": {
    "range": [
      "range",
      "results"
    ],
    "results": [
      [
        2,
        4,
        8,
        16,
        32,
        64,
        128,
        256,
        512,
        1024,
        2048,
        4096,
        8192,
        16384,
        32768,
        65536,
        131072,
        262144,
        524288,
        1048576,
        2,
        4,
        8,
        16,
        32,
        64,
        128,
        256,
        512,
        1024,
        2048,
        4096,
        8192,
        16384,
        32768,
        65536,
        131072,
        262144,
        524288,
        1048576
      ],
      [
        6192633.790412434,
        6188545.4812443545,
        6706356.053501368,
        4024327.0879387856,
        3169849.247094008,
        3465165.1380647873,
        4359617.965182533,
        6734310.373365879,
        9679998.61518351,
        15851337.437168695,
        21218664.91669789,
        39598800.92281561,
        68217592.30010211,
        128561611.59984767,
        247201305.40020764,
        481443821.90071046,
        788252630.4006577,
        1791392429.9001694,
        3460604437.299818,
        6790540624.4006,
        7335536.985509638,
        7715401.876889742,
        7799525.661594593,
        4968268.861606864,
        4434571.141525444,
        5024079.589955509,
        7321709.796948277,
        9598961.151081998,
        16995603.99974386,
        27615806.631743908,
        35216713.33387494,
        67846206.90010488,
        122528591.90106392,
        229331511.59994304,
        449965045.70022225,
        858624118.2997823,
        1410956506.999582,
        3081918261.2001896,
        6019529718.198999,
        11671257494.699955
      ]
    ]
  },
  "fft": {
    "range": [
      "range",
      "results"
    ],
    "results": [
      [
        2,
        4,
        8,
        16,
        32,
        64,
        128,
        256,
        512,
        1024,
        2048,
        4096,
        8192,
        16384,
        32768,
        65536,
        131072,
        262144,
        524288,
        1048576,
        2,
        4,
        8,
        16,
        32,
        64,
        128,
        256,
        512,
        1024,
        2048,
        4096,
        8192,
        16384,
        32768,
        65536,
        131072,
        262144,
        524288,
        1048576
      ],
      [
        45421.011736116525,
        48068.59352960939,
        51872.73930071462,
        120924.92144280075,
        211449.32512721603,
        403367.67096192605,
        763154.333866224,
        1986048.6668046743,
        2085823.729261756,
        2263125.7962755756,
        2434524.543836568,
        2967591.201368521,
        3488830.8124565007,
        5655571.943714043,
        10122588.980048895,
        20111372.359842062,
        40265640.615557246,
        82770162.3994857,
        174409831.5998912,
        347439298.4997481,
        37730.56701530719,
        40325.96475046262,
        45040.52027449256,
        99366.2819855614,
        184750.98633401765,
        383642.85441879113,
        785936.9232888599,
        1793715.6738826877,
        1890116.0340545315,
        2030802.4614506403,
        2249154.273604331,
        2762681.1594466916,
        3659846.605529098,
        5954081.01189172,
        10057332.719862461,
        19961532.692926433,
        40135397.076320186,
        80640727.2003591,
        169906285.90025008,
        350408079.50012386
      ]
    ]
  }
}