{
  "add_G1": {
    "range": [
      1
    ],
    "results": [
      881.0633077008524
    ],
    "stddev": [
      0.6676861190290007
    ]
  },
  "sub_G1": {
    "range": [
      1
    ],
    "results": [
      894.9570010714785
    ],
    "stddev": [
      0.5257166695444193
    ]
  },
  "double_G1": {
    "range": [
      1
    ],
    "results": [
      404.64257389667813
    ],
    "stddev": [
      0.5636855558358084
    ]
  },
  "mul_G1": {
    "range": [
      1
    ],
    "results": [
      221712.51209704895
    ],
    "stddev": [
      438.35138675611654
    ]
  },
  "add_G2": {
    "range": [
      1
    ],
    "results": [
      3192.640402839833
    ],
    "stddev": [
      4.631613774876805
    ]
  },
  "sub_G2": {
    "range": [
      1
    ],
    "results": [
      3237.18074963085
    ],
    "stddev": [
      4.55759240407685
    ]
  },
  "double_G2": {
    "range": [
      1
    ],
    "results": [
      1453.3671438442657
    ],
    "stddev": [
      3.430997248200032
    ]
  },
  "mul_G2": {
    "range": [
      1
    ],
    "results": [
      762767.2773206442
    ],
    "stddev": [
      5645.649204885173
    ]
  },
  "add_ff": {
    "range": [
      1
    ],
    "results": [
      5.498034636627255
    ],
    "stddev": [
      0.0026729545513036043
    ]
  },
  "sub_ff": {
    "range": [
      1
    ],
    "results": [
      5.58566193910964
    ],
    "stddev": [
      0.0053155116506469575
    ]
  },
  "neg_ff": {
    "range": [
      1
    ],
    "results": [
      4.193122709565001
    ],
    "stddev": [
      0.0035819662017409484
    ]
  },
  "double_ff": {
    "range": [
      1
    ],
    "results": [
      3.5705681369142757
    ],
    "stddev": [
      0.002592966835236922
    ]
  },
  "mul_ff": {
    "range": [
      1
    ],
    "results": [
      28.73597236316932
    ],
    "stddev": [
      0.02807464382236072
    ]
  },
  "square_ff": {
    "range": [
      1
    ],
    "results": [
      23.300084343015826
    ],
    "stddev": [
      0.031454042431940145
    ]
  },
  "inv_ff": {
    "range": [
      1
    ],
    "results": [
      4435.174520343249
    ],
    "stddev": [
      22.12760976504325
    ]
  },
  "ip_ff": {
    "range": [
      2
    ],
    "results": [
      40.23393870447091
    ],
    "stddev": [
      0.07061282761111205
    ]
  },
  "msm_G1": {
    "range": [
      2,
      4,
      8,
      16,
      32,
      64,
      128,
      256,
      512,
      1024,
      2048,
      4096,
      8192,
      16384,
      32768,
      65536,
      131072,
      262144,
      524288,
      1048576,
      2097152
    ],
    "results": [
      383970.73732856306,
      392438.90534902096,
      463806.4792924354,
      568678.7929768944,
      663954.5674636498,
      764670.953780806,
      996988.3358081133,
      1355562.7518457908,
      1652452.2897739662,
      2411178.8471428575,
      4245377.785833335,
      7873971.514285719,
      13865855.24,
      27084844.575,
      53054781.22,
      105896999.82,
      199879761.29,
      394692175.6,
      722093505.49,
      1352243412.15,
      2091175420.9
    ],
    "stddev": [
      4435.362298174134,
      3495.699211949129,
      3658.8857996418974,
      6769.519220819352,
      6082.511804888014,
      10205.771166201353,
      9915.165486125774,
      12757.8534946722,
      29974.66536730139,
      24802.74777012149,
      65723.78674748741,
      171032.75398600448,
      319322.08074633067,
      1087334.0758222984,
      975321.1905458588,
      239801.83400167647,
      2160428.5460964004,
      7716259.248147572,
      8838244.888108209,
      16041166.06664659,
      29114877.656463247
    ]
  },
  "msm_G2": {
    "range": [
      2,
      4,
      8,
      16,
      32,
      64,
      128,
      256,
      512,
      1024,
      2048,
      4096,
      8192,
      16384,
      32768,
      65536,
      131072,
      262144,
      524288,
      1048576,
      2097152
    ],
    "results": [
      869153.4948756614,
      914891.0462301588,
      1066506.3645777965,
      1285775.7469248823,
      1392781.7967857143,
      1815100.3189604734,
      2415407.995579574,
      3515066.6276083635,
      4296092.01071609,
      6667463.799920635,
      12101718.675451389,
      23656710.932926588,
      41799462.41189154,
      82221662.71240078,
      162612052.8241667,
      318263264.3,
      554477490.7,
      1059779655.2,
      2058510644.3,
      3925289484.4,
      5719790476.6
    ],
    "stddev": [
      1429.5895726087117,
      2325.4401956123866,
      6141.765663000312,
      2111.014350309555,
      4191.352600874892,
      4853.884335235293,
      12048.157942865446,
      16830.340653834664,
      41529.50849879521,
      44561.8726205149,
      75589.53750989224,
      761771.5611294914,
      999092.6075063737,
      650362.4012067219,
      466897.72090307495,
      3968166.5848181965,
      5269482.571434315,
      7716786.337835133,
      20799050.408362165,
      33837938.815533005,
      35183497.375770964
    ]
  },
  "mul_Gt": {
    "range": [
      1
    ],
    "results": [
      786178.4251648352
    ],
    "stddev": [
      23759.713772684318
    ]
  },
  "msm_Gt": {
    "range": [
      2,
      4,
      8,
      16,
      32,
      64,
      128,
      256,
      512,
      1024,
      2048,
      4096,
      8192,
      16384,
      32768,
      65536,
      131072,
      262144
    ],
    "results": [
      1812669.0396872084,
      2629497.811876417,
      3384788.891829806,
      4799411.431633251,
      7609531.9810747355,
      14075738.685980726,
      24939288.33573412,
      48844929.01992064,
      96700256.87880951,
      192314440.26666668,
      402631112.55,
      805951854.9,
      1610470552.4,
      3218891148.7,
      6429464102.2,
      12835537200.2,
      25621638274.1,
      51189138081.5
    ],
    "stddev": [
      1293.0365842788206,
      857.1518730291903,
      1831.2280263761606,
      2404.4278557845983,
      10904.566964273314,
      13040.129169289889,
      6885.3456812975755,
      13135.761770387524,
      111020.2824861448,
      117280.18391364506,
      417433.6435423868,
      413152.71841982356,
      186493.91731860855,
      722127.6182202215,
      1268786.2800405591,
      2334447.836559335,
      3320791.5292852535,
      8403262.544219587
    ]
  },
  "pairing": {
    "range": [
      1
    ],
    "results": [
      1393511.4921975709
    ],
    "stddev": [
      1953.4681208531545
    ]
  },
  "msm_ff": {
    "range": [
      1
    ],
    "results": [
      3758.6697235790875
    ],
    "stddev": [
      4.37570182596178
    ]
  },
  "fft": {
    "range": [
      2,
      4,
      8,
      16,
      32,
      64,
      128,
      256,
      512,
      1024,
      2048,
      4096,
      8192,
      16384,
      32768,
      65536,
      131072,
      262144,
      524288,
      1048576,
      2097152
    ],
    "results": [
      112.19012707046265,
      21154.2965696806,
      75249.71576975664,
      174966.5888098296,
      315837.15196139214,
      408710.3173884262,
      374555.44230305107,
      423476.95661948656,
      592371.1622549475,
      682059.6764570007,
      837652.7081778797,
      1134342.8153030754,
      1356763.1307457983,
      1685046.8087092354,
      2238557.21552652,
      3468651.9224074073,
      5616062.342798786,
      9864181.57911111,
      18442877.393880956,
      49747031.74813492,
      110766686.26630953
    ],