{
  "add_G1": {
    "range": [
      1
    ],
    "results": [
      3248.117227868364
    ],
    "stddev": [
      0.6598748049826174
    ]
  },
  "sub_G1": {
    "range": [
      1
    ],
    "results": [
      3266.3456390315155
    ],
    "stddev": [
      1.3282313606393121
    ]
  },
  "double_G1": {
    "range": [
      1
    ],
    "results": [
      1466.1762077511873
    ],
    "stddev": [
      0.5246538046922418
    ]
  },
  "mul_G1": {
    "range": [
      1
    ],
    "results": [
      769770.7219656535
    ],
    "stddev": [
      2076.657426335083
    ]
  },
  "add_G2": {
    "range": [
      1
    ],
    "results": [
      10971.644398374727
    ],
    "stddev": [
      6.2534454766204925
    ]
  },
  "sub_G2": {
    "range": [
      1
    ],
    "results": [
      11028.48997356394
    ],
    "stddev": [
      7.5095195557786125
    ]
  },
  "double_G2": {
    "range": [
      1
    ],
    "results": [
      4596.506762774891
    ],
    "stddev": [
      2.07330997371413
    ]
  },
  "mul_G2": {
    "range": [
      1
    ],
    "results": [
      2483763.95
    ],
    "stddev": [
      563.1073175248417
    ]
  },
  "add_ff": {
    "range": [
      1
    ],
    "results": [
      21.694823925809764
    ],
    "stddev": [
      0.041218469878471053
    ]
  },
  "sub_ff": {
    "range": [
      1
    ],
    "results": [
      19.038397887568507
    ],
    "stddev": [
      0.04801999885454266
    ]
  },
  "neg_ff": {
    "range": [
      1
    ],
    "results": [
      11.564866311227972
    ],
    "stddev": [
      0.012048080908981242
    ]
  },
  "double_ff": {
    "range": [
      1
    ],
    "results": [
      6.470230718097347
    ],
    "stddev": [
      0.007163194913305807
    ]
  },
  "mul_ff": {
    "range": [
      1
    ],
    "results": [
      106.63517059665058
    ],
    "stddev": [
      0.04224574447267841
    ]
  },
  "square_ff": {
    "range": [
      1
    ],
    "results": [
      86.61086989125495
    ],
    "stddev": [
      0.06007294112673212
    ]
  },
  "inv_ff": {
    "range": [
      1
    ],
    "results": [
      5540.581452848488
    ],
    "stddev": [
      3.244536458487096
    ]
  },
  "ip_ff": {
    "range": [
      2
    ],
    "results": [
      153.72430786909368
    ],
    "stddev": [
      0.06490540217221877
    ]
  },
  "msm_G1": {
    "range": [
      2,
      4,
      8,
      16,
      32,
      64,
      128,
      256,
      512,
      1024,
      2048,
      4096,
      8192,
      16384,
      32768,
      65536,
      131072,
      262144,
      524288,
      1048576,
      2097152
    ],
    "results": [
      830229.4632908206,
      859122.4433350413,
      909453.1544207619,
      954850.6887223066,
      977819.8956825961,
      1240341.3460048344,
      1604284.5704780945,
      2517282.3945000004,
      2671099.166315789,
      4142672.84,
      7090412.4575,
      13364198.72,
      23667902.60333333,
      46680174.405,
      90923835.38,
      180158940.67,
      341521644.84,
      697559771.26,
      1401330627.18,
      2734659896.53,
      5500497494.1
    ],
    "stddev": [
      19375.946148010233,
      13256.36916579836,
      10834.533763130217,
      8350.585349537858,
      10947.88021060549,
      14100.35742798166,
      9440.802696043647,
      7229.951249278549,
      130564.2071348383,
      320461.15960040473,
      58844.038876845945,
      361613.44954090007,
      35385.11685354927,
      1067865.5895277804,
      64700.00240583922,
      83765.94011411264,
      145300.7141482602,
      744104.0526135658,
      2266851.3252032977,
      3621456.985023346,
      2165322.0607206426
    ]
  },
  "msm_G2": {
    "range": [
      2,
      4,
      8,
      16,
      32,
      64,
      128,
      256,
      512,
      1024,
      2048,
      4096,
      8192,
      16384,
      32768,
      65536,
      131072,
      262144,
      524288,
      1048576,
      2097152
    ],
    "results": [
      2242014.981626016,
      2282617.347455357,
      2434552.1265006266,
      2614583.2912086165,
      2674288.6700630253,
      3483292.0781334518,
      4494872.435757748,
      7269082.340805861,
      7701302.1762500005,
      12288889.765049605,
      20921045.157547615,
      39808284.969722226,
      71471489.15888889,
      142100618.4377381,
      277532201.45,
      553386502.7,
      1047398438.7,
      2119254481.4,
      4237392227.7,
      8253136848.3,
      16521507307.0
    ],
    "stddev": [
      5565.58481353224,
      7417.355733157642,
      7352.815438402738,
      2182.008887507417,
      6903.836454116753,
      2792.010383157805,
      3690.601442148841,
      2317.744954491395,
      222349.30570854805,
      494300.719669731,
      160766.05190006533,
      25563.50076463343,
      764410.0542844092,
      1200664.8371020395,
      214139.82424241526,
      537102.1881128488,
      270774.2310490605,
      1050172.8244304552,
      1441127.8605674135,
      10185629.211086707,
      17573332.867507536
    ]
  },
  "mul_Gt": {
    "range": [
      1
    ],
    "results": [
      2466523.94862051
    ],
    "stddev": [
      70501.73507865991
    ]
  },
  "msm_Gt": {
    "range": [
      2,
      4,
      8,
      16,
      32,
      64,
      128,
      256,
      512,
      1024,
      2048,
      4096,
      8192,
      16384,
      32768,
      65536,
      131072,
      262144
    ],
    "results": [
      5443905.706029412,
      7951537.798267195,
      10043136.246369049,
      14169649.52957483,
      22385478.801436502,
      38795397.837526456,
      71605861.5422619,
      140340408.62912703,
      278115004.6,
      553329603.0,
      1120780644.3,
      2237955151.7,
      4470484767.5,
      8933089654.8,
      17864663343.3,
      35716823412.5,
      71415694637.3,
      142799772974.2
    ],
    "stddev": [
      243.58771785466007,
      611.8460658204949,
      1019.8174474772026,
      1063.6101344229733,
      2440.249855603079,
      4712.26249707529,
      476375.51037629275,
      17300.20394124327,
      54660.463571854205,
      68941.86497187322,
      151005.59673869706,
      335045.26278729865,
      653933.9304274172,
      931115.5587557111,
      1650025.6271580784,
      2724051.628428479,
      4103667.4714098372,
      5286453.498948077
    ]
  },
  "pairing": {
    "range": [
      1
    ],
    "results": [
      4195769.4664177485
    ],
    "stddev": [
      2020.909396550745
    ]
  },
  "msm_ff": {
    "range": [
      1
    ],
    "results": [
      14635.027139018135
    ],
    "stddev": [
      21.812017661047946
    ]
  },
  "fft": {
    "range": [
      2,
      4,
      8,
      16,
      32,
      64,
      128,
      256,
      512,
      1024,
      2048,
      4096,
      8192,
      16384,
      32768,
      65536,
      131072,
      262144,
      524288,
      1048576,
      2097152
    ],
    "results": [
      291.2502114752864,
      22236.3427025422,
      69191.5237048786,
      125384.79401769271,
      169216.63345296992,
      180145.75255046674,
      164576.63185001316,
      284043.2478475642,
      402821.0565610229,
      529876.5993007106,
      763991.4190142195,
      989972.4803316941,
      1378706.974153439,
      1851579.647766667,
      2754478.5487593366,
      4469613.81090325,
      7689597.634203042,
      14143981.049387757,
      27496026.281408727,
      66245011.31488095,
      144777890.3386508
    ],
    "stddev": [
      1.8664570970093013,
      187.8231613613729,
      254.19881237302408,
      320.76281525600467,
      863.877491744222,
      11366.277791594026,
      21039.674386577983,
      644.7074628774476,
      1107.9715510287026,
      2343.3028472108736,
      2301.3442367396437,
      3213.77128215478,
      4260.034168164316,
      2388.67014450208,
      19494.812551653537,
      40616.636569768096,
      75446.39924797558,
      116513.56051620192,
      266142.7042583049,
      616924.5036491152,
      979585.4502193746
    ]
  }
}