{
  "add_G1": {
    "range": [
      1,
      1
    ],
    "results": [
      1093.3308136981843,
      358.43163972696027
    ],
    "stddev": [
      9.369821840693083,
      0.3971414099603836
    ]
  },
  "sub_G1": {
    "range": [
      1,
      1
    ],
    "results": [
      1117.5804740661627,
      367.9493959561465
    ],
    "stddev": [
      5.0133097261221025,
      1.2293607311620538
    ]
  },
  "double_G1": {
    "range": [
      1,
      1
    ],
    "results": [
      534.0036115155822,
      285.4014319200899
    ],
    "stddev": [
      0.4130706467137734,
      11.391834636713229
    ]
  },
  "mul_G1": {
    "range": [
      1,
      1
    ],
    "results": [
      171589.6594399294,
      116056.86088290173
    ],
    "stddev": [
      618.1917691016049,
      1133.414732332426
    ]
  },
  "add_G2": {
    "range": [
      1
    ],
    "results": [
      4006.6369966199663
    ],
    "stddev": [
      8.637365596097075
    ]
  },
  "sub_G2": {
    "range": [
      1
    ],
    "results": [
      4052.5876920219303
    ],
    "stddev": [
      7.9834644918905315
    ]
  },
  "double_G2": {
    "range": [
      1
    ],
    "results": [
      1872.7766143311885
    ],
    "stddev": [
      6.821439297072654
    ]
  },
  "mul_G2": {
    "range": [
      1
    ],
    "results": [
      954270.1052161236
    ],
    "stddev": [
      6048.021113792038
    ]
  },
  "add_ff": {
    "range": [
      1,
      1
    ],
    "results": [
      8.93760607745126,
      8.904900664394471
    ],
    "stddev": [
      0.05023090453596338,
      0.09417026216199577
    ]
  },
  "sub_ff": {
    "range": [
      1,
      1
    ],
    "results": [
      12.132348532419945,
      6.389639702691867
    ],
    "stddev": [
      0.05077870116226089,
      0.05184961156650744
    ]
  },
  "neg_ff": {
    "range": [
      1,
      1
    ],
    "results": [
      5.198488325974702,
      4.955118422650947
    ],
    "stddev": [
      0.006445322372534422,
      0.02214519408891281
    ]
  },
  "double_ff": {
    "range": [
      1,
      1
    ],
    "results": [
      4.393832605087615,
      5.214630360291108
    ],
    "stddev": [
      0.010999754219979242,
      0.008067213063542744
    ]
  },
  "mul_ff": {
    "range": [
      1,
      1
    ],
    "results": [
      36.12262169777236,
      36.37479996947316
    ],
    "stddev": [
      0.05274469968358096,
      0.04840126576600865
    ]
  },
  "square_ff": {
    "range": [
      1,
      1
    ],
    "results": [
      31.455751523424386,
      30.988862209435595
    ],
    "stddev": [
      0.027913402403329,
      0.04021498486180922
    ]
  },
  "inv_ff": {
    "range": [
      1,
      1
    ],
    "results": [
      6178.721242334143,
      5845.6427123244885
    ],
    "stddev": [
      5.819338477614433,
      7.869077964627304
    ]
  },
  "ip_ff": {
    "range": [
      2,
      2
    ],
    "results": [
      51.62184294861665,
      50.85531750045447
    ],
    "stddev": [
      0.22036385589187527,
      0.06098719896353862
    ]
  },
  "msm_G1": {
    "range": [
      2,
      4,
      8,
      16,
      32,
      64,
      128,
      256,
      512,
      1024,
      2048,
      4096,
      8192,
      16384,
      32768,
      65536,
      131072,
      262144,
      524288,
      1048576,
      2097152
    ],
    "results": [
      363522.12820002914,
      418887.69791139045,
      495064.6415517813,
      628815.0569497023,
      889411.8973912308,
      1359402.6854937314,
      1944622.7141611313,
      3131931.444375,
      4888316.326363635,
      8061531.441428571,
      15518242.0875,
      28299420.185,
      51015978.08,
      84147226.71,
      168462079.72,
      304850091.72,
      576909256.16,
      1151554695.33,
      2274121391.28,
      4430327465.62,
      7399583668.8
    ],
    "stddev": [
      7000.971261187835,
      4224.253042073546,
      4069.454683394402,
      3972.1106750911563,
      4172.31296682755,
      6642.1237789844945,
      10396.073352460675,
      11216.262596521732,
      27397.420214383095,
      137944.27712905084,
      138091.97535938854,
      880075.0653623919,
      2192901.415073585,
      158008.4503160698,
      451639.6119330119,
      12857074.417079188,
      13269560.386691682,
      10843937.57049949,
      18506176.318635803,
      32236794.444043588,
      28724753.740083616
    ]
  },
  "msm_G2": {
    "range": [
      2,
      4,
      8,
      16,
      32,
      64,
      128,
      256,
      512,
      1024,
      2048,
      4096,
      8192,
      16384,
      32768,
      65536,
      131072,
      262144,
      524288,
      1048576,
      2097152
    ],
    "results": [
      1028866.9823047083,
      1193847.33586675,
      1452883.6614984884,
      1867555.9948461293,
      2619140.7897993196,
      4016420.141002415,
      5837407.585753968,
      9689165.242226189,
      15452326.564510584,
      25572925.98878968,
      49126403.937658735,
      89387512.14525795,
      160690328.12301588,
      269318961.05,
      526262230.9,
      943473579.8,
      1783202531.0,
      3572367081.3,
      7086534015.6,
      13792802116.7,
      21844188037.8
    ],
    "stddev": [
      16178.322991201441,
      7504.021813649134,
      7158.216305778307,
      8733.803452701466,
      5192.977328156588,
      14161.302903099107,
      17589.827675841756,
      45578.2446087476,
      90684.76160362232,
      116422.84842196241,
      457517.44781030976,
      1399352.8733589556,
      1908785.6727562824,
      1911431.9715965888,
      5873922.886727565,
      11176982.302730007,
      9680388.348572407,
      9369426.04931459,
      16878935.063905798,
      32217658.3480047,
      23988417.612372454
    ]
  },
  "mul_Gt": {
    "range": [
      1
    ],
    "results": [
      973938.7262531329
    ],
    "stddev": [
      27813.131586631633
    ]
  },
  "msm_Gt": {
    "range": [
      2,
      4,
      8,
      16,
      32,
      64,
      128,
      256,
      512,
      1024,
      2048,
      4096,
      8192,
      16384,
      32768,
      65536,
      131072,
      262144
    ],
    "results": [
      2160405.1129060546,
      3099366.9477222217,
      3972989.5547498288,
      6097363.131489418,
      9876024.396079365,
      18699362.619253967,
      36242866.683108464,
      71535807.34882936,
      141905383.11063495,
      282922222.95,
      590117312.4,
      1180485385.7,
      2353392014.5,
      4698969206.6,
      9382994579.8,
      18755315202.7,
      37464152298.7,
      74866412136.1
    ],
    "stddev": [
      1751.3779882386525,
      1624.7944316173657,
      9222.900661841317,
      456216.4032949849,
      11206.988475393564,
      23093.45998590812,
      39080.74054957635,
      105494.5706224524,
      150001.13778391673,
      181567.19247574022,
      185151.43589678154,
      2912443.864253663,
      1124670.1067415501,
      1342391.447305755,
      7022662.26970769,
      12414677.286848765,
      31091705.83862288,
      11180510.852707675
    ]
  },
  "pairing": {
    "range": [
      1
    ],
    "results": [
      1686242.4160714287
    ],
    "stddev": [
      4158.352017763085
    ]
  },
  "msm_ff": {
    "range": [
      1
    ],
    "results": [
      4567.374622969999
    ],
    "stddev": [
      4.240677551319253
    ]
  },
  "fft": {
    "range": [
      2,
      4,
      8,
      16,
      32,
      64,
      128,
      256,
      512,
      1024,
      2048,
      4096,
      8192,
      16384,
      32768,
      65536,
      131072,
      262144,
      524288,
      1048576,
      2097152
    ],