{
  "add_G1": {
    "range": [
      1,
      1
    ],
    "results": [
      624.9481987940135,
      204.24430851626738
    ],
    "stddev": [
      1.4702378766552744,
      2.281134454021201
    ]
  },
  "sub_G1": {
    "range": [
      1,
      1
    ],
    "results": [
      644.4101912540489,
      209.80715516321808
    ],
    "stddev": [
      2.6395016144417753,
      3.3013434810269398
    ]
  },
  "double_G1": {
    "range": [
      1,
      1
    ],
    "results": [
      300.07439615870067,
      162.21812029813674
    ],
    "stddev": [
      1.1058315803937173,
      2.66287013845548
    ]
  },
  "mul_G1": {
    "range": [
      1,
      1
    ],
    "results": [
      105869.48291920283,
      71104.22207061363
    ],
    "stddev": [
      267.3205159190636,
      1163.3757270641502
    ]
  },
  "add_G2": {
    "range": [
      1
    ],
    "results": [
      2547.085571771503
    ],
    "stddev": [
      5.9061845871050185
    ]
  },
  "sub_G2": {
    "range": [
      1
    ],
    "results": [
      2583.5474598903766
    ],
    "stddev": [
      8.784434272773654
    ]
  },
  "double_G2": {
    "range": [
      1
    ],
    "results": [
      1162.4295459268353
    ],
    "stddev": [
      5.126387233708355
    ]
  },
  "mul_G2": {
    "range": [
      1
    ],
    "results": [
      615332.5920709773
    ],
    "stddev": [
      4579.131278259584
    ]
  },
  "add_ff": {
    "range": [
      1,
      1
    ],
    "results": [
      4.409109412824821,
      4.557522372134203
    ],
    "stddev": [
      0.00883009535908149,
      0.08889521259525411
    ]
  },
  "sub_ff": {
    "range": [
      1,
      1
    ],
    "results": [
      4.382436512842153,
      4.551520195919236
    ],
    "stddev": [
      0.013939141624211226,
      0.06954296703462727
    ]
  },
  "neg_ff": {
    "range": [
      1,
      1
    ],
    "results": [
      3.9726776323310604,
      4.110426205733534
    ],
    "stddev": [
      0.013869744849570473,
      0.07269971947272294
    ]
  },
  "double_ff": {
    "range": [
      1,
      1
    ],
    "results": [
      3.8417200910733817,
      4.070544392918409
    ],
    "stddev": [
      0.008372095427722452,
      0.028316226204652958
    ]
  },
  "mul_ff": {
    "range": [
      1,
      1
    ],
    "results": [
      21.56183443960797,
      22.137955374201695
    ],
    "stddev": [
      0.050460592594722596,
      0.42772965696118226
    ]
  },
  "square_ff": {
    "range": [
      1,
      1
    ],
    "results": [
      17.95893797789403,
      18.652718509115214
    ],
    "stddev": [
      0.046128278457437145,
      0.35343013881287094
    ]
  },
  "inv_ff": {
    "range": [
      1,
      1
    ],
    "results": [
      4518.945719240053,
      4718.949597399595
    ],
    "stddev": [
      25.35892117132259,
      63.45686167637514
    ]
  },
  "ip_ff": {
    "range": [
      2,
      2
    ],
    "results": [
      31.762675499586738,
      33.10534668805212
    ],
    "stddev": [
      0.09587980886646416,
      0.5518912442502716
    ]
  },
  "msm_G1": {
    "range": [
      2,
      4,
      8,
      16,
      32,
      64,
      128,
      256,
      512,
      1024,
      2048,
      4096,
      8192,
      16384,
      32768,
      65536,
      131072,
      262144,
      524288,
      1048576,
      2097152
    ],
    "results": [
      381846.12767048704,
      439515.9125544781,
      475622.48996319994,
      512671.860957408,
      625979.0309728617,
      956937.9723967802,
      1245966.062743385,
      1603574.3954016797,
      1837940.1279025334,
      2507469.908571429,
      4146354.0707692294,
      7108353.6125,
      11942480.617999999,
      22417000.826666657,
      43203220.075,
      85179018.58,
      165579246.86,
      343556090.19,
      606889069.54,
      1084778656.95,
      1639112121.3
    ],
    "stddev": [
      79435.42990598669,
      113320.01880308223,
      114097.79559516466,
      93607.65267212674,
      130871.69334820111,
      221626.65758768568,
      242171.67687768946,
      201440.13906149458,
      232058.6427017076,
      234003.83038412666,
      210797.6047920626,
      222375.28160773378,
      283013.8451459236,
      552231.4412128861,
      393977.2977232151,
      601959.8766683404,
      1014864.0295835795,
      4125404.5226703957,
      27600041.820320066,
      38051387.85177762,
      57940433.60075975
    ]
  },
  "msm_G2": {
    "range": [
      2,
      4,
      8,
      16,
      32,
      64,
      128,
      256,
      512,
      1024,
      2048,
      4096,
      8192,
      16384,
      32768,
      65536,
      131072,
      262144,
      524288,
      1048576,
      2097152
    ],
    "results": [
      922528.4190375984,
      941432.720279086,
      1016221.3464393548,
      1134620.0118697176,
      1482464.4376525725,
      1940583.9208244253,
      2244547.998493056,
      3334459.7492332766,
      3585689.2903159335,
      5340742.633679452,
      9302473.213646824,
      17567738.072056882,
      30607615.958148144,
      59683527.49117063,
      116125492.94396827,
      232265462.7,
      458326719.75,
      883402275.5,
      1605165895.9,
      2976559590.1,
      4724727712.9
    ],
    "stddev": [
      39346.8403371988,
      52020.213155411715,
      66532.00819304577,
      66014.21144376165,
      216068.17873354346,
      201644.14659850975,
      170129.69620426558,
      87299.29713132375,
      119265.09779131977,
      228973.77105683283,
      106468.93038564443,
      557331.2597980462,
      401554.0710999398,
      821191.459408167,
      1087722.2155016,
      2484966.346339637,
      5786447.8919119425,
      30393777.405743744,
      55325527.340625204,
      41658281.85209119,
      81149894.14596368
    ]
  },
  "mul_Gt": {
    "range": [
      1
    ],
    "results": [
      596028.0239125458
    ],
    "stddev": [
      18532.73106897838
    ]
  },
  "msm_Gt": {
    "range": [
      2,
      4,
      8,
      16,
      32,
      64,
      128,
      256,
      512,
      1024,
      2048,
      4096,
      8192,
      16384,
      32768,
      65536,
      131072,
      262144
    ],
    "results": [
      1391222.2912596199,
      2011249.342467219,
      3137307.39591133,
      4275555.36274531,
      6639903.453954082,
      11254822.806472663,
      19535152.09507937,
      37619863.70308201,
      74001521.61182539,
      145661622.19376984,
      305192095.35,
      610492682.8,
      1219089639.8,
      2430281407.0,
      4859340418.3,
      9690804604.3,
      19313034834.0,
      38584701424.2
    ],
    "stddev": [
      3466.098354554694,
      2158.8972549594205,
      12284.778899859459,
      24104.096542264855,
      27504.702129317153,
      68123.6579030831,
      113296.03673082923,
      56519.725011946284,
      340679.20057989587,
      439521.063033756,
      619342.8139904446,
      1973053.8002635813,
      1519217.587489218,
      4283463.478664152,
      12979452.342885735,
      13040685.024231205,
      20960804.451660935,
      59221194.89620445
    ]
  },
  "pairing": {
    "range": [
      1
    ],
    "results": [
      1072861.232917367
    ],
    "stddev": [
      2331.010947131029
    ]
  },
  "msm_ff": {
    "range": [
      1
    ],
    "results": [
      2657.5587025600676
    ],
    "stddev": [
      7.583812123543524
    ]
  },
  "fft": {
    "range": [
      2,
      4,
      8,
      16,
      32,
      64,
      128,
      256,
      512,
      1024,
      2048,
      4096,
      8192,
      16384,
      32768,
      65536,
      131072,
      262144,
      524288,
      1048576,
      2097152
    ],