{
  "add_G1": {
    "range": [
      1
    ],
    "results": [
      879.1484765143916
    ],
    "stddev": [
      0.6276637637262878
    ]
  },
  "sub_G1": {
    "range": [
      1
    ],
    "results": [
      902.2349901083288
    ],
    "stddev": [
      0.5971380249130838
    ]
  },
  "double_G1": {
    "range": [
      1
    ],
    "results": [
      392.9408369196725
    ],
    "stddev": [
      0.5904915483380633
    ]
  },
  "mul_G1": {
    "range": [
      1
    ],
    "results": [
      219604.57110750047
    ],
    "stddev": [
      460.5561410962941
    ]
  },
  "add_G2": {
    "range": [
      1
    ],
    "results": [
      3210.948065193334
    ],
    "stddev": [
      4.878213282858671
    ]
  },
  "sub_G2": {
    "range": [
      1
    ],
    "results": [
      3247.0645538039985
    ],
    "stddev": [
      4.5992067962936325
    ]
  },
  "double_G2": {
    "range": [
      1
    ],
    "results": [
      1486.4916688908943
    ],
    "stddev": [
      2.9979573644767843
    ]
  },
  "mul_G2": {
    "range": [
      1
    ],
    "results": [
      768604.5954876341
    ],
    "stddev": [
      6067.340713972718
    ]
  },
  "add_ff": {
    "range": [
      1
    ],
    "results": [
      5.561761430950177
    ],
    "stddev": [
      0.007047431984403609
    ]
  },
  "sub_ff": {
    "range": [
      1
    ],
    "results": [
      5.586326967394691
    ],
    "stddev": [
      0.005351614905655387
    ]
  },
  "neg_ff": {
    "range": [
      1
    ],
    "results": [
      4.198989747560692
    ],
    "stddev": [
      0.003708581155194822
    ]
  },
  "double_ff": {
    "range": [
      1
    ],
    "results": [
      3.570366515670141
    ],
    "stddev": [
      0.0032389494331326865
    ]
  },
  "mul_ff": {
    "range": [
      1
    ],
    "results": [
      28.699490210248026
    ],
    "stddev": [
      0.04784239940583493
    ]
  },
  "square_ff": {
    "range": [
      1
    ],
    "results": [
      23.779704041897823
    ],
    "stddev": [
      0.01848819420027554
    ]
  },
  "inv_ff": {
    "range": [
      1
    ],
    "results": [
      4455.004634939063
    ],
    "stddev": [
      28.706951664959757
    ]
  },
  "ip_ff": {
    "range": [
      2
    ],
    "results": [
      39.32313872742381
    ],
    "stddev": [
      0.0651648505885008
    ]
  },
  "msm_G1": {
    "range": [
      2,
      4,
      8,
      16,
      32,
      64,
      128,
      256,
      512,
      1024,
      2048,
      4096,
      8192,
      16384,
      32768,
      65536,
      131072,
      262144,
      524288,
      1048576,
      2097152
    ],
    "results": [
      382350.09210358275,
      391506.19168801256,
      461742.3829591167,
      567627.8327298177,
      659159.7857795774,
      762403.6148046844,
      996726.2676809133,
      1361122.9964315472,
      1641878.4027367337,
      2408037.6533333333,
      4262307.559166666,
      7851608.741428572,
      13860810.07,
      26801804.56,
      53090083.56,
      105227369.55,
      198733613.23,
      392114892.96,
      720329203.0,
      1351571307.14,
      2065467201.4
    ],
    "stddev": [
      4515.734840796255,
      3000.5079226381895,
      4855.388628166173,
      6427.123790937964,
      7665.140096889411,
      8183.681417271052,
      8151.316453961127,
      12440.889961866209,
      22141.31689767997,
      27205.547591194307,
      62930.38544879189,
      119295.90892897925,
      306702.09214931197,
      37108.729055997064,
      1384270.2407205128,
      187642.30695268992,
      3289333.3094830047,
      5135776.979274249,
      11176888.98021313,
      16932543.3862059,
      39095183.33292181
    ]
  },
  "msm_G2": {
    "range": [
      2,
      4,
      8,
      16,
      32,
      64,
      128,
      256,
      512,
      1024,
      2048,
      4096,
      8192,
      16384,
      32768,
      65536,
      131072,
      262144,
      524288,
      1048576,
      2097152
    ],
    "results": [
      872415.9804452003,
      916684.4890277779,
      1066798.1555306385,
      1285685.4238296445,
      1394613.4788455986,
      1821977.8648436505,
      2418322.0676190476,
      3529368.6961111114,
      4314233.238621933,
      6716563.020175737,
      12229912.907276785,
      23626112.361140877,
      41543614.82752645,
      82634866.31779762,
      163650265.8727778,
      319142589.5,
      557112683.6,
      1063841109.4,
      2069346554.8,
      3958562243.2,
      5764656484.4
    ],
    "stddev": [
      2662.186367469148,
      2664.4346558403718,
      3428.2279867136867,
      3720.197403560744,
      3883.5500932202835,
      5615.339857553518,
      9290.116400913892,
      32204.77972603246,
      29702.09522190318,
      84600.00174621852,
      81414.14548080086,
      285912.79789990885,
      33858.77527636914,
      864019.4139208817,
      29438.721176846382,
      4385456.445496985,
      8061301.393831064,
      4294861.540363512,
      21706211.5344421,
      43422375.95343368,
      19136444.407501407
    ]
  },
  "mul_Gt": {
    "range": [
      1
    ],
    "results": [
      793734.2327661468
    ],
    "stddev": [
      24385.58242152921
    ]
  },
  "msm_Gt": {
    "range": [
      2,
      4,
      8,
      16,
      32,
      64,
      128,
      256,
      512,
      1024,
      2048,
      4096,
      8192,
      16384,
      32768,
      65536,
      131072,
      262144
    ],
    "results": [
      1834432.1818047618,
      2657717.9596190476,
      3405117.824513521,
      4886858.660123226,
      7723649.081028439,
      14212332.085357144,
      25235286.05668651,
      49370141.15234127,
      97728402.77865079,
      194280019.8,
      404320282.95,
      809960978.3,
      1620028631.1,
      3235471433.1,
      6462760957.9,
      12913764759.5,
      25811846140.8,
      51613642646.9
    ],
    "stddev": [
      358.66863489683567,
      724.2047588710711,
      2933.239060043452,
      37017.798213333444,
      26512.194817516112,
      19743.71864829212,
      28698.630703520015,
      30673.107019322615,
      95667.85040378265,
      201047.82345425995,
      297846.01310118707,
      359260.28450109815,
      385539.3153286575,
      459388.57361028256,
      630427.7392939575,
      1547081.9384365038,
      3436801.9738951735,
      7673659.728770275
    ]
  },
  "pairing": {
    "range": [
      1
    ],
    "results": [
      1411494.9542246643
    ],
    "stddev": [
      2546.9632125424687
    ]
  },
  "msm_ff": {
    "range": [
      1
    ],
    "results": [
      3729.159858135452
    ],
    "stddev": [
      3.463808522469995
    ]
  },
  "fft": {
    "range": [
      2,
      4,
      8,
      16,
      32,
      64,
      128,
      256,
      512,
      1024,
      2048,
      4096,
      8192,
      16384,
      32768,
      65536,
      131072,
      262144,
      524288,
      1048576,
      2097152
    ],
    "results": [
      115.611222011692,
      21179.003517674908,
      74877.40930661009,
      174542.6364874894,
      311569.96509309096,
      401751.2436913502,
      371086.68158001296,
      417328.0313140955,
      587880.2867752176,
      673751.7205861259,
      832622.8364234746,
      1122007.4343004117,
      1332825.702889924,
      1659725.254958153,
      2206066.775056689,
      3424598.404212228,
      5590839.942607376,
      9778313.376353174,
      18465206.251460318,
      49769923.43605159,
      110793023.96174605
    ],