{
  "msm_G1": {
    "range": [
      1982,
      3987,
      7823,
      13823,
      26270,
      62382,
      68869,
      147175,
      484840,
      715095,
      1789642,
      3503829
    ],
    "results": [
      6904998.661950114,
      13080032.820873016,
      22895264.635865074,
      40503074.7999074,
      74990008.37311509,
      172961019.27892858,
      188838281.36666667,
      410244795.45,
      1304905427.8,
      1896168538.2,
      4696638722.4,
      9246927137.8
    ],
    "stddev": [
      19520.17731444857,
      77536.80302617965,
      337288.3591558881,
      304380.7509267951,
      137868.413788781,
      70543.20017696767,
      19492.078510941377,
      1103799.4476891726,
      3219332.736378326,
      7118613.2660150565,
      1240152.7921866886,
      6386624.79628675
    ]
  }
}