{
  "add_G1": {
    "range": [
      1,
      1
    ],
    "results": [
      975.0280895730154,
      361.1014626732481
    ],
    "stddev": [
      0.8412615053052499,
      0.12421309702381131
    ]
  },
  "sub_G1": {
    "range": [
      1,
      1
    ],
    "results": [
      990.9364249753664,
      380.9099067904368
    ],
    "stddev": [
      1.0372295489474115,
      0.17916403824258503
    ]
  },
  "double_G1": {
    "range": [
      1,
      1
    ],
    "results": [
      467.39905448554777,
      282.2671227882681
    ],
    "stddev": [
      0.2426098151870601,
      0.09805905755678888
    ]
  },
  "mul_G1": {
    "range": [
      1,
      1
    ],
    "results": [
      155045.26277638873,
      114791.1148028777
    ],
    "stddev": [
      423.9346549971369,
      203.79331504950235
    ]
  },
  "add_G2": {
    "range": [
      1
    ],
    "results": [
      3885.0196516488195
    ],
    "stddev": [
      3.612286169854763
    ]
  },
  "sub_G2": {
    "range": [
      1
    ],
    "results": [
      3924.122381301942
    ],
    "stddev": [
      3.4049863544728303
    ]
  },
  "double_G2": {
    "range": [
      1
    ],
    "results": [
      1709.6520258214246
    ],
    "stddev": [
      0.8671238195260582
    ]
  },
  "mul_G2": {
    "range": [
      1
    ],
    "results": [
      904728.9316176121
    ],
    "stddev": [
      7166.200158068682
    ]
  },
  "add_ff": {
    "range": [
      1,
      1
    ],
    "results": [
      5.673023598347111,
      5.686244859077019
    ],
    "stddev": [
      0.006940308857437927,
      0.004595954240081042
    ]
  },
  "sub_ff": {
    "range": [
      1,
      1
    ],
    "results": [
      11.272634679510492,
      10.432474506751289
    ],
    "stddev": [
      0.014805515171898665,
      0.018581849928727693
    ]
  },
  "neg_ff": {
    "range": [
      1,
      1
    ],
    "results": [
      7.399610396372826,
      7.4107453506845244
    ],
    "stddev": [
      0.03139940484003271,
      0.02124054731868487
    ]
  },
  "double_ff": {
    "range": [
      1,
      1
    ],
    "results": [
      4.232985716735476,
      4.258390876566607
    ],
    "stddev": [
      0.009129882242422187,
      0.0069763700821511105
    ]
  },
  "mul_ff": {
    "range": [
      1,
      1
    ],
    "results": [
      35.40083591850002,
      36.20587133652913
    ],
    "stddev": [
      0.009060671999620401,
      0.014838991445621518
    ]
  },
  "square_ff": {
    "range": [
      1,
      1
    ],
    "results": [
      31.110040851416084,
      30.759810339016184
    ],
    "stddev": [
      0.05728906045712537,
      0.019303842638437076
    ]
  },
  "inv_ff": {
    "range": [
      1,
      1
    ],
    "results": [
      5761.411420635322,
      5654.574602875522
    ],
    "stddev": [
      4.446592478672685,
      3.310767825856682
    ]
  },
  "ip_ff": {
    "range": [
      2,
      2
    ],
    "results": [
      47.92718983207445,
      47.58954333977851
    ],
    "stddev": [
      0.013179894197538806,
      0.021100130768499502
    ]
  },
  "msm_G1": {
    "range": [
      2,
      4,
      8,
      16,
      32,
      64,
      128,
      256,
      512,
      1024,
      2048,
      4096,
      8192,
      16384,
      32768,
      65536,
      131072,
      262144,
      524288,
      1048576,
      2097152
    ],
    "results": [
      366260.26379447675,
      367071.4874046536,
      391942.9089945884,
      367216.7369920907,
      373056.3456420912,
      486641.76123502123,
      604827.2778672522,
      921427.6633987769,
      993068.6295068704,
      1467602.8486744552,
      2574915.5195,
      4732673.398181817,
      8392735.145,
      16258669.1025,
      31332491.81,
      60921854.77,
      119997503.46,
      246807731.55,
      495705909.82,
      960610326.85,
      1992536428.9
    ],
    "stddev": [
      8317.820910048964,
      8725.876761255271,
      13362.562993280773,
      4382.371946187208,
      19028.837744523124,
      3278.2960188224247,
      8953.063146613858,
      6058.308531851905,
      20663.874878242565,
      10981.520804179852,
      6732.269521097241,
      34188.002393978946,
      16724.436025296964,
      325308.5785264894,
      64753.08447934276,
      74834.88849084429,
      113505.8726178007,
      167897.0748152793,
      1942151.815827987,
      3436696.1104614628,
      8803032.536374932
    ]
  },
  "msm_G2": {
    "range": [
      2,
      4,
      8,
      16,
      32,
      64,
      128,
      256,
      512,
      1024,
      2048,
      4096,
      8192,
      16384,
      32768,
      65536,
      131072,
      262144,
      524288,
      1048576,
      2097152
    ],
    "results": [
      900400.156247881,
      930029.916526375,
      962986.6463375104,
      1029873.1082004637,
      1055283.5904200876,
      1347341.5533876051,
      1721051.6059800838,
      2754832.1369540645,
      2882959.758190724,
      4516586.43311508,
      7877476.406299601,
      14993245.434331065,
      26666892.48531746,
      52775368.130257934,
      103322408.7093254,
      205597929.86666667,
      391736154.65,
      795260797.4,
      1609142447.3,
      3134568478.2,
      6291786404.8
    ],
    "stddev": [
      9520.908381727815,
      12402.15521259138,
      5906.276798665829,
      5782.019903434535,
      8480.146243036006,
      1882.5975116043155,
      3035.699374393138,
      3783.3807360522474,
      41463.2823761939,
      106653.98632970672,
      4790.114991006064,
      99763.1682358869,
      10440.14053951195,
      157779.38703972494,
      62894.000125452294,
      92744.00851905462,
      278672.86011244886,
      1311351.107028335,
      3235943.090929105,
      10029779.745735884,
      28748288.834209066
    ]
  },
  "mul_Gt": {
    "range": [
      1
    ],
    "results": [
      983326.6810988687
    ],
    "stddev": [
      28611.986237706613
    ]
  },
  "msm_Gt": {
    "range": [
      2,
      4,
      8,
      16,
      32,
      64,
      128,
      256,
      512,
      1024,
      2048,
      4096,
      8192,
      16384,
      32768,
      65536,
      131072,
      262144
    ],
    "results": [
      2117828.9667275744,
      3057958.7631283063,
      3814729.125868055,
      5364518.456538282,
      8469707.005844157,
      14628561.235289117,
      26766414.786488093,
      52394600.9318254,
      103731636.55464286,
      206280506.2,
      424882776.3,
      848834879.9,
      1695402134.4,
      3383651654.6,
      6756110581.4,
      13494958284.4,
      26967705690.7,
      53905574482.7
    ],
    "stddev": [
      2123.0317998927894,
      1994.3857990962172,
      4529.7074077190055,
      7326.7286805706,
      4540.073373264874,
      5472.879984911255,
      4103.730677716413,
      45346.60469035466,
      61758.29202483673,
      76003.44205877777,
      147223.34607259135,
      120468.55547025539,
      222923.91650794222,
      437243.1741862187,
      1215041.8421317185,
      2320250.0293736104,
      2257659.85752323,
      4755267.300224353
    ]
  },
  "pairing": {
    "range": [
      1
    ],
    "results": [
      1649539.240853883
    ],
    "stddev": [
      2195.1261617021396
    ]
  },
  "msm_ff": {
    "range": [
      1
    ],
    "results": [
      4989.919023685796
    ],
    "stddev": [
      6.089137417355295
    ]
  },
  "fft": {
    "range": [
      2,
      4,
      8,
      16,
      32,
      64,
      128,
      256,
      512,
      1024,
      2048,
      4096,
      8192,
      16384,
      32768,
      65536,
      131072,
      262144,
      524288,
      1048576,
      2097152
    ],