{
  "msm_G1": {
    "range": [
      2,
      4,
      8,
      16,
      32,
      64,
      128,
      256,
      512,
      1024,
      2048,
      4096,
      8192,
      16384,
      32768,
      65536,
      131072,
      262144,
      524288,
      1048576,
      2097152
    ],
    "results": [
      383970.73732856306,
      392438.90534902096,
      463806.4792924354,
      568678.7929768944,
      663954.5674636498,
      764670.953780806,
      996988.3358081133,
      1355562.7518457908,
      1652452.2897739662,
      2411178.8471428575,
      4245377.785833335,
      7873971.514285719,
      13865855.24,
      27084844.575,
      53054781.22,
      105896999.82,
      199879761.29,
      394692175.6,
      722093505.49,
      1352243412.15,
      2091175420.9
    ]
  },
  "msm_G2": {
    "range": [
      2,
      4,
      8,
      16,
      32,
      64,
      128,
      256,
      512,
      1024,
      2048,
      4096,
      8192,
      16384,
      32768,
      65536,
      131072,
      262144,
      524288,
      1048576,
      2097152
    ],
    "results": [
      869153.4948756614,
      914891.0462301588,
      1066506.3645777965,
      1285775.7469248823,
      1392781.7967857143,
      1815100.3189604734,
      2415407.995579574,
      3515066.6276083635,
      4296092.01071609,
      6667463.799920635,
      12101718.675451389,
      23656710.932926588,
      41799462.41189154,
      82221662.71240078,
      162612052.8241667,
      318263264.3,
      554477490.7,
      1059779655.2,
      2058510644.3,
      3925289484.4,
      5719790476.6
    ]
  },
  "mul_Gt": {
    "range": [
      1
    ],
    "results": [
      786178.4251648352
    ]
  },
  "msm_Gt": {
    "range": [
      2,
      4,
      8,
      16,
      32,
      64,
      128,
      256,
      512,
      1024,
      2048,
      4096,
      8192,
      16384,
      32768,
      65536,
      131072,
      262144
    ],
    "results": [
      1812669.0396872084,
      2629497.811876417,
      3384788.891829806,
      4799411.431633251,
      7609531.9810747355,
      14075738.685980726,
      24939288.33573412,
      48844929.01992064,
      96700256.87880951,
      192314440.26666668,
      402631112.55,
      805951854.9,
      1610470552.4,
      3218891148.7,
      6429464102.2,
      12835537200.2,
      25621638274.1,
      51189138081.5
    ]
  },
  "pairing": {
    "range": [
      1
    ],
    "results": [
      1393511.4921975709
    ]
  },
  "msm_ff": {
    "range": [
      1
    ],
    "results": [
      3758.6697235790875
    ]
  },
  "fft": {
    "range": [
      2,
      4,
      8,
      16,
      32,
      64,
      128,
      256,
      512,
      1024,
      2048,
      4096,
      8192,
      16384,
      32768,
      65536,
      131072,
      262144,
      524288,
      1048576,
      2097152
    ],
    "results": [
      112.19012707046265,
      21154.2965696806,
      75249.71576975664,
      174966.5888098296,
      315837.15196139214,
      408710.3173884262,
      374555.44230305107,
      423476.95661948656,
      592371.1622549475,
      682059.6764570007,
      837652.7081778797,
      1134342.8153030754,
      1356763.1307457983,
      1685046.8087092354,
      2238557.21552652,
      3468651.9224074073,
      5616062.342798786,
      9864181.57911111,
      18442877.393880956,
      49747031.74813492,
      110766686.26630953
    ]
  }
}