{
  "msm_G1": {
    "range": [
      1982,
      3987,
      7823,
      13823,
      26270,
      62382,
      68869,
      147175,
      484840,
      715095,
      1789642,
      3503829
    ],
    "results": [
      4136839.5163528137,
      7680949.055777118,
      13299440.51079365,
      23135175.153799605,
      43357928.84458995,
      100667077.54658729,
      109830300.66869047,
      238259957.06666666,
      674370090.3,
      947869997.6,
      1800430808.2,
      3509595977.0
    ],
    "stddev": [
      22260.038715808325,
      55489.02597439547,
      128236.72861140793,
      125238.66042648765,
      112044.02830301084,
      95732.91128196183,
      174227.12587712661,
      4694841.898773509,
      7169998.807537531,
      10727272.968414798,
      28171248.7802512,
      14849964.070762757
    ]
  }
}