{
  "add_G1": {
    "range": [
      1,
      1
    ],
    "results": [
      942.5421374945574,
      313.2969825069255
    ],
    "stddev": [
      0.4858669461206983,
      0.33199729848083914
    ]
  },
  "sub_G1": {
    "range": [
      1,
      1
    ],
    "results": [
      965.1820429693227,
      319.8990138937691
    ],
    "stddev": [
      0.5268959901829472,
      0.17370711194180835
    ]
  },
  "double_G1": {
    "range": [
      1,
      1
    ],
    "results": [
      458.1715861839722,
      241.3613285172063
    ],
    "stddev": [
      0.8329765279130265,
      0.16138756286633002
    ]
  },
  "mul_G1": {
    "range": [
      1,
      1
    ],
    "results": [
      147868.43357047602,
      99658.58253890436
    ],
    "stddev": [
      401.9298178769325,
      183.4732084409398
    ]
  },
  "add_G2": {
    "range": [
      1
    ],
    "results": [
      3452.590218293948
    ],
    "stddev": [
      2.0976867358419757
    ]
  },
  "sub_G2": {
    "range": [
      1
    ],
    "results": [
      3489.056876258156
    ],
    "stddev": [
      1.6632946068729466
    ]
  },
  "double_G2": {
    "range": [
      1
    ],
    "results": [
      1612.2923164729634
    ],
    "stddev": [
      0.5236093068376553
    ]
  },
  "mul_G2": {
    "range": [
      1
    ],
    "results": [
      821993.3688024714
    ],
    "stddev": [
      6255.826388555404
    ]
  },
  "add_ff": {
    "range": [
      1,
      1
    ],
    "results": [
      7.649890527534665,
      7.673834654444437
    ],
    "stddev": [
      0.04403864662105204,
      0.060276200871007
    ]
  },
  "sub_ff": {
    "range": [
      1,
      1
    ],
    "results": [
      10.074079227659308,
      7.986553243898037
    ],
    "stddev": [
      0.03807019362598662,
      0.06057132584599967
    ]
  },
  "neg_ff": {
    "range": [
      1,
      1
    ],
    "results": [
      4.2362497847033485,
      4.474492353649786
    ],
    "stddev": [
      0.00308888176284122,
      0.0019412593117176932
    ]
  },
  "double_ff": {
    "range": [
      1,
      1
    ],
    "results": [
      4.3287532493377405,
      4.879493545282138
    ],
    "stddev": [
      0.006167368649063826,
      0.013220637596319149
    ]
  },
  "mul_ff": {
    "range": [
      1,
      1
    ],
    "results": [
      31.17496333196673,
      31.263814753990342
    ],
    "stddev": [
      0.20453012695678546,
      0.026813995315238003
    ]
  },
  "square_ff": {
    "range": [
      1,
      1
    ],
    "results": [
      27.237019360950413,
      26.649499651283932
    ],
    "stddev": [
      0.027075918204216076,
      0.02316509629168229
    ]
  },
  "inv_ff": {
    "range": [
      1,
      1
    ],
    "results": [
      5060.353935862941,
      5309.181223279274
    ],
    "stddev": [
      6.5019792727893275,
      2.9298516998148627
    ]
  },
  "ip_ff": {
    "range": [
      2,
      2
    ],
    "results": [
      43.83485218695664,
      43.76084081700846
    ],
    "stddev": [
      0.11484988393497994,
      0.01894384523468753
    ]
  },
  "msm_G1": {
    "range": [
      2,
      4,
      8,
      16,
      32,
      64,
      128,
      256,
      512,
      1024,
      2048,
      4096,
      8192,
      16384,
      32768,
      65536,
      131072,
      262144,
      524288,
      1048576,
      2097152
    ],
    "results": [
      669592.4109822855,
      711239.7525151698,
      760328.3230256423,
      805377.2044105935,
      837934.2081008697,
      989545.2451941743,
      1150094.83812049,
      1362253.8727615762,
      1944139.4326320624,
      2972070.982352941,
      4779681.505454546,
      8321967.375714282,
      14145022.825,
      26606338.925,
      46478464.04,
      100966938.61,
      170316091.09,
      295399641.96,
      545349875.53,
      1040453990.72,
      2125754043.0
    ],
    "stddev": [
      16738.333759721827,
      14886.147851344773,
      26670.141065846896,
      23517.218450231434,
      39455.6711000091,
      41689.02792499503,
      72453.41435244682,
      43754.25478748843,
      64087.11293309361,
      26500.683565106174,
      60253.08307805883,
      208034.8471276462,
      779469.1292711867,
      1713314.2822944457,
      9724301.717842715,
      12636873.42683093,
      38018602.99565699,
      35711161.99968381,
      35296081.92316037,
      47592366.54183965,
      37728661.60585643
    ]
  },
  "msm_G2": {
    "range": [
      2,
      4,
      8,
      16,
      32,
      64,
      128,
      256,
      512,
      1024,
      2048,
      4096,
      8192,
      16384,
      32768,
      65536,
      131072,
      262144,
      524288,
      1048576,
      2097152
    ],
    "results": [
      1288935.2392192043,
      1309291.5485544219,
      1336905.575483667,
      1399192.7084737483,
      1563689.2734012643,
      1828918.6199142858,
      2117131.4159422293,
      2897440.453557788,
      4572966.590335318,
      7049549.566599511,
      12503666.625873014,
      23230212.593333334,
      39726853.161283076,
      74157030.43410715,
      122215500.40563492,
      220541942.3,
      382172507.4,
      735277288.7,
      1491278395.3,
      2900559812.2,
      5895374099.8
    ],
    "stddev": [
      7744.559071450647,
      7529.598480698386,
      5015.370701989207,
      5828.863338640766,
      6544.862870770829,
      8183.4192350029925,
      11535.001471141073,
      8514.027567442547,
      14064.86137383719,
      13217.698875147362,
      73686.89725769004,
      424364.25230939273,
      1709903.6566161409,
      3544965.237538143,
      17811888.96081948,
      30616637.711075433,
      19846598.294125512,
      30318698.549310714,
      38419402.66651926,
      59163225.72237258,
      62563304.668683134
    ]
  },
  "mul_Gt": {
    "range": [
      1
    ],
    "results": [
      843118.8584094219
    ],
    "stddev": [
      23898.465115165993
    ]
  },
  "msm_Gt": {
    "range": [
      2,
      4,
      8,
      16,
      32,
      64,
      128,
      256,
      512,
      1024,
      2048,
      4096,
      8192,
      16384,
      32768,
      65536,
      131072,
      262144
    ],
    "results": [
      1861580.8936904762,
      2667701.3709251704,
      3411080.832542622,
      4917368.002800752,
      7679653.875502644,
      13432899.241179138,
      25297304.76771825,
      47883823.44781746,
      93930013.07523808,
      184786531.8333333,
      389784626.25,
      779608655.9,
      1557048644.9,
      3109238488.3,
      6228005060.5,
      12434362075.4,
      24837854835.8,
      49631219624.6
    ],
    "stddev": [
      939.9095868799134,
      1485.1022828813277,
      3810.8556652527236,
      1550.9458273190685,
      6471.364573112131,
      44090.01918034361,
      38792.9881981658,
      38616.92130512038,
      27972.569897466645,
      90081.47679347977,
      293016.08836429525,
      412418.5173191063,
      362298.2042341502,
      1554978.344859635,
      3973564.2552867886,
      6628264.878536543,
      5978358.715257656,
      27101849.392372567
    ]
  },
  "pairing": {
    "range": [
      1
    ],
    "results": [
      1452640.2236016628
    ],
    "stddev": [
      832.3973110913591
    ]
  },
  "msm_ff": {
    "range": [
      1
    ],
    "results": [
      4020.9241442152584
    ],
    "stddev": [
      7.354178229028021
    ]
  },
  "fft": {
    "range": [
      2,
      4,
      8,
      16,
      32,
      64,
      128,
      256,
      512,
      1024,
      2048,
      4096,
      8192,
      16384,
      32768,
      65536,
      131072,
      262144,
      524288,
      1048576,
      2097152
    ],