{
  "add_G1": {
    "range": [
      1
    ],
    "results": [
      1066.3351918511646
    ],
    "stddev": [
      5.941431493552047
    ]
  },
  "sub_G1": {
    "range": [
      1
    ],
    "results": [
      1084.4962693334924
    ],
    "stddev": [
      5.274157393588643
    ]
  },
  "double_G1": {
    "range": [
      1
    ],
    "results": [
      511.858084487849
    ],
    "stddev": [
      0.5592530622681221
    ]
  },
  "mul_G1": {
    "range": [
      1
    ],
    "results": [
      260914.785427597
    ],
    "stddev": [
      418.8901286150573
    ]
  },
  "add_G2": {
    "range": [
      1
    ],
    "results": [
      3877.31132340146
    ],
    "stddev": [
      3.3438469861979856
    ]
  },
  "sub_G2": {
    "range": [
      1
    ],
    "results": [
      3926.0001411119215
    ],
    "stddev": [
      17.884326799693962
    ]
  },
  "double_G2": {
    "range": [
      1
    ],
    "results": [
      1779.8524242340252
    ],
    "stddev": [
      9.568886792122857
    ]
  },
  "mul_G2": {
    "range": [
      1
    ],
    "results": [
      913527.1166716929
    ],
    "stddev": [
      5780.29566350794
    ]
  },
  "add_ff": {
    "range": [
      1
    ],
    "results": [
      6.569848698956096
    ],
    "stddev": [
      0.008142840081783528
    ]
  },
  "sub_ff": {
    "range": [
      1
    ],
    "results": [
      6.5654565289841464
    ],
    "stddev": [
      0.02067965709318053
    ]
  },
  "neg_ff": {
    "range": [
      1
    ],
    "results": [
      5.210338883364647
    ],
    "stddev": [
      0.02410425892640076
    ]
  },
  "double_ff": {
    "range": [
      1
    ],
    "results": [
      4.200669288216154
    ],
    "stddev": [
      0.006347106963153067
    ]
  },
  "mul_ff": {
    "range": [
      1
    ],
    "results": [
      34.862914276743965
    ],
    "stddev": [
      0.02017858750979802
    ]
  },
  "square_ff": {
    "range": [
      1
    ],
    "results": [
      31.097550635492393
    ],
    "stddev": [
      0.09009121206104861
    ]
  },
  "inv_ff": {
    "range": [
      1
    ],
    "results": [
      5497.10348980016
    ],
    "stddev": [
      9.911207532989033
    ]
  },
  "ip_ff": {
    "range": [
      2
    ],
    "results": [
      47.56706224555725
    ],
    "stddev": [
      0.026553928798584828
    ]
  },
  "msm_G1": {
    "range": [
      2,
      4,
      8,
      16,
      32,
      64,
      128,
      256,
      512,
      1024,
      2048,
      4096,
      8192,
      16384,
      32768,
      65536,
      131072,
      262144,
      524288,
      1048576,
      2097152
    ],
    "results": [
      390535.4390323143,
      431193.5073906969,
      531090.7661157562,
      675325.6223470253,
      961893.264499362,
      1429501.8594109833,
      2034855.2075999996,
      3248929.389375,
      5087973.415999997,
      8377728.981666668,
      15946796.29,
      28833746.68,
      52690032.35,
      86791538.79,
      172919967.86,
      311359519.09,
      579224165.44,
      1187450540.64,
      2325121811.59,
      4545824092.15,
      7518490659.1
    ],
    "stddev": [
      3849.3207333127543,
      4809.686167597167,
      9477.298423743225,
      7024.333312983435,
      8544.427942162762,
      11629.754003027501,
      10289.20885250902,
      16091.713803902534,
      49015.88336056734,
      117525.2368129002,
      152580.26731233022,
      736608.259223393,
      2319031.420363788,
      841816.9095025866,
      1109060.621729498,
      12196952.66318397,
      13634186.712310666,
      9731165.142855627,
      18647288.983029343,
      33188844.22246583,
      36439754.82933364
    ]
  },
  "msm_G2": {
    "range": [
      2,
      4,
      8,
      16,
      32,
      64,
      128,
      256,
      512,
      1024,
      2048,
      4096,
      8192,
      16384,
      32768,
      65536,
      131072,
      262144,
      524288,
      1048576,
      2097152
    ],
    "results": [
      1110342.0472886784,
      1269909.0201940034,
      1550081.2119861445,
      1991111.804024327,
      2832119.6671103896,
      4291993.443746394,
      6213606.562817462,
      10239655.58249118,
      16481711.80771164,
      27371430.93941468,
      51489902.6815873,
      93987819.11587301,
      176618421.1297619,
      286385742.95,
      556819173.5,
      992768168.7,
      1875425068.8,
      3765980653.7,
      7454476350.8,
      14542326655.7,
      23140976220.5
    ],
    "stddev": [
      5978.778959684548,
      3506.534595725928,
      2231.4790201387877,
      2756.602292237365,
      8869.923043130464,
      10496.531219149529,
      31373.287590094937,
      31997.721334097263,
      96865.40670736993,
      308347.4836683072,
      499101.26676882524,
      1167652.6867018556,
      4997535.128832414,
      1219253.7671525246,
      8211080.055242517,
      6079231.374712581,
      10480362.284838943,
      7770593.173890537,
      17249859.647049714,
      32881344.996789053,
      39678832.30804577
    ]
  },
  "mul_Gt": {
    "range": [
      1
    ],
    "results": [
      1025696.0579144622
    ],
    "stddev": [
      29244.25715954615
    ]
  },
  "msm_Gt": {
    "range": [
      2,
      4,
      8,
      16,
      32,
      64,
      128,
      256,
      512,
      1024,
      2048,
      4096,
      8192,
      16384,
      32768,
      65536,
      131072,
      262144
    ],
    "results": [
      2257393.082069299,
      3182152.415032841,
      4079079.3712508627,
      6354366.500643423,
      10218221.12058642,
      19338578.729404762,
      37450004.1910053,
      73917652.8627976,
      146726521.16051587,
      291716780.0,
      609915804.6,
      1215490102.5,
      2426972629.3,
      4839954957.0,
      9685268990.6,
      19344684500.0,
      38676648601.0,
      77385730140.7
    ],
    "stddev": [
      213.2462755053744,
      231.19297255780248,
      6139.873842310689,
      293258.06443788833,
      13696.289750122534,
      20700.90274397895,
      70077.80396128383,
      78522.17042873183,
      68490.08941260543,
      93436.91549569689,
      240332.55510904052,
      348268.0259677164,
      679488.8590732081,
      20930037.870927356,
      4027975.245767759,
      9250423.925068298,
      5340607.650321113,
      18301547.728309423
    ]
  },
  "pairing": {
    "range": [
      1
    ],
    "results": [
      1763894.5236820816
    ],
    "stddev": [
      1046.552157127391
    ]
  },
  "msm_ff": {
    "range": [
      1
    ],
    "results": [
      4767.985557254929
    ],
    "stddev": [
      8.661694178405797
    ]
  },
  "fft": {
    "range": [
      2,
      4,
      8,
      16,
      32,
      64,
      128,
      256,
      512,
      1024,
      2048,
      4096,
      8192,
      16384,
      32768,
      65536,
      131072,
      262144,
      524288,
      1048576,
      2097152
    ],
    "results": [
      155.553270335182,
      14196.120593832311,
      34411.95866707251,
      52447.01142390559,
      66111.53690576354,
      88396.24227477165,
      123501.24842833258,
      182461.0805180419,
      278899.29192558903,
      413583.7762546205,
      625426.9225125026,
      845457.9814377573,
      1295988.8158674268,
      2178263.6107161758,
      4056256.30231539,
      7999625.682218915,
      15887783.046296295,
      31238234.770211637,
      63332168.4655754,
      157831419.29345238,
      347196111.6
    ],
    "stddev": [
      1.2231103851076748,
      352.0810861978908,
      531.1253882702309,
      1272.242248090998,
      1746.8185898802299,
      2066.1331571785568,
      2242.107111868693,
      3845.7017172019255,
      4269.289657179451,
      2896.3987328777057,
      1189.7836010262417,
      3362.751171739082,
      16307.124427753197,
      3464.576412788145,
      19646.7560012652,
      17147.404365118582,
      78863.29748380031,
      98950.83928819298,
      233890.8953669164,
      1628722.785098769,
      2761829.626443753
    ]
  }
}