{"msm_G1": {"range": [2, 4, 8, 16, 32, 64, 128, 256, 512, 1024, 2048, 4096, 8192, 16384, 32768, 65536, 131072, 262144, 524288, 1048576, 2097152], "results": [830229.4632908206, 859122.4433350413, 909453.1544207619, 954850.6887223066, 977819.8956825961, 1240341.3460048344, 1604284.5704780945, 2517282.3945000004, 2671099.166315789, 4142672.84, 7090412.4575, 13364198.72, 23667902.60333333, 46680174.405, 90923835.38, 180158940.67, 341521644.84, 697559771.26, 1401330627.18, 2734659896.53, 5500497494.1]}, "msm_G2": {"range": [2, 4, 8, 16, 32, 64, 128, 256, 512, 1024, 2048, 4096, 8192, 16384, 32768, 65536, 131072, 262144, 524288, 1048576, 2097152], "results": [2242014.981626016, 2282617.347455357, 2434552.1265006266, 2614583.2912086165, 2674288.6700630253, 3483292.0781334518, 4494872.435757748, 7269082.340805861, 7701302.1762500005, 12288889.765049605, 20921045.157547615, 39808284.969722226, 71471489.15888889, 142100618.4377381, 277532201.45, 553386502.7, 1047398438.7, 2119254481.4, 4237392227.7, 8253136848.3, 16521507307.0]}, "mul_Gt": {"range": [1], "results": [2466523.94862051]}, "msm_Gt": {"range": [2, 4, 8, 16, 32, 64, 128, 256, 512, 1024, 2048, 4096, 8192, 16384, 32768, 65536, 131072, 262144], "results": [5443905.706029412, 7951537.798267195, 10043136.246369049, 14169649.52957483, 22385478.801436502, 38795397.837526456, 71605861.5422619, 140340408.62912703, 278115004.6, 553329603.0, 1120780644.3, 2237955151.7, 4470484767.5, 8933089654.8, 17864663343.3, 35716823412.5, 71415694637.3, 142799772974.2]}, "pairing": {"range": [1], "results": [4195769.4664177485]}, "fft": {"range": [2, 4, 8, 16, 32, 64, 128, 256, 512, 1024, 2048, 4096, 8192, 16384, 32768, 65536, 131072, 262144, 524288, 1048576, 2097152], "results": [291.2502114752864, 22236.3427025422, 69191.5237048786, 125384.79401769271, 169216.63345296992, 180145.75255046674, 164576.63185001316, 284043.2478475642, 402821.0565610229, 529876.5993007106, 763991.4190142195, 989972.4803316941, 1378706.974153439, 1851579.647766667, 2754478.5487593366, 4469613.81090325, 7689597.634203042, 14143981.049387757, 27496026.281408727, 66245011.31488095, 144777890.3386508]}}