{
  "add_G1": {
    "range": [
      1
    ],
    "results": [
      1066.3351918511646
    ]
  },
  "sub_G1": {
    "range": [
      1
    ],
    "results": [
      1084.4962693334924
    ]
  },
  "double_G1": {
    "range": [
      1
    ],
    "results": [
      511.858084487849
    ]
  },
  "mul_G1": {
    "range": [
      1
    ],
    "results": [
      260914.785427597
    ]
  },
  "add_G2": {
    "range": [
      1
    ],
    "results": [
      3877.31132340146
    ]
  },
  "sub_G2": {
    "range": [
      1
    ],
    "results": [
      3926.0001411119215
    ]
  },
  "double_G2": {
    "range": [
      1
    ],
    "results": [
      1779.8524242340252
    ]
  },
  "mul_G2": {
    "range": [
      1
    ],
    "results": [
      913527.1166716929
    ]
  },
  "add_ff": {
    "range": [
      1
    ],
    "results": [
      6.569848698956096
    ]
  },
  "sub_ff": {
    "range": [
      1
    ],
    "results": [
      6.5654565289841464
    ]
  },
  "neg_ff": {
    "range": [
      1
    ],
    "results": [
      5.210338883364647
    ]
  },
  "double_ff": {
    "range": [
      1
    ],
    "results": [
      4.200669288216154
    ]
  },
  "mul_ff": {
    "range": [
      1
    ],
    "results": [
      34.862914276743965
    ]
  },
  "square_ff": {
    "range": [
      1
    ],
    "results": [
      31.097550635492393
    ]
  },
  "inv_ff": {
    "range": [
      1
    ],
    "results": [
      5497.10348980016
    ]
  },
  "ip_ff": {
    "range": [
      2
    ],
    "results": [
      47.56706224555725
    ]
  },
  "msm_G1": {
    "range": [
      2,
      4,
      8,
      16,
      32,
      64,
      128,
      256,
      512,
      1024,
      2048,
      4096,
      8192,
      16384,
      32768,
      65536,
      131072,
      262144,
      524288,
      1048576,
      2097152
    ],
    "results": [
      390535.4390323143,
      431193.5073906969,
      531090.7661157562,
      675325.6223470253,
      961893.264499362,
      1429501.8594109833,
      2034855.2075999996,
      3248929.389375,
      5087973.415999997,
      8377728.981666668,
      15946796.29,
      28833746.68,
      52690032.35,
      86791538.79,
      172919967.86,
      311359519.09,
      579224165.44,
      1187450540.64,
      2325121811.59,
      4545824092.15,
      7518490659.1
    ]
  },
  "msm_G2": {
    "range": [
      2,
      4,
      8,
      16,
      32,
      64,
      128,
      256,
      512,
      1024,
      2048,
      4096,
      8192,
      16384,
      32768,
      65536,
      131072,
      262144,
      524288,
      1048576,
      2097152
    ],
    "results": [
      1110342.0472886784,
      1269909.0201940034,
      1550081.2119861445,
      1991111.804024327,
      2832119.6671103896,
      4291993.443746394,
      6213606.562817462,
      10239655.58249118,
      16481711.80771164,
      27371430.93941468,
      51489902.6815873,
      93987819.11587301,
      176618421.1297619,
      286385742.95,
      556819173.5,
      992768168.7,
      1875425068.8,
      3765980653.7,
      7454476350.8,
      14542326655.7,
      23140976220.5
    ]
  },
  "mul_Gt": {
    "range": [
      1
    ],
    "results": [
      1025696.0579144622
    ]
  },
  "msm_Gt": {
    "range": [
      2,
      4,
      8,
      16,
      32,
      64,
      128,
      256,
      512,
      1024,
      2048,
      4096,
      8192,
      16384,
      32768,
      65536,
      131072,
      262144
    ],
    "results": [
      2257393.082069299,
      3182152.415032841,
      4079079.3712508627,
      6354366.500643423,
      10218221.12058642,
      19338578.729404762,
      37450004.1910053,
      73917652.8627976,
      146726521.16051587,
      291716780.0,
      609915804.6,
      1215490102.5,
      2426972629.3,
      4839954957.0,
      9685268990.6,
      19344684500.0,
      38676648601.0,
      77385730140.7
    ]
  },
  "pairing": {
    "range": [
      1
    ],
    "results": [
      1763894.5236820816
    ]
  },
  "msm_ff": {
    "range": [
      1
    ],
    "results": [
      4767.985557254929
    ]
  },
  "fft": {
    "range": [
      2,
      4,
      8,
      16,
      32,
      64,
      128,
      256,
      512,
      1024,
      2048,
      4096,
      8192,
      16384,
      32768,
      65536,
      131072,
      262144,
      524288,
      1048576,
      2097152
    ],
    "results": [
      155.553270335182,
      14196.120593832311,
      34411.95866707251,
      52447.01142390559,
      66111.53690576354,
      88396.24227477165,
      123501.24842833258,
      182461.0805180419,
      278899.29192558903,
      413583.7762546205,
      625426.9225125026,
      845457.9814377573,
      1295988.8158674268,
      2178263.6107161758,
      4056256.30231539,
      7999625.682218915,
      15887783.046296295,
      31238234.770211637,
      63332168.4655754,
      157831419.29345238,
      347196111.6
    ]
  }
}