{
  "add_G1": {
    "range": [
      1,
      1
    ],
    "results": [
      755.7505063027315,
      247.96623512566964
    ],
    "stddev": [
      1.565671552334465,
      0.43823061312595485
    ]
  },
  "sub_G1": {
    "range": [
      1,
      1
    ],
    "results": [
      783.9556739724104,
      256.4822240816701
    ],
    "stddev": [
      1.8354154433549192,
      0.47091066121961245
    ]
  },
  "double_G1": {
    "range": [
      1,
      1
    ],
    "results": [
      348.7995530099325,
      186.45777681293706
    ],
    "stddev": [
      0.5227465265251953,
      0.2313667789049522
    ]
  },
  "mul_G1": {
    "range": [
      1,
      1
    ],
    "results": [
      122084.80908089336,
      81638.31660709252
    ],
    "stddev": [
      560.3411860125402,
      218.41396245933376
    ]
  },
  "add_G2": {
    "range": [
      1
    ],
    "results": [
      3042.8039536416372
    ],
    "stddev": [
      9.15194413228185
    ]
  },
  "sub_G2": {
    "range": [
      1
    ],
    "results": [
      3094.718887504949
    ],
    "stddev": [
      9.229297380500567
    ]
  },
  "double_G2": {
    "range": [
      1
    ],
    "results": [
      1237.0652984347385
    ],
    "stddev": [
      7.637107648392944
    ]
  },
  "mul_G2": {
    "range": [
      1
    ],
    "results": [
      715387.1747045572
    ],
    "stddev": [
      5940.930882502458
    ]
  },
  "add_ff": {
    "range": [
      1,
      1
    ],
    "results": [
      4.048155235578858,
      4.04901086273263
    ],
    "stddev": [
      0.0030148771611289435,
      0.002408212980495864
    ]
  },
  "sub_ff": {
    "range": [
      1,
      1
    ],
    "results": [
      4.096771939371255,
      4.094873668235376
    ],
    "stddev": [
      0.004043527204471657,
      0.0025409188809605724
    ]
  },
  "neg_ff": {
    "range": [
      1,
      1
    ],
    "results": [
      3.623971286917692,
      3.674465643878954
    ],
    "stddev": [
      0.005727177051358201,
      0.011686505618562434
    ]
  },
  "double_ff": {
    "range": [
      1,
      1
    ],
    "results": [
      3.424023005334804,
      3.4256784424193647
    ],
    "stddev": [
      0.0023752045446502747,
      0.0029670252347342133
    ]
  },
  "mul_ff": {
    "range": [
      1,
      1
    ],
    "results": [
      27.266383469535025,
      27.428838563802664
    ],
    "stddev": [
      0.0688055476643889,
      0.015652380663443367
    ]
  },
  "square_ff": {
    "range": [
      1,
      1
    ],
    "results": [
      23.75887296974247,
      23.403357160841143
    ],
    "stddev": [
      0.01649730754460764,
      0.014428740153075114
    ]
  },
  "inv_ff": {
    "range": [
      1,
      1
    ],
    "results": [
      4281.555074323625,
      4241.750917908136
    ],
    "stddev": [
      5.607146629364902,
      4.239670257746949
    ]
  },
  "ip_ff": {
    "range": [
      2,
      2
    ],
    "results": [
      36.40613382829575,
      37.019099078177625
    ],
    "stddev": [
      0.02148456750281076,
      0.025543264480111523
    ]
  },
  "msm_G1": {
    "range": [
      2,
      4,
      8,
      16,
      32,
      64,
      128,
      256,
      512,
      1024,
      2048,
      4096,
      8192,
      16384,
      32768,
      65536,
      131072,
      262144,
      524288,
      1048576,
      2097152
    ],
    "results": [
      288445.10891386337,
      298307.6790968112,
      320401.34446320764,
      359301.2797623226,
      389036.2200505313,
      473522.30332592555,
      651264.4743189996,
      900820.1276603154,
      1168315.890477352,
      1812213.1798010976,
      3066880.2899999996,
      5326288.413999999,
      9130179.47333333,
      15838832.32666667,
      28195055.86,
      45911237.69,
      94204579.19,
      200334834.18,
      386006397.91,
      738104898.19,
      1512587109.2
    ],
    "stddev": [
      16220.712059868387,
      15470.657933165534,
      20680.77719351837,
      44972.95759710214,
      26373.82490785587,
      20485.992616302246,
      25523.40451540726,
      28184.52057742433,
      84537.2594479596,
      106997.48964290852,
      38496.85036056079,
      116109.6128497998,
      211375.23920128483,
      622339.7651865043,
      613115.0133893072,
      305128.0984027756,
      230374.3856815551,
      511428.5048970849,
      2418986.3623301685,
      3637038.0261576776,
      5867689.540686177
    ]
  },
  "msm_G2": {
    "range": [
      2,
      4,
      8,
      16,
      32,
      64,
      128,
      256,
      512,
      1024,
      2048,
      4096,
      8192,
      16384,
      32768,
      65536,
      131072,
      262144,
      524288,
      1048576,
      2097152
    ],
    "results": [
      694719.0048743386,
      717008.7417447619,
      768068.7084934202,
      884314.0944167053,
      897372.8139509168,
      1170923.8497398035,
      1532990.0594623014,
      2358352.1306532356,
      2569288.941602734,
      4171616.6727525247,
      7068736.4466544585,
      12977125.787420634,
      22825836.08035714,
      43486134.358677246,
      82213729.96996032,
      157151747.64626983,
      298367779.95,
      606344863.6,
      1217861225.6,
      2356210835.8,
      4986124340.3
    ],
    "stddev": [
      26995.301760544935,
      16795.798466593285,
      16119.544836999861,
      17608.36719204779,
      18822.419716235458,
      28387.528269933766,
      31248.904240165964,
      26760.935683356343,
      33183.32416116695,
      145573.9423014559,
      47864.71724330779,
      124043.53221767864,
      347846.25541016017,
      682682.5678398132,
      896939.9710277366,
      999923.8229133878,
      241214.58041093306,
      3205461.226472727,
      4279365.946489765,
      5612334.645955225,
      145651482.50597548
    ]
  },
  "mul_Gt": {
    "range": [
      1
    ],
    "results": [
      629743.6913756614
    ],
    "stddev": [
      17240.553315657966
    ]
  },
  "msm_Gt": {
    "range": [
      2,
      4,
      8,
      16,
      32,
      64,
      128,
      256,
      512,
      1024,
      2048,
      4096,
      8192,
      16384,
      32768,
      65536,
      131072,
      262144
    ],
    "results": [
      1414284.7291522368,
      2266015.836679249,
      2886881.6954799104,
      4321558.495459184,
      6829008.57396542,
      11958554.99483631,
      22222745.724015873,
      42438321.25309524,
      82069976.48912698,
      160677199.95753968,
      342491428.3,
      680951885.0,
      1352780537.3,
      2698507259.8,
      5383684354.0,
      10733829841.6,
      21417069581.7,
      42807939988.4
    ],
    "stddev": [
      32061.939812112494,
      4882.897812079137,
      24317.580980594914,
      21435.659920206836,
      14194.40467733156,
      39879.243213531525,
      43880.67727996349,
      110233.24205028254,
      321269.9210838717,
      379556.90335647017,
      530496.8927982614,
      1441703.7114218718,
      2164457.0421321397,
      4674008.276229681,
      4979547.839343829,
      9883534.120652158,
      17346946.611554552,
      60429813.05903314
    ]
  },
  "pairing": {
    "range": [
      1
    ],
    "results": [
      1067436.6695187339
    ],
    "stddev": [
      4691.041238726177
    ]
  },
  "msm_ff": {
    "range": [
      1
    ],
    "results": [
      3163.4274750974428
    ],
    "stddev": [
      0.9719129278099782
    ]
  },
  "fft": {
    "range": [
      2,
      4,
      8,
      16,
      32,
      64,
      128,
      256,
      512,
      1024,
      2048,
      4096,
      8192,
      16384,
      32768,
      65536,
      131072,
      262144,
      524288,
      1048576,
      2097152
    ],