{
  "add_G1": {
    "range": [
      1
    ],
    "results": [
      5191.834117689609
    ],
    "stddev": [
      0.8553082743103485
    ]
  },
  "sub_G1": {
    "range": [
      1
    ],
    "results": [
      5231.285824957283
    ],
    "stddev": [
      2.199679980501541
    ]
  },
  "double_G1": {
    "range": [
      1
    ],
    "results": [
      3215.0754861962673
    ],
    "stddev": [
      0.6310210599631305
    ]
  },
  "mul_G1": {
    "range": [
      1
    ],
    "results": [
      2167415.2595833335
    ],
    "stddev": [
      228.22246113341973
    ]
  },
  "add_G2": {
    "range": [
      1
    ],
    "results": [
      39442.52663383984
    ],
    "stddev": [
      33.35591703713918
    ]
  },
  "sub_G2": {
    "range": [
      1
    ],
    "results": [
      39598.23522771223
    ],
    "stddev": [
      25.79615257951017
    ]
  },
  "double_G2": {
    "range": [
      1
    ],
    "results": [
      22165.845692393166
    ],
    "stddev": [
      18.1776325481719
    ]
  },
  "mul_G2": {
    "range": [
      1
    ],
    "results": [
      15949332.2675
    ],
    "stddev": [
      2773.4549728756638
    ]
  },
  "add_ff": {
    "range": [
      1
    ],
    "results": [
      18.563005376933596
    ],
    "stddev": [
      0.0680921760335887
    ]
  },
  "sub_ff": {
    "range": [
      1
    ],
    "results": [
      14.367795378033598
    ],
    "stddev": [
      0.00880650591984523
    ]
  },
  "neg_ff": {
    "range": [
      1
    ],
    "results": [
      9.670011573380908
    ],
    "stddev": [
      0.007914893942123285
    ]
  },
  "double_ff": {
    "range": [
      1
    ],
    "results": [
      5.3850275614931995
    ],
    "stddev": [
      0.007719202325302304
    ]
  },
  "mul_ff": {
    "range": [
      1
    ],
    "results": [
      63.803227545044095
    ],
    "stddev": [
      0.1951152640306726
    ]
  },
  "square_ff": {
    "range": [
      1
    ],
    "results": [
      56.629476106856025
    ],
    "stddev": [
      0.034164275462505556
    ]
  },
  "inv_ff": {
    "range": [
      1
    ],
    "results": [
      11297.111247926834
    ],
    "stddev": [
      7.837116605374327
    ]
  },
  "ip_ff": {
    "range": [
      2
    ],
    "results": [
      98.79752217838826
    ],
    "stddev": [
      0.030327136596349967
    ]
  }
}