{
  "add_G1": {
    "range": [
      1
    ],
    "results": [
      4523.645480030745
    ],
    "stddev": [
      2.2483315374920716
    ]
  },
  "sub_G1": {
    "range": [
      1
    ],
    "results": [
      4553.598107778697
    ],
    "stddev": [
      3.2466156210162804
    ]
  },
  "double_G1": {
    "range": [
      1
    ],
    "results": [
      2877.464921243047
    ],
    "stddev": [
      15.41856283398337
    ]
  },
  "mul_G1": {
    "range": [
      1
    ],
    "results": [
      1910944.4436969217
    ],
    "stddev": [
      7330.924931341439
    ]
  },
  "add_G2": {
    "range": [
      1
    ],
    "results": [
      34433.18200534851
    ],
    "stddev": [
      35.11730199365733
    ]
  },
  "sub_G2": {
    "range": [
      1
    ],
    "results": [
      34432.40685698976
    ],
    "stddev": [
      146.24347019852334
    ]
  },
  "double_G2": {
    "range": [
      1
    ],
    "results": [
      19427.025926355724
    ],
    "stddev": [
      77.64220652322662
    ]
  },
  "mul_G2": {
    "range": [
      1
    ],
    "results": [
      13884696.4575
    ],
    "stddev": [
      7906.8119631156505
    ]
  },
  "add_ff": {
    "range": [
      1
    ],
    "results": [
      8.589674223588784
    ],
    "stddev": [
      0.006790541702864207
    ]
  },
  "sub_ff": {
    "range": [
      1
    ],
    "results": [
      11.561558025890932
    ],
    "stddev": [
      0.022460152403432042
    ]
  },
  "neg_ff": {
    "range": [
      1
    ],
    "results": [
      15.932899371965282
    ],
    "stddev": [
      0.016733553135192317
    ]
  },
  "double_ff": {
    "range": [
      1
    ],
    "results": [
      10.046010541283179
    ],
    "stddev": [
      0.09805596561812921
    ]
  },
  "mul_ff": {
    "range": [
      1
    ],
    "results": [
      66.00840780286894
    ],
    "stddev": [
      0.10237976251943444
    ]
  },
  "square_ff": {
    "range": [
      1
    ],
    "results": [
      56.055773647039224
    ],
    "stddev": [
      0.4883904306705319
    ]
  },
  "inv_ff": {
    "range": [
      1
    ],
    "results": [
      11835.601452691357
    ],
    "stddev": [
      19.187396816829864
    ]
  },
  "ip_ff": {
    "range": [
      2
    ],
    "results": [
      106.56263314161171
    ],
    "stddev": [
      0.10596758257962362
    ]
  }
}