{
  "add_G1": {
    "range": [
      1
    ],
    "results": [
      4523.645480030745
    ]
  },
  "sub_G1": {
    "range": [
      1
    ],
    "results": [
      4553.598107778697
    ]
  },
  "double_G1": {
    "range": [
      1
    ],
    "results": [
      2877.464921243047
    ]
  },
  "mul_G1": {
    "range": [
      1
    ],
    "results": [
      1910944.4436969217
    ]
  },
  "add_G2": {
    "range": [
      1
    ],
    "results": [
      34433.18200534851
    ]
  },
  "sub_G2": {
    "range": [
      1
    ],
    "results": [
      34432.40685698976
    ]
  },
  "double_G2": {
    "range": [
      1
    ],
    "results": [
      19427.025926355724
    ]
  },
  "mul_G2": {
    "range": [
      1
    ],
    "results": [
      13884696.4575
    ]
  },
  "add_ff": {
    "range": [
      1
    ],
    "results": [
      8.589674223588784
    ]
  },
  "sub_ff": {
    "range": [
      1
    ],
    "results": [
      11.561558025890932
    ]
  },
  "neg_ff": {
    "range": [
      1
    ],
    "results": [
      15.932899371965282
    ]
  },
  "double_ff": {
    "range": [
      1
    ],
    "results": [
      10.046010541283179
    ]
  },
  "mul_ff": {
    "range": [
      1
    ],
    "results": [
      66.00840780286894
    ]
  },
  "square_ff": {
    "range": [
      1
    ],
    "results": [
      56.055773647039224
    ]
  },
  "inv_ff": {
    "range": [
      1
    ],
    "results": [
      11835.601452691357
    ]
  },
  "ip_ff": {
    "range": [
      2
    ],
    "results": [
      106.56263314161171
    ]
  }
}