{
  "add_G1": {
    "range": [
      1
    ],
    "results": [
      4549.2937610294985
    ],
    "stddev": [
      9.826384678005617
    ]
  },
  "sub_G1": {
    "range": [
      1
    ],
    "results": [
      4602.510519041934
    ],
    "stddev": [
      29.235626842820807
    ]
  },
  "double_G1": {
    "range": [
      1
    ],
    "results": [
      2894.419291682142
    ],
    "stddev": [
      12.449057150577394
    ]
  },
  "mul_G1": {
    "range": [
      1
    ],
    "results": [
      1925750.0795513846
    ],
    "stddev": [
      10882.950198133902
    ]
  },
  "add_G2": {
    "range": [
      1
    ],
    "results": [
      34396.06963174405
    ],
    "stddev": [
      111.13581397821342
    ]
  },
  "sub_G2": {
    "range": [
      1
    ],
    "results": [
      34474.624240376055
    ],
    "stddev": [
      37.966416817324784
    ]
  },
  "double_G2": {
    "range": [
      1
    ],
    "results": [
      19520.17147433966
    ],
    "stddev": [
      15.732799378952693
    ]
  },
  "mul_G2": {
    "range": [
      1
    ],
    "results": [
      13979236.5125
    ],
    "stddev": [
      8482.629596959823
    ]
  },
  "add_ff": {
    "range": [
      1
    ],
    "results": [
      15.165666916244364
    ],
    "stddev": [
      0.04332611339166952
    ]
  },
  "sub_ff": {
    "range": [
      1
    ],
    "results": [
      14.498526550958763
    ],
    "stddev": [
      0.060980889661413754
    ]
  },
  "neg_ff": {
    "range": [
      1
    ],
    "results": [
      15.972071955289625
    ],
    "stddev": [
      0.04003250155034286
    ]
  },
  "double_ff": {
    "range": [
      1
    ],
    "results": [
      5.1070366141882815
    ],
    "stddev": [
      0.040614343997330736
    ]
  },
  "mul_ff": {
    "range": [
      1
    ],
    "results": [
      70.21452574405363
    ],
    "stddev": [
      0.10827813336666545
    ]
  },
  "square_ff": {
    "range": [
      1
    ],
    "results": [
      56.614522923478034
    ],
    "stddev": [
      0.10369655683553256
    ]
  },
  "inv_ff": {
    "range": [
      1
    ],
    "results": [
      12512.763361384748
    ],
    "stddev": [
      12.943852556279396
    ]
  },
  "ip_ff": {
    "range": [
      2
    ],
    "results": [
      102.11031643575369
    ],
    "stddev": [
      0.12917632700947163
    ]
  }
}