{
  "add_G1": {
    "range": [
      1
    ],
    "results": [
      14448.783609944529
    ],
    "stddev": [
      4.629817078848052
    ]
  },
  "sub_G1": {
    "range": [
      1
    ],
    "results": [
      14490.41593261735
    ],
    "stddev": [
      12.015037701988721
    ]
  },
  "double_G1": {
    "range": [
      1
    ],
    "results": [
      8569.974567561878
    ],
    "stddev": [
      3.288133677478087
    ]
  },
  "mul_G1": {
    "range": [
      1
    ],
    "results": [
      5888067.563333332
    ],
    "stddev": [
      1162.6648595440797
    ]
  },
  "add_G2": {
    "range": [
      1
    ],
    "results": [
      98761.58230623245
    ],
    "stddev": [
      69.35687456839764
    ]
  },
  "sub_G2": {
    "range": [
      1
    ],
    "results": [
      98901.28241461511
    ],
    "stddev": [
      65.42784805756432
    ]
  },
  "double_G2": {
    "range": [
      1
    ],
    "results": [
      54163.65586702365
    ],
    "stddev": [
      26.931400016127917
    ]
  },
  "mul_G2": {
    "range": [
      1
    ],
    "results": [
      40200499.145
    ],
    "stddev": [
      4655.849113907688
    ]
  },
  "add_ff": {
    "range": [
      1
    ],
    "results": [
      28.79935919156794
    ],
    "stddev": [
      0.043342584088138486
    ]
  },
  "sub_ff": {
    "range": [
      1
    ],
    "results": [
      25.349257827478226
    ],
    "stddev": [
      0.04827986455590398
    ]
  },
  "neg_ff": {
    "range": [
      1
    ],
    "results": [
      15.463761360846522
    ],
    "stddev": [
      0.03224533404362835
    ]
  },
  "double_ff": {
    "range": [
      1
    ],
    "results": [
      20.124752076488097
    ],
    "stddev": [
      0.05643264909330699
    ]
  },
  "mul_ff": {
    "range": [
      1
    ],
    "results": [
      223.3578893631601
    ],
    "stddev": [
      0.051648197736162284
    ]
  },
  "square_ff": {
    "range": [
      1
    ],
    "results": [
      174.5837591031143
    ],
    "stddev": [
      0.029657308200770515
    ]
  },
  "inv_ff": {
    "range": [
      1
    ],
    "results": [
      11649.191579037775
    ],
    "stddev": [
      7.937195676721223
    ]
  },
  "ip_ff": {
    "range": [
      2
    ],
    "results": [
      341.97857830160837
    ],
    "stddev": [
      0.12945175398603587
    ]
  }
}