{
  "add_G1": {
    "range": [
      1
    ],
    "results": [
      3951.8285976434254
    ],
    "stddev": [
      2.1555612956169226
    ]
  },
  "sub_G1": {
    "range": [
      1
    ],
    "results": [
      3986.918168765027
    ],
    "stddev": [
      3.7650420575219106
    ]
  },
  "double_G1": {
    "range": [
      1
    ],
    "results": [
      2509.6234689328085
    ],
    "stddev": [
      1.6876889963013537
    ]
  },
  "mul_G1": {
    "range": [
      1
    ],
    "results": [
      1680474.0198696435
    ],
    "stddev": [
      6083.661479856075
    ]
  },
  "add_G2": {
    "range": [
      1
    ],
    "results": [
      29129.44206130042
    ],
    "stddev": [
      32.73233968721544
    ]
  },
  "sub_G2": {
    "range": [
      1
    ],
    "results": [
      29155.760661870092
    ],
    "stddev": [
      29.580346326484364
    ]
  },
  "double_G2": {
    "range": [
      1
    ],
    "results": [
      16427.482722041183
    ],
    "stddev": [
      20.0198433427368
    ]
  },
  "mul_G2": {
    "range": [
      1
    ],
    "results": [
      11741596.256000007
    ],
    "stddev": [
      3650.4562039372286
    ]
  },
  "add_ff": {
    "range": [
      1
    ],
    "results": [
      5.749023105992636
    ],
    "stddev": [
      0.003969688644868466
    ]
  },
  "sub_ff": {
    "range": [
      1
    ],
    "results": [
      10.436056513453165
    ],
    "stddev": [
      0.05179188092009779
    ]
  },
  "neg_ff": {
    "range": [
      1
    ],
    "results": [
      12.378166681169311
    ],
    "stddev": [
      0.008799017716261603
    ]
  },
  "double_ff": {
    "range": [
      1
    ],
    "results": [
      3.972528540613041
    ],
    "stddev": [
      0.0030489975248182747
    ]
  },
  "mul_ff": {
    "range": [
      1
    ],
    "results": [
      53.86393168605227
    ],
    "stddev": [
      0.1412903660538142
    ]
  },
  "square_ff": {
    "range": [
      1
    ],
    "results": [
      44.110433700271685
    ],
    "stddev": [
      0.05268392659539003
    ]
  },
  "inv_ff": {
    "range": [
      1
    ],
    "results": [
      8871.454054423755
    ],
    "stddev": [
      29.21092981022525
    ]
  },
  "ip_ff": {
    "range": [
      2
    ],
    "results": [
      86.7192329291913
    ],
    "stddev": [
      0.2300770417076359
    ]
  }
}