{
  "add_G1": {
    "range": [
      1
    ],
    "results": [
      3951.8285976434254
    ]
  },
  "sub_G1": {
    "range": [
      1
    ],
    "results": [
      3986.918168765027
    ]
  },
  "double_G1": {
    "range": [
      1
    ],
    "results": [
      2509.6234689328085
    ]
  },
  "mul_G1": {
    "range": [
      1
    ],
    "results": [
      1680474.0198696435
    ]
  },
  "add_G2": {
    "range": [
      1
    ],
    "results": [
      29129.44206130042
    ]
  },
  "sub_G2": {
    "range": [
      1
    ],
    "results": [
      29155.760661870092
    ]
  },
  "double_G2": {
    "range": [
      1
    ],
    "results": [
      16427.482722041183
    ]
  },
  "mul_G2": {
    "range": [
      1
    ],
    "results": [
      11741596.256000007
    ]
  },
  "add_ff": {
    "range": [
      1
    ],
    "results": [
      5.749023105992636
    ]
  },
  "sub_ff": {
    "range": [
      1
    ],
    "results": [
      10.436056513453165
    ]
  },
  "neg_ff": {
    "range": [
      1
    ],
    "results": [
      12.378166681169311
    ]
  },
  "double_ff": {
    "range": [
      1
    ],
    "results": [
      3.972528540613041
    ]
  },
  "mul_ff": {
    "range": [
      1
    ],
    "results": [
      53.86393168605227
    ]
  },
  "square_ff": {
    "range": [
      1
    ],
    "results": [
      44.110433700271685
    ]
  },
  "inv_ff": {
    "range": [
      1
    ],
    "results": [
      8871.454054423755
    ]
  },
  "ip_ff": {
    "range": [
      2
    ],
    "results": [
      86.7192329291913
    ]
  }
}