{
  "add_G1": {
    "range": [
      1
    ],
    "results": [
      14448.783609944529
    ]
  },
  "sub_G1": {
    "range": [
      1
    ],
    "results": [
      14490.41593261735
    ]
  },
  "double_G1": {
    "range": [
      1
    ],
    "results": [
      8569.974567561878
    ]
  },
  "mul_G1": {
    "range": [
      1
    ],
    "results": [
      5888067.563333332
    ]
  },
  "add_G2": {
    "range": [
      1
    ],
    "results": [
      98761.58230623245
    ]
  },
  "sub_G2": {
    "range": [
      1
    ],
    "results": [
      98901.28241461511
    ]
  },
  "double_G2": {
    "range": [
      1
    ],
    "results": [
      54163.65586702365
    ]
  },
  "mul_G2": {
    "range": [
      1
    ],
    "results": [
      40200499.145
    ]
  },
  "add_ff": {
    "range": [
      1
    ],
    "results": [
      28.79935919156794
    ]
  },
  "sub_ff": {
    "range": [
      1
    ],
    "results": [
      25.349257827478226
    ]
  },
  "neg_ff": {
    "range": [
      1
    ],
    "results": [
      15.463761360846522
    ]
  },
  "double_ff": {
    "range": [
      1
    ],
    "results": [
      20.124752076488097
    ]
  },
  "mul_ff": {
    "range": [
      1
    ],
    "results": [
      223.3578893631601
    ]
  },
  "square_ff": {
    "range": [
      1
    ],
    "results": [
      174.5837591031143
    ]
  },
  "inv_ff": {
    "range": [
      1
    ],
    "results": [
      11649.191579037775
    ]
  },
  "ip_ff": {
    "range": [
      2
    ],
    "results": [
      341.97857830160837
    ]
  }
}