{
  "add_G1": {
    "range": [
      1
    ],
    "results": [
      3976.4331337236795
    ],
    "stddev": [
      4.953191778969939
    ]
  },
  "sub_G1": {
    "range": [
      1
    ],
    "results": [
      4010.659823472097
    ],
    "stddev": [
      1.8729268643498416
    ]
  },
  "double_G1": {
    "range": [
      1
    ],
    "results": [
      2492.911984861641
    ],
    "stddev": [
      2.169146781812271
    ]
  },
  "mul_G1": {
    "range": [
      1
    ],
    "results": [
      1670519.5240682045
    ],
    "stddev": [
      5991.196686612603
    ]
  },
  "add_G2": {
    "range": [
      1
    ],
    "results": [
      29941.019389498695
    ],
    "stddev": [
      22.411102679425234
    ]
  },
  "sub_G2": {
    "range": [
      1
    ],
    "results": [
      30002.395479335682
    ],
    "stddev": [
      21.960688870363057
    ]
  },
  "double_G2": {
    "range": [
      1
    ],
    "results": [
      17066.56318939597
    ],
    "stddev": [
      7.162020107085027
    ]
  },
  "mul_G2": {
    "range": [
      1
    ],
    "results": [
      12148361.282
    ],
    "stddev": [
      1800.2166252081613
    ]
  },
  "add_ff": {
    "range": [
      1
    ],
    "results": [
      12.455212334213092
    ],
    "stddev": [
      0.024656443898709537
    ]
  },
  "sub_ff": {
    "range": [
      1
    ],
    "results": [
      12.127451906893057
    ],
    "stddev": [
      0.02919092557287034
    ]
  },
  "neg_ff": {
    "range": [
      1
    ],
    "results": [
      13.437591812233391
    ],
    "stddev": [
      0.007156247038870977
    ]
  },
  "double_ff": {
    "range": [
      1
    ],
    "results": [
      4.232381122635676
    ],
    "stddev": [
      0.04447086066434442
    ]
  },
  "mul_ff": {
    "range": [
      1
    ],
    "results": [
      58.529448503587844
    ],
    "stddev": [
      0.05251502708656059
    ]
  },
  "square_ff": {
    "range": [
      1
    ],
    "results": [
      48.68998159020682
    ],
    "stddev": [
      0.03653161119828016
    ]
  },
  "inv_ff": {
    "range": [
      1
    ],
    "results": [
      10765.10685025696
    ],
    "stddev": [
      9.767776721934702
    ]
  },
  "ip_ff": {
    "range": [
      2
    ],
    "results": [
      88.11136322167582
    ],
    "stddev": [
      0.04684140255633607
    ]
  }
}