{
  "add_G1": {
    "range": [
      1
    ],
    "results": [
      3210.5008823993085
    ],
    "stddev": [
      3.231806203077849
    ]
  },
  "sub_G1": {
    "range": [
      1
    ],
    "results": [
      3264.3650219653214
    ],
    "stddev": [
      3.597547836209396
    ]
  },
  "double_G1": {
    "range": [
      1
    ],
    "results": [
      2043.5767391046697
    ],
    "stddev": [
      1.742577822805673
    ]
  },
  "mul_G1": {
    "range": [
      1
    ],
    "results": [
      1373800.141359295
    ],
    "stddev": [
      5364.039348563773
    ]
  },
  "add_G2": {
    "range": [
      1
    ],
    "results": [
      24414.513572599593
    ],
    "stddev": [
      83.77733342198654
    ]
  },
  "sub_G2": {
    "range": [
      1
    ],
    "results": [
      24496.885915538263
    ],
    "stddev": [
      89.98103148717611
    ]
  },
  "double_G2": {
    "range": [
      1
    ],
    "results": [
      13923.208539792155
    ],
    "stddev": [
      81.78603360593578
    ]
  },
  "mul_G2": {
    "range": [
      1
    ],
    "results": [
      9863106.093333334
    ],
    "stddev": [
      5057.237930888911
    ]
  },
  "add_ff": {
    "range": [
      1
    ],
    "results": [
      10.977946832020075
    ],
    "stddev": [
      0.101963959592508
    ]
  },
  "sub_ff": {
    "range": [
      1
    ],
    "results": [
      10.643061505118025
    ],
    "stddev": [
      0.13095216454287464
    ]
  },
  "neg_ff": {
    "range": [
      1
    ],
    "results": [
      13.233769405949733
    ],
    "stddev": [
      0.1702213629702604
    ]
  },
  "double_ff": {
    "range": [
      1
    ],
    "results": [
      3.579065980154476
    ],
    "stddev": [
      0.0017555391236567118
    ]
  },
  "mul_ff": {
    "range": [
      1
    ],
    "results": [
      49.21787764267436
    ],
    "stddev": [
      0.3038190640341932
    ]
  },
  "square_ff": {
    "range": [
      1
    ],
    "results": [
      43.41294353767199
    ],
    "stddev": [
      0.11705169526782346
    ]
  },
  "inv_ff": {
    "range": [
      1
    ],
    "results": [
      10126.947231729057
    ],
    "stddev": [
      23.366738005728003
    ]
  },
  "ip_ff": {
    "range": [
      2
    ],
    "results": [
      79.30637978598386
    ],
    "stddev": [
      0.08965216525280142
    ]
  }
}