{
  "add_G1": {
    "range": [
      1
    ],
    "results": [
      3958.6108135556
    ],
    "stddev": [
      3.5618327552396796
    ]
  },
  "sub_G1": {
    "range": [
      1
    ],
    "results": [
      3996.185316671039
    ],
    "stddev": [
      5.990144001222874
    ]
  },
  "double_G1": {
    "range": [
      1
    ],
    "results": [
      2509.9064548541232
    ],
    "stddev": [
      7.166729505679014
    ]
  },
  "mul_G1": {
    "range": [
      1
    ],
    "results": [
      1679934.1857184663
    ],
    "stddev": [
      5813.968364635905
    ]
  },
  "add_G2": {
    "range": [
      1
    ],
    "results": [
      29180.715590926397
    ],
    "stddev": [
      29.12563330432746
    ]
  },
  "sub_G2": {
    "range": [
      1
    ],
    "results": [
      29379.576490962932
    ],
    "stddev": [
      51.23156807532826
    ]
  },
  "double_G2": {
    "range": [
      1
    ],
    "results": [
      16355.16473748985
    ],
    "stddev": [
      20.116880439022964
    ]
  },
  "mul_G2": {
    "range": [
      1
    ],
    "results": [
      11715979.02
    ],
    "stddev": [
      3875.1014650457782
    ]
  },
  "add_ff": {
    "range": [
      1
    ],
    "results": [
      5.752465499388612
    ],
    "stddev": [
      0.006990609354344635
    ]
  },
  "sub_ff": {
    "range": [
      1
    ],
    "results": [
      10.841042045383777
    ],
    "stddev": [
      0.1578463483440749
    ]
  },
  "neg_ff": {
    "range": [
      1
    ],
    "results": [
      12.707154865368022
    ],
    "stddev": [
      0.02252275018676173
    ]
  },
  "double_ff": {
    "range": [
      1
    ],
    "results": [
      3.981927826510215
    ],
    "stddev": [
      0.00798302586688935
    ]
  },
  "mul_ff": {
    "range": [
      1
    ],
    "results": [
      53.81896168878683
    ],
    "stddev": [
      0.03950615103452159
    ]
  },
  "square_ff": {
    "range": [
      1
    ],
    "results": [
      44.26942100104542
    ],
    "stddev": [
      0.08351101388022468
    ]
  },
  "inv_ff": {
    "range": [
      1
    ],
    "results": [
      9082.238575888343
    ],
    "stddev": [
      25.967456578745765
    ]
  },
  "ip_ff": {
    "range": [
      2
    ],
    "results": [
      87.06254625476123
    ],
    "stddev": [
      0.31793437789838064
    ]
  }
}