{
  "add_G1": {
    "range": [
      1
    ],
    "results": [
      2926.4412985168055
    ],
    "stddev": [
      38.9409357633234
    ]
  },
  "sub_G1": {
    "range": [
      1
    ],
    "results": [
      2924.9598092171195
    ],
    "stddev": [
      50.346367619348676
    ]
  },
  "double_G1": {
    "range": [
      1
    ],
    "results": [
      1821.9318357690022
    ],
    "stddev": [
      29.765993127285746
    ]
  },
  "mul_G1": {
    "range": [
      1
    ],
    "results": [
      1251891.3890185063
    ],
    "stddev": [
      16424.89751477189
    ]
  },
  "add_G2": {
    "range": [
      1
    ],
    "results": [
      22752.045992456293
    ],
    "stddev": [
      244.57597739486968
    ]
  },
  "sub_G2": {
    "range": [
      1
    ],
    "results": [
      22395.08931766061
    ],
    "stddev": [
      437.3065300966288
    ]
  },
  "double_G2": {
    "range": [
      1
    ],
    "results": [
      12621.413964990727
    ],
    "stddev": [
      239.91013767608032
    ]
  },
  "mul_G2": {
    "range": [
      1
    ],
    "results": [
      9009144.200000005
    ],
    "stddev": [
      190723.1961625612
    ]
  },
  "add_ff": {
    "range": [
      1
    ],
    "results": [
      9.437541075974032
    ],
    "stddev": [
      0.13787452631059327
    ]
  },
  "sub_ff": {
    "range": [
      1
    ],
    "results": [
      9.091367692377357
    ],
    "stddev": [
      0.1483209016371859
    ]
  },
  "neg_ff": {
    "range": [
      1
    ],
    "results": [
      12.135083409257204
    ],
    "stddev": [
      0.19411868569800902
    ]
  },
  "double_ff": {
    "range": [
      1
    ],
    "results": [
      4.141573825047541
    ],
    "stddev": [
      0.0693914511278334
    ]
  },
  "mul_ff": {
    "range": [
      1
    ],
    "results": [
      40.638249918628645
    ],
    "stddev": [
      0.6733934631077892
    ]
  },
  "square_ff": {
    "range": [
      1
    ],
    "results": [
      35.42292012317974
    ],
    "stddev": [
      0.5677763078744575
    ]
  },
  "inv_ff": {
    "range": [
      1
    ],
    "results": [
      10158.793672826165
    ],
    "stddev": [
      117.87925154511244
    ]
  },
  "ip_ff": {
    "range": [
      2
    ],
    "results": [
      62.12038200875889
    ],
    "stddev": [
      1.1523957441870796
    ]
  }
}