{"msm_G1": {"range": [2, 4, 8, 16, 32, 64, 128, 256, 512, 1024, 2048, 4096, 8192, 16384, 32768, 65536, 131072, 262144, 524288, 1048576, 2097152], "results": [281826.8092401078, 293542.5350108478, 313541.7282060115, 404816.8270077256, 423150.58598960645, 518386.48797883705, 676057.2407446663, 870108.923427722, 1187968.2685816993, 1708436.2549369603, 2759706.8221052634, 5048198.177000003, 8982414.118333332, 17283797.61666667, 33131074.135, 65246862.25, 124705068.6, 266164206.62, 469374993.69, 868322849.72, 1719249259.6]}}