{
  "msm_G1": {
    "range": [
      1982,
      2471,
      6856,
      12648,
      23748,
      46917,
      33742348,
      29622575
    ],
    "results": [
      8366583.86833333,
      10658820.802000003,
      24605996.39666667,
      37801631.135,
      69157378.87,
      133107333.35,
      71180104287.4,
      62223182046.7
    ],
    "stddev": [
      37669.656765214255,
      180481.13586020336,
      576566.0615698982,
      865134.2337840118,
      138176.76318228434,
      5526164.404812011,
      1003176191.7395897,
      1097365861.6703267
    ]
  },
  "msm_ff": {
    "range": [
      1
    ],
    "results": [
      8163.39724744623
    ],
    "stddev": [
      10.9848573465704
    ]
  },
  "fft": {
    "range": [
      2,
      4,
      8,
      16,
      32,
      64,
      128
    ],
    "results": [
      151.56728007590655,
      15609.150424657393,
      34174.26648106172,
      50342.81011751109,
      67060.09342936978,
      90469.0831772066,
      62002.08156167048
    ],
    "stddev": [
      1.0108865725272604,
      761.652551814127,
      689.4465796091657,
      803.0435903312671,
      1392.328921839443,
      1725.1602954909997,
      611.1518100951295
    ]
  }
}