{
  "msm_G1": {
    "range": [
      1982,
      2471,
      6856,
      12648,
      23748,
      46917,
      33742348,
      29622575
    ],
    "results": [
      8366583.86833333,
      10658820.802000003,
      24605996.39666667,
      37801631.135,
      69157378.87,
      133107333.35,
      71180104287.4,
      62223182046.7
    ]
  },
  "msm_ff": {
    "range": [
      1
    ],
    "results": [
      8163.39724744623
    ]
  },
  "fft": {
    "range": [
      2,
      4,
      8,
      16,
      32,
      64,
      128
    ],
    "results": [
      151.56728007590655,
      15609.150424657393,
      34174.26648106172,
      50342.81011751109,
      67060.09342936978,
      90469.0831772066,
      62002.08156167048
    ]
  }
}