{
  "add_G1": {
    "range": [
      1
    ],
    "results": [
      470.6996021862051
    ],
    "stddev": [
      0.21777325383564927
    ]
  },
  "sub_G1": {
    "range": [
      1
    ],
    "results": [
      474.1302000914365
    ],
    "stddev": [
      0.2477440349784411
    ]
  },
  "double_G1": {
    "range": [
      1
    ],
    "results": [
      234.52141320315278
    ],
    "stddev": [
      0.2140842236463331
    ]
  },
  "mul_G1": {
    "range": [
      1
    ],
    "results": [
      124945.91518958802
    ],
    "stddev": [
      252.88742910302503
    ]
  },
  "add_ff": {
    "range": [
      1
    ],
    "results": [
      7.76347004713914
    ],
    "stddev": [
      0.06315111641483447
    ]
  },
  "sub_ff": {
    "range": [
      1
    ],
    "results": [
      8.123107211564136
    ],
    "stddev": [
      0.08159236898006558
    ]
  },
  "neg_ff": {
    "range": [
      1
    ],
    "results": [
      4.308519141283351
    ],
    "stddev": [
      0.007296661077925085
    ]
  },
  "double_ff": {
    "range": [
      1
    ],
    "results": [
      6.3521413765490955
    ],
    "stddev": [
      0.045843814856232616
    ]
  },
  "mul_ff": {
    "range": [
      1
    ],
    "results": [
      33.62429009222383
    ],
    "stddev": [
      0.014948611972469997
    ]
  },
  "square_ff": {
    "range": [
      1
    ],
    "results": [
      29.762901875945953
    ],
    "stddev": [
      0.05949005198931304
    ]
  },
  "inv_ff": {
    "range": [
      1
    ],
    "results": [
      5312.853648466141
    ],
    "stddev": [
      4.167524082057677
    ]
  },
  "ip_ff": {
    "range": [
      2
    ],
    "results": [
      76.4831955913102
    ],
    "stddev": [
      0.06394067179766116
    ]
  },
  "msm_G1": {
    "range": [
      2,
      4,
      8,
      16,
      32,
      64,
      128,
      256,
      512,
      1024,
      2048,
      4096,
      8192,
      16384,
      32768,
      65536,
      131072,
      262144,
      524288,
      1048576,
      2097152
    ],
    "results": [
      461105.07856086723,
      508386.8313298087,
      557042.0392652866,
      608871.0402616636,
      653071.261080942,
      725101.3517405231,
      800016.4236155741,
      966352.211399964,
      1405141.8479765924,
      2108695.5654166676,
      3160994.3225,
      5199181.534999999,
      8760322.563333334,
      15859279.3025,
      30259373.42,
      53089376.77,
      119222392.94,
      219348756.13,
      395767718.45,
      740149911.5,
      1557893314.9
    ],
    "stddev": [
      29120.675832580666,
      36077.312665963684,
      33595.085602100524,
      26971.112553616436,
      18529.098875470878,
      21370.98562813135,
      44073.03232150598,
      25813.953037665928,
      50168.983334678225,
      28349.85936631251,
      59684.98940189136,
      45901.38320012022,
      125346.93166815891,
      550330.0357805877,
      1601151.9691086207,
      9088445.841423914,
      14072738.218899816,
      30787532.345538247,
      31345376.216382895,
      38906427.541909195,
      68855297.88880923
    ]
  },
  "msm_ff": {
    "range": [
      1
    ],
    "results": [
      7015.319397409656
    ],
    "stddev": [
      8.09456094714702
    ]
  },
  "fft": {
    "range": [
      2,
      4,
      8,
      16,
      32,
      64,
      128
    ],
    "results": [
      132.01846027754198,
      36444.834545370955,
      121348.96547900219,
      264319.1467622498,
      422011.15429376054,
      607270.1975601808,
      59145.08186461586
    ],
    "stddev": [
      0.6799587851102368,
      182.86767900690927,
      491.572993565427,
      2729.370371720918,
      6044.857583988381,
      8383.113208265439,
      94.40390772188692
    ]
  }
}