{
  "msm_G1": {
    "range": [
      1982,
      2471,
      6856,
      12648,
      23748,
      46917,
      122380,
      152453,
      402296,
      724101,
      1262553,
      3172489,
      22873314
    ],
    "results": [
      3443335.626158142,
      4483074.276774377,
      9965005.16825397,
      17597985.577189155,
      32561406.290846568,
      63517143.7759127,
      152322967.35250002,
      202774608.03333333,
      529187679.0,
      925651463.7,
      1698987155.2,
      4154302257.4,
      29235236170.0
    ],
    "stddev": [
      10176.655219478493,
      15130.920711461204,
      37294.12131018415,
      44237.8815656791,
      228432.44356581388,
      33907.51266827473,
      74431.0926970662,
      125573.72014172046,
      1876344.5629442371,
      3047309.841482387,
      2631295.409430032,
      5900300.466413998,
      14036144.468718188
    ]
  }
}