{
  "add_G1": {
    "range": [
      1
    ],
    "results": [
      550.0722265760302
    ],
    "stddev": [
      3.6891651012786166
    ]
  },
  "sub_G1": {
    "range": [
      1
    ],
    "results": [
      553.6958269979042
    ],
    "stddev": [
      1.1666079462966326
    ]
  },
  "double_G1": {
    "range": [
      1
    ],
    "results": [
      274.01937003016866
    ],
    "stddev": [
      0.45165658715546586
    ]
  },
  "mul_G1": {
    "range": [
      1
    ],
    "results": [
      145563.4272051861
    ],
    "stddev": [
      346.07882788805705
    ]
  },
  "add_ff": {
    "range": [
      1
    ],
    "results": [
      10.59578289122697
    ],
    "stddev": [
      0.0465540936203204
    ]
  },
  "sub_ff": {
    "range": [
      1
    ],
    "results": [
      9.347764926988265
    ],
    "stddev": [
      0.040500883536696716
    ]
  },
  "neg_ff": {
    "range": [
      1
    ],
    "results": [
      4.925551779385946
    ],
    "stddev": [
      0.014442683094784192
    ]
  },
  "double_ff": {
    "range": [
      1
    ],
    "results": [
      9.42646833253806
    ],
    "stddev": [
      0.04375269500427954
    ]
  },
  "mul_ff": {
    "range": [
      1
    ],
    "results": [
      39.03610870988241
    ],
    "stddev": [
      0.02533359170491878
    ]
  },
  "square_ff": {
    "range": [
      1
    ],
    "results": [
      34.650361493971644
    ],
    "stddev": [
      0.19786205799096526
    ]
  },
  "inv_ff": {
    "range": [
      1
    ],
    "results": [
      6216.736143342277
    ],
    "stddev": [
      25.09835278233656
    ]
  },
  "ip_ff": {
    "range": [
      2
    ],
    "results": [
      88.29152756416926
    ],
    "stddev": [
      0.1403933100982109
    ]
  },
  "msm_G1": {
    "range": [
      2,
      4,
      8,
      16,
      32,
      64,
      128,
      256,
      512,
      1024,
      2048,
      4096,
      8192,
      16384,
      32768,
      65536,
      131072,
      262144,
      524288,
      1048576,
      2097152
    ],
    "results": [
      226695.77263366588,
      264429.9408479761,
      307079.6774471736,
      386770.0739933326,
      524288.0680867739,
      783249.5076464766,
      1113032.2853372605,
      1729111.4028590517,
      2902987.1372222216,
      4654685.132727275,
      8339026.302857144,
      15474814.1975,
      28368979.08,
      46044561.01,
      89747551.33,
      174210873.48,
      333053110.24,
      663123039.8,
      1325134073.88,
      2587867574.13,
      4294840388.0
    ],
    "stddev": [
      3450.312262088662,
      4345.130279628216,
      2546.4591269854686,
      2224.4355351188415,
      4228.901332046553,
      2807.838025008766,
      6193.643571262762,
      4578.700088554771,
      40848.80101516306,
      94951.12133256238,
      59342.34573660674,
      263156.74222176574,
      796374.4297891812,
      1045214.9534200727,
      79831.1072641555,
      6206546.943079254,
      8803326.571806522,
      6743131.891318877,
      14304775.159273963,
      28579962.66652357,
      59902327.172099106
    ]
  },
  "msm_ff": {
    "range": [
      1
    ],
    "results": [
      8377.929192971755
    ],
    "stddev": [
      9.53654791168479
    ]
  },
  "fft": {
    "range": [
      2,
      4,
      8,
      16,
      32,
      64,
      128
    ],
    "results": [
      148.79607614692574,
      16490.2132491651,
      33445.16197472581,
      48461.78222677527,
      62082.165655486446,
      81455.47010315298,
      58046.13123117428
    ],
    "stddev": [
      0.48633907916349206,
      570.382536802309,
      738.7322071292375,
      1728.9967053513665,
      1722.0149978179027,
      2238.3364348545997,
      707.3314169776888
    ]
  }
}