{
  "add_G1": {
    "range": [
      1
    ],
    "results": [
      358.7930574082379
    ],
    "stddev": [
      5.63228821497102
    ]
  },
  "sub_G1": {
    "range": [
      1
    ],
    "results": [
      362.84091399835233
    ],
    "stddev": [
      3.13037855575989
    ]
  },
  "double_G1": {
    "range": [
      1
    ],
    "results": [
      159.98554100784511
    ],
    "stddev": [
      2.508273903409465
    ]
  },
  "mul_G1": {
    "range": [
      1
    ],
    "results": [
      104349.79560902489
    ],
    "stddev": [
      2035.920285702043
    ]
  },
  "add_ff": {
    "range": [
      1
    ],
    "results": [
      4.54948431040649
    ],
    "stddev": [
      0.08538533195549101
    ]
  },
  "sub_ff": {
    "range": [
      1
    ],
    "results": [
      4.604037181545756
    ],
    "stddev": [
      0.026865237473907976
    ]
  },
  "neg_ff": {
    "range": [
      1
    ],
    "results": [
      4.117443399782452
    ],
    "stddev": [
      0.08138467387134854
    ]
  },
  "double_ff": {
    "range": [
      1
    ],
    "results": [
      4.02725597251563
    ],
    "stddev": [
      0.08361243480465923
    ]
  },
  "mul_ff": {
    "range": [
      1
    ],
    "results": [
      22.41659648797957
    ],
    "stddev": [
      0.4536699652930714
    ]
  },
  "square_ff": {
    "range": [
      1
    ],
    "results": [
      19.157584981214313
    ],
    "stddev": [
      0.25495334743904624
    ]
  },
  "inv_ff": {
    "range": [
      1
    ],
    "results": [
      4914.946907327946
    ],
    "stddev": [
      97.96343850211471
    ]
  },
  "ip_ff": {
    "range": [
      2
    ],
    "results": [
      46.84030035572914
    ],
    "stddev": [
      0.8846277575167071
    ]
  },
  "msm_G1": {
    "range": [
      2,
      4,
      8,
      16,
      32,
      64,
      128,
      256,
      512,
      1024,
      2048,
      4096,
      8192,
      16384,
      32768,
      65536,
      131072,
      262144,
      524288,
      1048576,
      2097152
    ],
    "results": [
      287899.63478081534,
      349440.804795352,
      393165.97669955395,
      450760.8703444405,
      476805.9730371213,
      558164.8773056506,
      867533.3665497754,
      1142184.1722503728,
      1495199.5077648703,
      1947952.781610056,
      2754221.4483333332,
      4413597.814166668,
      7276230.39714286,
      12984521.98,
      24411812.55333334,
      47923526.825,
      94561195.42,
      199926245.86,
      394004038.04,
      736710026.51,
      1195736100.2
    ],
    "stddev": [
      93179.39604856569,
      84433.92222706444,
      104653.37030248671,
      143656.75154350136,
      103739.66298586651,
      159725.87707073585,
      226872.32711131824,
      281367.1222387067,
      262895.5614993581,
      262303.3163226788,
      231052.42179876057,
      187786.17192446196,
      190946.04678088732,
      224153.78160907936,
      237969.24949120937,
      860556.3884730082,
      1444501.392320618,
      1043535.9754503055,
      2839089.1580314273,
      19549589.62434277,
      42595983.59451116
    ]
  },
  "msm_ff": {
    "range": [
      1
    ],
    "results": [
      4722.303179250604
    ],
    "stddev": [
      6.731157737510365
    ]
  },
  "fft": {
    "range": [
      2,
      4,
      8,
      16,
      32,
      64,
      128
    ],
    "results": [
      75.61620574668726,
      20777.436928055897,
      38829.40299072863,
      60418.55190473584,
      84129.1937979049,
      97045.15562662615,
      45708.57265646143
    ],
    "stddev": [
      0.3178167788685014,
      2312.452043317875,
      1690.7964430545612,
      4155.463993779605,
      2525.3212703987474,
      4682.970156821181,
      847.7191762886252
    ]
  }
}