{
  "msm_G1": {
    "range": [
      2,
      4,
      8,
      16,
      32,
      64,
      128,
      256,
      512,
      1024,
      2048,
      4096,
      8192,
      16384,
      32768,
      65536,
      131072,
      262144,
      524288,
      1048576,
      2097152
    ],
    "results": [
      286508.24325847416,
      292139.2881848652,
      352904.4973057905,
      443973.2294669146,
      475793.94003155304,
      544769.0992174953,
      722187.531449745,
      920491.8220845935,
      1170249.5875056824,
      1635764.322632493,
      2502104.8347619046,
      4408681.724999998,
      7714072.575714286,
      14693334.1125,
      28681798.77,
      56106016.62,
      107033913.9,
      232731505.63,
      459917667.51,
      841977222.56,
      1436155897.2
    ],
    "stddev": [
      3124.1606985293292,
      2221.8777319634814,
      3523.2530990362757,
      4628.317544386915,
      7864.897923550597,
      5565.713048705652,
      6115.105771169976,
      4997.61268243684,
      16064.686968493399,
      18607.504705833584,
      43775.15493350642,
      58995.36023059886,
      118000.91006744954,
      214607.94044628035,
      39704.153101182004,
      104443.96376859509,
      170402.4050220829,
      1125205.0201260184,
      8544676.44820097,
      6546555.783259739,
      29909916.415070336
    ]
  },
  "msm_ff": {
    "range": [
      1
    ],
    "results": [
      6667.733683803725
    ],
    "stddev": [
      8.711244285040387
    ]
  },
  "fft": {
    "range": [
      2,
      4,
      8,
      16,
      32,
      64,
      128
    ],
    "results": [
      110.93233108393315,
      20567.012613886727,
      75017.51245670996,
      174362.9177249695,
      313212.7746702667,
      405208.5670442736,
      50240.78250912218
    ],
    "stddev": [
      0.2211924933508208,
      230.64869965694726,
      415.2805505363319,
      905.7765405538095,
      1022.4879117793115,
      1386.6009415235108,
      1132.8478815799824
    ]
  }
}