{
  "add_G1": {
    "range": [
      1
    ],
    "results": [
      380.1033517809108
    ],
    "stddev": [
      0.25804899553377775
    ]
  },
  "sub_G1": {
    "range": [
      1
    ],
    "results": [
      382.6221465019921
    ],
    "stddev": [
      0.279835559949362
    ]
  },
  "double_G1": {
    "range": [
      1
    ],
    "results": [
      170.2166255039067
    ],
    "stddev": [
      0.16065013970003444
    ]
  },
  "mul_G1": {
    "range": [
      1
    ],
    "results": [
      110434.66806264204
    ],
    "stddev": [
      364.7658683820008
    ]
  },
  "add_ff": {
    "range": [
      1
    ],
    "results": [
      3.909687594437039
    ],
    "stddev": [
      0.0023171666985252006
    ]
  },
  "sub_ff": {
    "range": [
      1
    ],
    "results": [
      4.018199264976526
    ],
    "stddev": [
      0.006329436613227272
    ]
  },
  "neg_ff": {
    "range": [
      1
    ],
    "results": [
      3.6712507188897074
    ],
    "stddev": [
      0.003789216542781807
    ]
  },
  "double_ff": {
    "range": [
      1
    ],
    "results": [
      3.4576760060381764
    ],
    "stddev": [
      0.0019086847198032514
    ]
  },
  "mul_ff": {
    "range": [
      1
    ],
    "results": [
      27.856767604600673
    ],
    "stddev": [
      0.10862216827245283
    ]
  },
  "square_ff": {
    "range": [
      1
    ],
    "results": [
      25.255613188770077
    ],
    "stddev": [
      0.02989697569023928
    ]
  },
  "inv_ff": {
    "range": [
      1
    ],
    "results": [
      4596.067822361513
    ],
    "stddev": [
      4.836363864893522
    ]
  },
  "ip_ff": {
    "range": [
      2
    ],
    "results": [
      57.001279318960705
    ],
    "stddev": [
      0.07879432680341793
    ]
  },
  "msm_G1": {
    "range": [
      2,
      4,
      8,
      16,
      32,
      64,
      128,
      256,
      512,
      1024,
      2048,
      4096,
      8192,
      16384,
      32768,
      65536,
      131072,
      262144,
      524288,
      1048576,
      2097152
    ],
    "results": [
      195991.27733410487,
      207075.19344439174,
      215553.14581606953,
      245734.60906766338,
      252499.0398874343,
      325695.7057305014,
      452652.5935955072,
      713427.8719388436,
      948985.5039250037,
      1556278.3305986973,
      2460324.8714285707,
      4219101.902500001,
      7345390.664285718,
      12561724.365,
      22016592.76333333,
      37746972.7,
      65707611.73,
      141285345.05,
      273122172.22,
      514765789.62,
      1106451536.1
    ],
    "stddev": [
      5570.210689334575,
      6931.328300224878,
      8798.19417138104,
      17281.65779524273,
      10556.999337842726,
      11064.916208772847,
      9083.728883371137,
      28507.340207116136,
      35969.86925387522,
      62416.74034057565,
      28043.54174110667,
      65510.14968570503,
      194657.5436591576,
      333221.91503789637,
      432775.4576038412,
      287721.3569375239,
      203348.5368625924,
      242324.31813791924,
      605752.8958043631,
      2407333.635653823,
      8094993.667100617
    ]
  },
  "msm_ff": {
    "range": [
      1
    ],
    "results": [
      5691.750412770428
    ],
    "stddev": [
      6.865183301819196
    ]
  },
  "fft": {
    "range": [
      2,
      4,
      8,
      16,
      32,
      64,
      128
    ],
    "results": [
      97.35088074006939,
      15587.013144999722,
      48794.166185161754,
      90190.0389729033,
      113381.18392252995,
      156326.27991981216,
      47037.45015644956
    ],
    "stddev": [
      0.4026210926649479,
      230.4461837576179,
      3554.193955186241,
      6703.016058577331,
      17873.432544659314,
      28489.054663804738,
      315.5680732556731
    ]
  }
}