{
  "msm_G1": {
    "range": [
      1982,
      2471,
      6856,
      12648,
      23748,
      46917,
      122380,
      152453,
      402296,
      724101,
      1262553,
      3172489,
      22873314
    ],
    "results": [
      2443101.140958647,
      3101233.7674735445,
      6635139.789744897,
      11744735.192599205,
      21434534.094912697,
      42277730.48723545,
      100766073.62944445,
      130592670.19150797,
      357706286.85,
      606895915.1,
      922091649.3,
      2232380973.0,
      16314820519.1
    ],
    "stddev": [
      8899.521515375927,
      16325.60852716518,
      55295.71131780235,
      69951.9619732542,
      63991.274828790774,
      43207.007792637196,
      598757.3942327609,
      160439.99952633108,
      7398924.995076559,
      7278924.8156985855,
      39430059.42097622,
      27302521.574454363,
      66166144.12347202
    ]
  }
}