{"add_G1": {"range": [1], "results": [490.17918575328264]}, "sub_G1": {"range": [1], "results": [497.3114293541697]}, "double_G1": {"range": [1], "results": [248.28601439944288]}, "mul_G1": {"range": [1], "results": [133172.37286970686]}, "add_ff": {"range": [1], "results": [8.757625803682057]}, "sub_ff": {"range": [1], "results": [5.863625040438438]}, "neg_ff": {"range": [1], "results": [4.686283822693609]}, "double_ff": {"range": [1], "results": [9.258309348305874]}, "mul_ff": {"range": [1], "results": [34.66948316998159]}, "square_ff": {"range": [1], "results": [29.456660053420322]}, "inv_ff": {"range": [1], "results": [5187.4277284770615]}, "ip_ff": {"range": [2], "results": [76.99395587596135]}, "msm_G1": {"range": [2, 4, 8, 16, 32, 64, 128, 256, 512, 1024, 2048, 4096, 8192, 16384, 32768, 65536, 131072, 262144, 524288, 1048576, 2097152], "results": [283840.74484199466, 293707.8313363332, 312207.81203156785, 405965.2123474233, 424828.0492402353, 526684.8558633254, 683609.117489276, 870552.5957513709, 1196511.88779064, 1713366.6496826408, 2773769.985789474, 5089402.986999998, 9086150.098333333, 17222801.79666667, 33253958.58, 65850639.84, 126018745.9, 264660150.75, 463499899.74, 870725317.45, 1729916966.8]}}