{"msm_G1": {"range": [2, 4, 8, 16, 32, 64, 128, 256, 512, 1024, 2048, 4096, 8192, 16384, 32768, 65536, 131072, 262144, 524288, 1048576, 2097152], "results": [220962.45181843828, 256267.26097228288, 336369.0409100404, 424695.7807020181, 567264.9277119766, 799001.784600707, 1116245.477297562, 1742852.413328025, 2783171.8061111104, 4506338.5858333325, 8443504.07, 15701470.2675, 28801991.195, 46328470.275, 91635621.65, 175681748.4, 325417491.09, 666052905.69, 1361895791.68, 2665120688.55, 4419562703.8]}}