{
  "add_G1": {
    "range": [
      1
    ],
    "results": [
      572.551399212569
    ],
    "stddev": [
      0.17978073233560274
    ]
  },
  "sub_G1": {
    "range": [
      1
    ],
    "results": [
      577.308727204987
    ],
    "stddev": [
      0.13041938378567516
    ]
  },
  "double_G1": {
    "range": [
      1
    ],
    "results": [
      260.00574735484594
    ],
    "stddev": [
      0.2131761089691927
    ]
  },
  "mul_G1": {
    "range": [
      1
    ],
    "results": [
      148149.13562483338
    ],
    "stddev": [
      351.2729966063555
    ]
  },
  "add_ff": {
    "range": [
      1
    ],
    "results": [
      7.97988890159107
    ],
    "stddev": [
      0.02431112542661162
    ]
  },
  "sub_ff": {
    "range": [
      1
    ],
    "results": [
      10.658866130664796
    ],
    "stddev": [
      0.03987391192125683
    ]
  },
  "neg_ff": {
    "range": [
      1
    ],
    "results": [
      7.1802344935688
    ],
    "stddev": [
      0.015249247560681089
    ]
  },
  "double_ff": {
    "range": [
      1
    ],
    "results": [
      4.340168207443595
    ],
    "stddev": [
      0.006154738499109317
    ]
  },
  "mul_ff": {
    "range": [
      1
    ],
    "results": [
      41.24564278978085
    ],
    "stddev": [
      0.04120593799593775
    ]
  },
  "square_ff": {
    "range": [
      1
    ],
    "results": [
      33.49343927386881
    ],
    "stddev": [
      0.04236375465881956
    ]
  },
  "inv_ff": {
    "range": [
      1
    ],
    "results": [
      5499.877895938161
    ],
    "stddev": [
      3.981081926715721
    ]
  },
  "ip_ff": {
    "range": [
      2
    ],
    "results": [
      85.52168191706896
    ],
    "stddev": [
      0.046917654190598734
    ]
  },
  "msm_G1": {
    "range": [
      2,
      4,
      8,
      16,
      32,
      64,
      128,
      256,
      512,
      1024,
      2048,
      4096,
      8192,
      16384,
      32768,
      65536,
      131072,
      262144,
      524288,
      1048576,
      2097152
    ],
    "results": [
      229423.19442148507,
      235977.87694309026,
      250194.69406020167,
      265738.42420803895,
      266555.3194461747,
      325696.8014951783,
      434561.51632068737,
      665438.0035844191,
      849752.5445864727,
      1207858.0432082438,
      1848422.4323919436,
      3353105.932,
      5942898.21111111,
      11194163.184000004,
      22021207.60333333,
      42242002.79,
      83204473.18,
      173147900.88,
      344473126.43,
      666151754.51,
      1443816198.3
    ],
    "stddev": [
      2619.424974156208,
      2746.867286742832,
      2560.9112883973457,
      3207.0868854628343,
      4625.171471054158,
      2089.1360964168516,
      2195.730188567343,
      12818.018105646295,
      11404.905484394392,
      18486.654511432087,
      7371.864833766634,
      7031.812295326801,
      25613.16522238632,
      141571.0641861949,
      693752.7879006065,
      126043.75020932574,
      82013.57051310228,
      160356.51841470494,
      527470.5025271699,
      1101420.7121970286,
      6088137.879204708
    ]
  },
  "msm_ff": {
    "range": [
      1
    ],
    "results": [
      8638.233384206838
    ],
    "stddev": [
      93.49521228110856
    ]
  },
  "fft": {
    "range": [
      2,
      4,
      8,
      16,
      32,
      64,
      128
    ],
    "results": [
      148.40161167075374,
      17120.028553864922,
      46047.049051179194,
      72183.5614545467,
      61596.725355472285,
      54685.41130364848,
      47119.22582995304
    ],
    "stddev": [
      0.430176734419959,
      439.5215487606524,
      3303.3990840367583,
      2826.907695503561,
      21493.309203362296,
      228.63661739421747,
      5217.585189604438
    ]
  }
}