{
  "add_G1": {
    "range": [
      1
    ],
    "results": [
      3394.908865411196
    ]
  },
  "sub_G1": {
    "range": [
      1
    ],
    "results": [
      3422.6913911205256
    ]
  },
  "double_G1": {
    "range": [
      1
    ],
    "results": [
      1494.9828977912978
    ]
  },
  "mul_G1": {
    "range": [
      1
    ],
    "results": [
      1202655.9171299979
    ]
  },
  "add_G2": {
    "range": [
      1
    ],
    "results": [
      3394.872422465986
    ]
  },
  "sub_G2": {
    "range": [
      1
    ],
    "results": [
      3423.1106556147042
    ]
  },
  "double_G2": {
    "range": [
      1
    ],
    "results": [
      1496.8154390817904
    ]
  },
  "mul_G2": {
    "range": [
      1
    ],
    "results": [
      1197941.4387731375
    ]
  },
  "add_ff": {
    "range": [
      1
    ],
    "results": [
      5.758898020333373
    ]
  },
  "sub_ff": {
    "range": [
      1
    ],
    "results": [
      10.685932828939087
    ]
  },
  "neg_ff": {
    "range": [
      1
    ],
    "results": [
      12.586816562203026
    ]
  },
  "double_ff": {
    "range": [
      1
    ],
    "results": [
      3.981601202034069
    ]
  },
  "mul_ff": {
    "range": [
      1
    ],
    "results": [
      53.5867449503898
    ]
  },
  "square_ff": {
    "range": [
      1
    ],
    "results": [
      44.02352738754596
    ]
  },
  "inv_ff": {
    "range": [
      1
    ],
    "results": [
      8836.319599922821
    ]
  },
  "ip_ff": {
    "range": [
      2
    ],
    "results": [
      86.77278870908223
    ]
  }
}