{
  "add_G1": {
    "range": [
      1
    ],
    "results": [
      3403.3885682150035
    ],
    "stddev": [
      2.000401675943852
    ]
  },
  "sub_G1": {
    "range": [
      1
    ],
    "results": [
      3432.8804119486495
    ],
    "stddev": [
      2.1108250511507913
    ]
  },
  "double_G1": {
    "range": [
      1
    ],
    "results": [
      1499.32071575976
    ],
    "stddev": [
      4.361995934702689
    ]
  },
  "mul_G1": {
    "range": [
      1
    ],
    "results": [
      1201317.9811094566
    ],
    "stddev": [
      10617.55322944353
    ]
  },
  "add_G2": {
    "range": [
      1
    ],
    "results": [
      3407.4617771765547
    ],
    "stddev": [
      2.2219785503383
    ]
  },
  "sub_G2": {
    "range": [
      1
    ],
    "results": [
      3436.611546780918
    ],
    "stddev": [
      2.3928384861626943
    ]
  },
  "double_G2": {
    "range": [
      1
    ],
    "results": [
      1500.3425271212902
    ],
    "stddev": [
      1.3137056936882658
    ]
  },
  "mul_G2": {
    "range": [
      1
    ],
    "results": [
      1196900.34789426
    ],
    "stddev": [
      9836.376239561685
    ]
  },
  "add_ff": {
    "range": [
      1
    ],
    "results": [
      5.750108434936327
    ],
    "stddev": [
      0.002880943029820409
    ]
  },
  "sub_ff": {
    "range": [
      1
    ],
    "results": [
      10.372235446888713
    ],
    "stddev": [
      0.009762087682490086
    ]
  },
  "neg_ff": {
    "range": [
      1
    ],
    "results": [
      12.682044047606027
    ],
    "stddev": [
      0.01931401868113594
    ]
  },
  "double_ff": {
    "range": [
      1
    ],
    "results": [
      3.970736590980169
    ],
    "stddev": [
      0.0026691338981013396
    ]
  },
  "mul_ff": {
    "range": [
      1
    ],
    "results": [
      53.315639896895064
    ],
    "stddev": [
      0.03900815784062155
    ]
  },
  "square_ff": {
    "range": [
      1
    ],
    "results": [
      44.08108419837702
    ],
    "stddev": [
      0.04303725329024064
    ]
  },
  "inv_ff": {
    "range": [
      1
    ],
    "results": [
      9046.525034251852
    ],
    "stddev": [
      24.802703101374355
    ]
  },
  "ip_ff": {
    "range": [
      2
    ],
    "results": [
      87.13456115464352
    ],
    "stddev": [
      0.289287475472393
    ]
  }
}