{
  "add_G1": {
    "range": [
      1
    ],
    "results": [
      2741.8073456529874
    ],
    "stddev": [
      3.3059432953972956
    ]
  },
  "sub_G1": {
    "range": [
      1
    ],
    "results": [
      2770.391133640494
    ],
    "stddev": [
      3.3133967440802183
    ]
  },
  "double_G1": {
    "range": [
      1
    ],
    "results": [
      1251.1058961663412
    ],
    "stddev": [
      0.9289635057912822
    ]
  },
  "mul_G1": {
    "range": [
      1
    ],
    "results": [
      984216.659380109
    ],
    "stddev": [
      6963.209868265626
    ]
  },
  "add_G2": {
    "range": [
      1
    ],
    "results": [
      2742.968129587908
    ],
    "stddev": [
      5.256819281230094
    ]
  },
  "sub_G2": {
    "range": [
      1
    ],
    "results": [
      2770.162129298031
    ],
    "stddev": [
      2.810297949024861
    ]
  },
  "double_G2": {
    "range": [
      1
    ],
    "results": [
      1250.2712817125202
    ],
    "stddev": [
      0.9806007409266896
    ]
  },
  "mul_G2": {
    "range": [
      1
    ],
    "results": [
      982451.5697428669
    ],
    "stddev": [
      7365.767726504095
    ]
  },
  "add_ff": {
    "range": [
      1
    ],
    "results": [
      11.086916560747847
    ],
    "stddev": [
      0.09215767288011337
    ]
  },
  "sub_ff": {
    "range": [
      1
    ],
    "results": [
      10.64847439392969
    ],
    "stddev": [
      0.10032865848343071
    ]
  },
  "neg_ff": {
    "range": [
      1
    ],
    "results": [
      13.124165852174906
    ],
    "stddev": [
      0.024096384922680895
    ]
  },
  "double_ff": {
    "range": [
      1
    ],
    "results": [
      3.5765954105629283
    ],
    "stddev": [
      0.0031327376601392796
    ]
  },
  "mul_ff": {
    "range": [
      1
    ],
    "results": [
      49.34493510031793
    ],
    "stddev": [
      0.4294799026699432
    ]
  },
  "square_ff": {
    "range": [
      1
    ],
    "results": [
      43.3632677519693
    ],
    "stddev": [
      0.0456947280392724
    ]
  },
  "inv_ff": {
    "range": [
      1
    ],
    "results": [
      10128.310115466884
    ],
    "stddev": [
      14.661512470440742
    ]
  },
  "ip_ff": {
    "range": [
      2
    ],
    "results": [
      79.34213845015904
    ],
    "stddev": [
      0.12350311936846285
    ]
  }
}