{
  "add_G1": {
    "range": [
      1
    ],
    "results": [
      4326.784328066847
    ],
    "stddev": [
      0.8347801328668892
    ]
  },
  "sub_G1": {
    "range": [
      1
    ],
    "results": [
      4361.633257496628
    ],
    "stddev": [
      1.2837321339906194
    ]
  },
  "double_G1": {
    "range": [
      1
    ],
    "results": [
      1911.697318050008
    ],
    "stddev": [
      0.4574274973134742
    ]
  },
  "mul_G1": {
    "range": [
      1
    ],
    "results": [
      1520343.838056016
    ],
    "stddev": [
      13320.91792729603
    ]
  },
  "add_G2": {
    "range": [
      1
    ],
    "results": [
      4326.832491794874
    ],
    "stddev": [
      1.5675941436661012
    ]
  },
  "sub_G2": {
    "range": [
      1
    ],
    "results": [
      4361.221799063073
    ],
    "stddev": [
      1.596988492956409
    ]
  },
  "double_G2": {
    "range": [
      1
    ],
    "results": [
      1910.0540339150716
    ],
    "stddev": [
      0.5077321317085247
    ]
  },
  "mul_G2": {
    "range": [
      1
    ],
    "results": [
      1514591.2363404783
    ],
    "stddev": [
      12398.525139744595
    ]
  },
  "add_ff": {
    "range": [
      1
    ],
    "results": [
      18.758082560299428
    ],
    "stddev": [
      0.11677273277195763
    ]
  },
  "sub_ff": {
    "range": [
      1
    ],
    "results": [
      14.19104896967542
    ],
    "stddev": [
      0.01463004299002937
    ]
  },
  "neg_ff": {
    "range": [
      1
    ],
    "results": [
      9.476871807940846
    ],
    "stddev": [
      0.004396717563062167
    ]
  },
  "double_ff": {
    "range": [
      1
    ],
    "results": [
      5.3832131688481715
    ],
    "stddev": [
      0.004914985629505611
    ]
  },
  "mul_ff": {
    "range": [
      1
    ],
    "results": [
      63.782792628319484
    ],
    "stddev": [
      0.026147548761810666
    ]
  },
  "square_ff": {
    "range": [
      1
    ],
    "results": [
      56.44141924743252
    ],
    "stddev": [
      0.01928605417730889
    ]
  },
  "inv_ff": {
    "range": [
      1
    ],
    "results": [
      11469.825179581483
    ],
    "stddev": [
      33.327846742530255
    ]
  },
  "ip_ff": {
    "range": [
      2
    ],
    "results": [
      98.87318511888795
    ],
    "stddev": [
      0.0321217525663884
    ]
  }
}