{
  "add_G1": {
    "range": [
      1
    ],
    "results": [
      3892.8777405433484
    ],
    "stddev": [
      3.105938808173847
    ]
  },
  "sub_G1": {
    "range": [
      1
    ],
    "results": [
      3915.7566080092565
    ],
    "stddev": [
      4.493522491224137
    ]
  },
  "double_G1": {
    "range": [
      1
    ],
    "results": [
      1803.0132952300453
    ],
    "stddev": [
      17.275327033508297
    ]
  },
  "mul_G1": {
    "range": [
      1
    ],
    "results": [
      1385235.2387086204
    ],
    "stddev": [
      11245.87239579757
    ]
  },
  "add_G2": {
    "range": [
      1
    ],
    "results": [
      3888.343073534516
    ],
    "stddev": [
      1.9234649644357356
    ]
  },
  "sub_G2": {
    "range": [
      1
    ],
    "results": [
      3913.331204265396
    ],
    "stddev": [
      2.2648365423804453
    ]
  },
  "double_G2": {
    "range": [
      1
    ],
    "results": [
      1799.62166820041
    ],
    "stddev": [
      1.3638083537248304
    ]
  },
  "mul_G2": {
    "range": [
      1
    ],
    "results": [
      1377569.7539643731
    ],
    "stddev": [
      10736.422070285831
    ]
  },
  "add_ff": {
    "range": [
      1
    ],
    "results": [
      8.591084032443272
    ],
    "stddev": [
      0.009959446777104086
    ]
  },
  "sub_ff": {
    "range": [
      1
    ],
    "results": [
      11.68564156418939
    ],
    "stddev": [
      0.04484092257644733
    ]
  },
  "neg_ff": {
    "range": [
      1
    ],
    "results": [
      15.55073074938661
    ],
    "stddev": [
      0.006917367570672737
    ]
  },
  "double_ff": {
    "range": [
      1
    ],
    "results": [
      9.399229631451268
    ],
    "stddev": [
      0.06290015494704357
    ]
  },
  "mul_ff": {
    "range": [
      1
    ],
    "results": [
      66.08380229989592
    ],
    "stddev": [
      0.061598764320172195
    ]
  },
  "square_ff": {
    "range": [
      1
    ],
    "results": [
      55.67001287576103
    ],
    "stddev": [
      0.15048003821372016
    ]
  },
  "inv_ff": {
    "range": [
      1
    ],
    "results": [
      12086.544744437353
    ],
    "stddev": [
      42.504466924303586
    ]
  },
  "ip_ff": {
    "range": [
      2
    ],
    "results": [
      106.91162469566824
    ],
    "stddev": [
      0.30642941910039717
    ]
  }
}