{
  "add_G1": {
    "range": [
      1
    ],
    "results": [
      12325.883225717593
    ]
  },
  "sub_G1": {
    "range": [
      1
    ],
    "results": [
      12366.788239641059
    ]
  },
  "double_G1": {
    "range": [
      1
    ],
    "results": [
      5324.073954428471
    ]
  },
  "mul_G1": {
    "range": [
      1
    ],
    "results": [
      4263620.786666665
    ]
  },
  "add_G2": {
    "range": [
      1
    ],
    "results": [
      12324.528047036352
    ]
  },
  "sub_G2": {
    "range": [
      1
    ],
    "results": [
      12364.674052748707
    ]
  },
  "double_G2": {
    "range": [
      1
    ],
    "results": [
      5322.512107093669
    ]
  },
  "mul_G2": {
    "range": [
      1
    ],
    "results": [
      4218792.1125
    ]
  },
  "add_ff": {
    "range": [
      1
    ],
    "results": [
      29.03713286097361
    ]
  },
  "sub_ff": {
    "range": [
      1
    ],
    "results": [
      25.145711583231588
    ]
  },
  "neg_ff": {
    "range": [
      1
    ],
    "results": [
      15.441960310248987
    ]
  },
  "double_ff": {
    "range": [
      1
    ],
    "results": [
      20.021759811371318
    ]
  },
  "mul_ff": {
    "range": [
      1
    ],
    "results": [
      223.4428114922562
    ]
  },
  "square_ff": {
    "range": [
      1
    ],
    "results": [
      174.57571769508195
    ]
  },
  "inv_ff": {
    "range": [
      1
    ],
    "results": [
      11667.199657091458
    ]
  },
  "ip_ff": {
    "range": [
      2
    ],
    "results": [
      341.66873410011243
    ]
  }
}