{
  "add_G1": {
    "range": [
      1
    ],
    "results": [
      12325.883225717593
    ],
    "stddev": [
      5.113971720496528
    ]
  },
  "sub_G1": {
    "range": [
      1
    ],
    "results": [
      12366.788239641059
    ],
    "stddev": [
      4.031663038968635
    ]
  },
  "double_G1": {
    "range": [
      1
    ],
    "results": [
      5324.073954428471
    ],
    "stddev": [
      2.080865440674219
    ]
  },
  "mul_G1": {
    "range": [
      1
    ],
    "results": [
      4263620.786666665
    ],
    "stddev": [
      523.8204039554289
    ]
  },
  "add_G2": {
    "range": [
      1
    ],
    "results": [
      12324.528047036352
    ],
    "stddev": [
      3.73927669764072
    ]
  },
  "sub_G2": {
    "range": [
      1
    ],
    "results": [
      12364.674052748707
    ],
    "stddev": [
      3.52466405385212
    ]
  },
  "double_G2": {
    "range": [
      1
    ],
    "results": [
      5322.512107093669
    ],
    "stddev": [
      2.8655798275519073
    ]
  },
  "mul_G2": {
    "range": [
      1
    ],
    "results": [
      4218792.1125
    ],
    "stddev": [
      453.6878297437704
    ]
  },
  "add_ff": {
    "range": [
      1
    ],
    "results": [
      29.03713286097361
    ],
    "stddev": [
      0.02352087581952019
    ]
  },
  "sub_ff": {
    "range": [
      1
    ],
    "results": [
      25.145711583231588
    ],
    "stddev": [
      0.07354998945520441
    ]
  },
  "neg_ff": {
    "range": [
      1
    ],
    "results": [
      15.441960310248987
    ],
    "stddev": [
      0.0305383949375672
    ]
  },
  "double_ff": {
    "range": [
      1
    ],
    "results": [
      20.021759811371318
    ],
    "stddev": [
      0.032897379706114165
    ]
  },
  "mul_ff": {
    "range": [
      1
    ],
    "results": [
      223.4428114922562
    ],
    "stddev": [
      0.15766365838730403
    ]
  },
  "square_ff": {
    "range": [
      1
    ],
    "results": [
      174.57571769508195
    ],
    "stddev": [
      0.035964991709265766
    ]
  },
  "inv_ff": {
    "range": [
      1
    ],
    "results": [
      11667.199657091458
    ],
    "stddev": [
      5.702760251479554
    ]
  },
  "ip_ff": {
    "range": [
      2
    ],
    "results": [
      341.66873410011243
    ],
    "stddev": [
      0.08037680144675483
    ]
  }
}