{
  "add_G1": {
    "range": [
      1
    ],
    "results": [
      3892.8777405433484
    ]
  },
  "sub_G1": {
    "range": [
      1
    ],
    "results": [
      3915.7566080092565
    ]
  },
  "double_G1": {
    "range": [
      1
    ],
    "results": [
      1803.0132952300453
    ]
  },
  "mul_G1": {
    "range": [
      1
    ],
    "results": [
      1385235.2387086204
    ]
  },
  "add_G2": {
    "range": [
      1
    ],
    "results": [
      3888.343073534516
    ]
  },
  "sub_G2": {
    "range": [
      1
    ],
    "results": [
      3913.331204265396
    ]
  },
  "double_G2": {
    "range": [
      1
    ],
    "results": [
      1799.62166820041
    ]
  },
  "mul_G2": {
    "range": [
      1
    ],
    "results": [
      1377569.7539643731
    ]
  },
  "add_ff": {
    "range": [
      1
    ],
    "results": [
      8.591084032443272
    ]
  },
  "sub_ff": {
    "range": [
      1
    ],
    "results": [
      11.68564156418939
    ]
  },
  "neg_ff": {
    "range": [
      1
    ],
    "results": [
      15.55073074938661
    ]
  },
  "double_ff": {
    "range": [
      1
    ],
    "results": [
      9.399229631451268
    ]
  },
  "mul_ff": {
    "range": [
      1
    ],
    "results": [
      66.08380229989592
    ]
  },
  "square_ff": {
    "range": [
      1
    ],
    "results": [
      55.67001287576103
    ]
  },
  "inv_ff": {
    "range": [
      1
    ],
    "results": [
      12086.544744437353
    ]
  },
  "ip_ff": {
    "range": [
      2
    ],
    "results": [
      106.91162469566824
    ]
  }
}