{
  "add_G1": {
    "range": [
      1
    ],
    "results": [
      3920.9565684617205
    ],
    "stddev": [
      7.318908182857473
    ]
  },
  "sub_G1": {
    "range": [
      1
    ],
    "results": [
      3954.1927383544207
    ],
    "stddev": [
      7.282240037290956
    ]
  },
  "double_G1": {
    "range": [
      1
    ],
    "results": [
      1802.0135118204644
    ],
    "stddev": [
      8.714307994719372
    ]
  },
  "mul_G1": {
    "range": [
      1
    ],
    "results": [
      1394438.820175997
    ],
    "stddev": [
      11877.962766579023
    ]
  },
  "add_G2": {
    "range": [
      1
    ],
    "results": [
      3918.3104893729096
    ],
    "stddev": [
      2.247842821069849
    ]
  },
  "sub_G2": {
    "range": [
      1
    ],
    "results": [
      3954.2054333263604
    ],
    "stddev": [
      18.31639813079241
    ]
  },
  "double_G2": {
    "range": [
      1
    ],
    "results": [
      1799.6835958788156
    ],
    "stddev": [
      1.1691659927905538
    ]
  },
  "mul_G2": {
    "range": [
      1
    ],
    "results": [
      1389111.3460611955
    ],
    "stddev": [
      10218.433613291412
    ]
  },
  "add_ff": {
    "range": [
      1
    ],
    "results": [
      14.951278257633856
    ],
    "stddev": [
      0.04883292907304343
    ]
  },
  "sub_ff": {
    "range": [
      1
    ],
    "results": [
      14.380549159383696
    ],
    "stddev": [
      0.050303868390525745
    ]
  },
  "neg_ff": {
    "range": [
      1
    ],
    "results": [
      15.587219337573483
    ],
    "stddev": [
      0.023802993180609994
    ]
  },
  "double_ff": {
    "range": [
      1
    ],
    "results": [
      4.807977828035757
    ],
    "stddev": [
      0.007856448285513438
    ]
  },
  "mul_ff": {
    "range": [
      1
    ],
    "results": [
      70.1391813402748
    ],
    "stddev": [
      0.07796496197331353
    ]
  },
  "square_ff": {
    "range": [
      1
    ],
    "results": [
      56.6404800885664
    ],
    "stddev": [
      0.05099076389016406
    ]
  },
  "inv_ff": {
    "range": [
      1
    ],
    "results": [
      12282.183166437568
    ],
    "stddev": [
      34.29932484258355
    ]
  },
  "ip_ff": {
    "range": [
      2
    ],
    "results": [
      102.02612613342357
    ],
    "stddev": [
      0.5566971457355293
    ]
  }
}