{
  "add_G1": {
    "range": [
      1
    ],
    "results": [
      2498.1057979669613
    ],
    "stddev": [
      51.693942292852746
    ]
  },
  "sub_G1": {
    "range": [
      1
    ],
    "results": [
      2511.985268822289
    ],
    "stddev": [
      46.67410099043221
    ]
  },
  "double_G1": {
    "range": [
      1
    ],
    "results": [
      1127.9962139215431
    ],
    "stddev": [
      17.730208144826
    ]
  },
  "mul_G1": {
    "range": [
      1
    ],
    "results": [
      917262.7516514863
    ],
    "stddev": [
      7493.33608197338
    ]
  },
  "add_G2": {
    "range": [
      1
    ],
    "results": [
      2499.991812912245
    ],
    "stddev": [
      42.20117258154732
    ]
  },
  "sub_G2": {
    "range": [
      1
    ],
    "results": [
      2546.869260205265
    ],
    "stddev": [
      44.046479626152006
    ]
  },
  "double_G2": {
    "range": [
      1
    ],
    "results": [
      1128.6588548032694
    ],
    "stddev": [
      20.030031635748458
    ]
  },
  "mul_G2": {
    "range": [
      1
    ],
    "results": [
      898155.0902372242
    ],
    "stddev": [
      15750.830924237522
    ]
  },
  "add_ff": {
    "range": [
      1
    ],
    "results": [
      9.356724360600461
    ],
    "stddev": [
      0.1745697024653108
    ]
  },
  "sub_ff": {
    "range": [
      1
    ],
    "results": [
      9.221809512674618
    ],
    "stddev": [
      0.06395669901511343
    ]
  },
  "neg_ff": {
    "range": [
      1
    ],
    "results": [
      11.887845623213025
    ],
    "stddev": [
      0.24287666490017332
    ]
  },
  "double_ff": {
    "range": [
      1
    ],
    "results": [
      4.119257579067075
    ],
    "stddev": [
      0.07591531110323878
    ]
  },
  "mul_ff": {
    "range": [
      1
    ],
    "results": [
      40.95174407336267
    ],
    "stddev": [
      0.6937887243950743
    ]
  },
  "square_ff": {
    "range": [
      1
    ],
    "results": [
      35.54382502366531
    ],
    "stddev": [
      0.4007892872416268
    ]
  },
  "inv_ff": {
    "range": [
      1
    ],
    "results": [
      10017.518222905752
    ],
    "stddev": [
      199.55872738142634
    ]
  },
  "ip_ff": {
    "range": [
      2
    ],
    "results": [
      62.63504657469528
    ],
    "stddev": [
      1.0514940099032204
    ]
  }
}