{
  "add_G1": {
    "range": [
      1
    ],
    "results": [
      3394.908865411196
    ],
    "stddev": [
      3.0596637867105514
    ]
  },
  "sub_G1": {
    "range": [
      1
    ],
    "results": [
      3422.6913911205256
    ],
    "stddev": [
      1.9080572663426292
    ]
  },
  "double_G1": {
    "range": [
      1
    ],
    "results": [
      1494.9828977912978
    ],
    "stddev": [
      1.5042985864046052
    ]
  },
  "mul_G1": {
    "range": [
      1
    ],
    "results": [
      1202655.9171299979
    ],
    "stddev": [
      11158.596971639612
    ]
  },
  "add_G2": {
    "range": [
      1
    ],
    "results": [
      3394.872422465986
    ],
    "stddev": [
      4.285624139525118
    ]
  },
  "sub_G2": {
    "range": [
      1
    ],
    "results": [
      3423.1106556147042
    ],
    "stddev": [
      2.3168956203104387
    ]
  },
  "double_G2": {
    "range": [
      1
    ],
    "results": [
      1496.8154390817904
    ],
    "stddev": [
      3.062980749185439
    ]
  },
  "mul_G2": {
    "range": [
      1
    ],
    "results": [
      1197941.4387731375
    ],
    "stddev": [
      10190.153515889871
    ]
  },
  "add_ff": {
    "range": [
      1
    ],
    "results": [
      5.758898020333373
    ],
    "stddev": [
      0.004090053263348455
    ]
  },
  "sub_ff": {
    "range": [
      1
    ],
    "results": [
      10.685932828939087
    ],
    "stddev": [
      0.14546929465291222
    ]
  },
  "neg_ff": {
    "range": [
      1
    ],
    "results": [
      12.586816562203026
    ],
    "stddev": [
      0.021024020210850303
    ]
  },
  "double_ff": {
    "range": [
      1
    ],
    "results": [
      3.981601202034069
    ],
    "stddev": [
      0.002681332058898585
    ]
  },
  "mul_ff": {
    "range": [
      1
    ],
    "results": [
      53.5867449503898
    ],
    "stddev": [
      0.05064689362996566
    ]
  },
  "square_ff": {
    "range": [
      1
    ],
    "results": [
      44.02352738754596
    ],
    "stddev": [
      0.05299703943375534
    ]
  },
  "inv_ff": {
    "range": [
      1
    ],
    "results": [
      8836.319599922821
    ],
    "stddev": [
      30.22057151595971
    ]
  },
  "ip_ff": {
    "range": [
      2
    ],
    "results": [
      86.77278870908223
    ],
    "stddev": [
      0.2294551095532974
    ]
  }
}