{
  "add_G1": {
    "range": [
      1
    ],
    "results": [
      3428.7178993383527
    ],
    "stddev": [
      1.6566955138112487
    ]
  },
  "sub_G1": {
    "range": [
      1
    ],
    "results": [
      3458.681858779243
    ],
    "stddev": [
      1.3893882492005987
    ]
  },
  "double_G1": {
    "range": [
      1
    ],
    "results": [
      1574.7142409695623
    ],
    "stddev": [
      1.0559426331627437
    ]
  },
  "mul_G1": {
    "range": [
      1
    ],
    "results": [
      1219396.571388842
    ],
    "stddev": [
      10143.805631469679
    ]
  },
  "add_G2": {
    "range": [
      1
    ],
    "results": [
      3432.1286945025995
    ],
    "stddev": [
      3.740101992910905
    ]
  },
  "sub_G2": {
    "range": [
      1
    ],
    "results": [
      3461.0185294148673
    ],
    "stddev": [
      2.372797348950933
    ]
  },
  "double_G2": {
    "range": [
      1
    ],
    "results": [
      1577.913569400355
    ],
    "stddev": [
      1.1357417087371313
    ]
  },
  "mul_G2": {
    "range": [
      1
    ],
    "results": [
      1214987.3133538815
    ],
    "stddev": [
      9516.44792928755
    ]
  },
  "add_ff": {
    "range": [
      1
    ],
    "results": [
      12.444397497444625
    ],
    "stddev": [
      0.0155940715120302
    ]
  },
  "sub_ff": {
    "range": [
      1
    ],
    "results": [
      14.337569282240167
    ],
    "stddev": [
      0.02414506477469631
    ]
  },
  "neg_ff": {
    "range": [
      1
    ],
    "results": [
      13.463261655479961
    ],
    "stddev": [
      0.00823671477895128
    ]
  },
  "double_ff": {
    "range": [
      1
    ],
    "results": [
      4.167716541759108
    ],
    "stddev": [
      0.00859442962860259
    ]
  },
  "mul_ff": {
    "range": [
      1
    ],
    "results": [
      58.48478170742613
    ],
    "stddev": [
      0.042324083045320864
    ]
  },
  "square_ff": {
    "range": [
      1
    ],
    "results": [
      48.716104125403405
    ],
    "stddev": [
      0.027902005947163494
    ]
  },
  "inv_ff": {
    "range": [
      1
    ],
    "results": [
      10552.31077063812
    ],
    "stddev": [
      6.941332712250383
    ]
  },
  "ip_ff": {
    "range": [
      2
    ],
    "results": [
      87.75323280138655
    ],
    "stddev": [
      0.04057029719780813
    ]
  }
}