{
  "add_G1": {
    "range": [
      1
    ],
    "results": [
      863.8823875649732
    ],
    "stddev": [
      0.6184690906630279
    ]
  },
  "sub_G1": {
    "range": [
      1
    ],
    "results": [
      886.4177133985812
    ],
    "stddev": [
      0.6494647258443381
    ]
  },
  "double_G1": {
    "range": [
      1
    ],
    "results": [
      408.8279464208762
    ],
    "stddev": [
      0.6052085597500001
    ]
  },
  "mul_G1": {
    "range": [
      1
    ],
    "results": [
      223290.0433934781
    ],
    "stddev": [
      753.6874333603565
    ]
  },
  "add_G2": {
    "range": [
      1
    ],
    "results": [
      2856.4600285523593
    ],
    "stddev": [
      2.7325701898854677
    ]
  },
  "sub_G2": {
    "range": [
      1
    ],
    "results": [
      2892.219456419907
    ],
    "stddev": [
      2.4303789519125636
    ]
  },
  "double_G2": {
    "range": [
      1
    ],
    "results": [
      1226.7111898340054
    ],
    "stddev": [
      2.0849884241160037
    ]
  },
  "mul_G2": {
    "range": [
      1
    ],
    "results": [
      676460.8457116538
    ],
    "stddev": [
      1485.2261616055496
    ]
  },
  "add_ff": {
    "range": [
      1
    ],
    "results": [
      5.501781419824929
    ],
    "stddev": [
      0.0034985106592204385
    ]
  },
  "sub_ff": {
    "range": [
      1
    ],
    "results": [
      5.583255204724338
    ],
    "stddev": [
      0.0045825995078178855
    ]
  },
  "neg_ff": {
    "range": [
      1
    ],
    "results": [
      4.211043440604909
    ],
    "stddev": [
      0.003769735055461613
    ]
  },
  "double_ff": {
    "range": [
      1
    ],
    "results": [
      3.5950199415073256
    ],
    "stddev": [
      0.002900942162230466
    ]
  },
  "mul_ff": {
    "range": [
      1
    ],
    "results": [
      29.67217811828671
    ],
    "stddev": [
      0.021210565445310216
    ]
  },
  "square_ff": {
    "range": [
      1
    ],
    "results": [
      22.783363787941976
    ],
    "stddev": [
      0.06957833375043238
    ]
  },
  "inv_ff": {
    "range": [
      1
    ],
    "results": [
      4556.783510807672
    ],
    "stddev": [
      20.375873105510347
    ]
  },
  "ip_ff": {
    "range": [
      2
    ],
    "results": [
      58.1813432441625
    ],
    "stddev": [
      0.06219012595090257
    ]
  },
  "msm_G1": {
    "range": [
      2,
      4,
      8,
      16,
      32,
      64,
      128,
      256,
      512,
      1024,
      2048,
      4096,
      8192,
      16384,
      32768,
      65536,
      131072,
      262144,
      524288,
      1048576,
      2097152
    ],
    "results": [
      384703.3956339129,
      393708.6482688906,
      465321.081988744,
      572248.37681949,
      664513.8970290733,
      760325.1861419207,
      1001119.9720065232,
      1360201.9418798932,
      1631361.4359497898,
      2383896.027142857,
      4194318.76,
      7779424.674285714,
      13705016.5975,
      26749663.28,
      52448959.0,
      104008535.32,
      196822959.13,
      398621261.96,
      737147200.27,
      1372728674.31,
      2194701316.5
    ],
    "stddev": [
      3937.511533676817,
      4064.1342406898602,
      3120.406572680948,
      5298.015856545893,
      8770.531932327554,
      7645.219301419419,
      15387.060783860576,
      12641.552166997722,
      18906.41808515729,
      30082.14522936939,
      58736.464711864435,
      98353.73917221007,
      350558.3116929193,
      988137.4220488373,
      1393053.078617667,
      215492.4670327425,
      792810.7897900185,
      7515908.0428717565,
      8985551.957593558,
      17775115.74486767,
      29544829.93834621
    ]
  },
  "msm_G2": {
    "range": [
      2,
      4,
      8,
      16,
      32,
      64,
      128,
      256,
      512,
      1024,
      2048,
      4096,
      8192,
      16384,
      32768,
      65536,
      131072,
      262144,
      524288,
      1048576,
      2097152
    ],
    "results": [
      784957.6369143404,
      817626.2123487773,
      945492.3493360335,
      1131768.0806280617,
      1298481.3964039795,
      1650878.714842713,
      2205375.8828080124,
      3211871.7076149425,
      3951624.3511855165,
      6133032.588171957,
      10964432.282843916,
      21030562.416682538,
      37404659.972500004,
      74100465.75001985,
      147542915.6200397,
      293852009.3,
      518679181.8,
      971945548.7,
      1890773551.4,
      3606529789.0,
      5278512700.8
    ],
    "stddev": [
      2376.142944588755,
      1893.9809811629686,
      4102.563586804203,
      4531.740115498832,
      4898.7669512892335,
      4411.049181149088,
      10003.732637719204,
      14409.985936935245,
      22596.676854526027,
      94307.54159136445,
      56671.66691553659,
      172379.13174716535,
      294776.9320581125,
      626455.4795656166,
      1283378.0432179612,
      1354418.9008457686,
      8470441.117804145,
      5805396.698301883,
      17930889.272005945,
      3896853.2698970847,
      42598024.71796253
    ]
  },
  "mul_Gt": {
    "range": [
      1
    ],
    "results": [
      749223.14313976
    ],
    "stddev": [
      19482.875384542054
    ]
  },
  "msm_Gt": {
    "range": [
      2,
      4,
      8,
      16,
      32,
      64,
      128,
      256,
      512,
      1024,
      2048,
      4096,
      8192,
      16384,
      32768,
      65536,
      131072,
      262144
    ],
    "results": [
      1654014.7280288602,
      2397114.846194654,
      3004256.0386200715,
      4243779.705607864,
      6710224.902154194,
      12304036.28234127,
      21686801.921222225,
      42425080.692023806,
      83949479.61507937,
      166934124.02206346,
      350885143.3,
      703718264.4,
      1406615206.0,
      2809321954.3,
      5617217751.2,
      11210265757.0,
      22376285638.0,
      44693219360.0
    ],
    "stddev": [
      672.0028814587088,
      1896.7862445912351,
      1004.2355843853877,
      3179.4641511889317,
      12670.127757740387,
      4713.5022539770425,
      57006.43131169437,
      34244.4575874482,
      22606.583696087004,
      120859.73841043212,
      132392.59840172334,
      500305.2659755242,
      532148.0844227478,
      449261.5882058136,
      626612.2944661715,
      1329283.1827978566,
      2445625.948614669,
      4418898.781066251
    ]
  },
  "pairing": {
    "range": [
      1
    ],
    "results": [
      1275101.0549900793
    ],
    "stddev": [
      1153.2871183515476
    ]
  },
  "msm_ff": {
    "range": [
      1
    ],
    "results": [
      6237.440911237655
    ],
    "stddev": [
      3.101475502634454
    ]
  },
  "fft": {
    "range": [
      2,
      4,
      8,
      16,
      32,
      64,
      128,
      256,
      512,
      1024,
      2048,
      4096,
      8192,
      16384,
      32768,
      65536,
      131072,
      262144,
      524288,
      1048576,
      2097152
    ],
    "results": [
      111.08143333639164,
      20280.41757785215,
      75617.22162754912,
      176428.95962259208,
      316849.7358887783,
      410223.54753416614,
      375049.03529900714,
      424274.46440660756,
      596807.6519200644,
      684187.7877559972,
      836386.7323940585,
      1144250.086172123,
      1363658.1857924662,
      1690503.035285861,
      2241229.8520973674,
      3480813.271656378,
      5639970.2567436965,
      9869089.456551587,
      18580067.06139683,
      49859838.64021824,
      111527435.50436506
    ],