{
  "add_G1": {
    "range": [
      1
    ],
    "results": [
      3234.646408072695
    ],
    "stddev": [
      1.0444905747816462
    ]
  },
  "sub_G1": {
    "range": [
      1
    ],
    "results": [
      3252.6350592017534
    ],
    "stddev": [
      1.0439868804314298
    ]
  },
  "double_G1": {
    "range": [
      1
    ],
    "results": [
      1464.7152652515747
    ],
    "stddev": [
      0.4841246956080169
    ]
  },
  "mul_G1": {
    "range": [
      1
    ],
    "results": [
      772469.6447051781
    ],
    "stddev": [
      2873.0128005296315
    ]
  },
  "add_G2": {
    "range": [
      1
    ],
    "results": [
      9807.753450493408
    ],
    "stddev": [
      4.36325246281354
    ]
  },
  "sub_G2": {
    "range": [
      1
    ],
    "results": [
      9852.684147128663
    ],
    "stddev": [
      8.55765875477713
    ]
  },
  "double_G2": {
    "range": [
      1
    ],
    "results": [
      4078.3529543346544
    ],
    "stddev": [
      1.782373518882414
    ]
  },
  "mul_G2": {
    "range": [
      1
    ],
    "results": [
      2271223.5469565224
    ],
    "stddev": [
      271.5664002800361
    ]
  },
  "add_ff": {
    "range": [
      1
    ],
    "results": [
      21.112091938108826
    ],
    "stddev": [
      0.09005840323146035
    ]
  },
  "sub_ff": {
    "range": [
      1
    ],
    "results": [
      19.099841682363138
    ],
    "stddev": [
      0.06442689685025353
    ]
  },
  "neg_ff": {
    "range": [
      1
    ],
    "results": [
      11.618264222099128
    ],
    "stddev": [
      0.005038075835408987
    ]
  },
  "double_ff": {
    "range": [
      1
    ],
    "results": [
      6.521186894310506
    ],
    "stddev": [
      0.027488760030985583
    ]
  },
  "mul_ff": {
    "range": [
      1
    ],
    "results": [
      100.77619692407649
    ],
    "stddev": [
      0.04593214218909238
    ]
  },
  "square_ff": {
    "range": [
      1
    ],
    "results": [
      78.50175945422961
    ],
    "stddev": [
      0.018640620703350264
    ]
  },
  "inv_ff": {
    "range": [
      1
    ],
    "results": [
      5686.725534161395
    ],
    "stddev": [
      5.1665804693635735
    ]
  },
  "ip_ff": {
    "range": [
      2
    ],
    "results": [
      211.06716517780308
    ],
    "stddev": [
      0.07135106609378009
    ]
  },
  "msm_G1": {
    "range": [
      2,
      4,
      8,
      16,
      32,
      64,
      128,
      256,
      512,
      1024,
      2048,
      4096,
      8192,
      16384,
      32768,
      65536,
      131072,
      262144,
      524288,
      1048576,
      2097152
    ],
    "results": [
      831462.5855757609,
      857219.6108784616,
      904741.6136123611,
      968682.1760759394,
      1005736.3208663188,
      1250065.2110990905,
      1594444.6410773706,
      2506757.629,
      2684629.19368421,
      4215366.435833334,
      7088024.2225,
      13354089.3325,
      23716303.693333343,
      46334572.91,
      91318591.61,
      180095504.27,
      342872564.59,
      701104644.25,
      1474188987.15,
      2804062280.95,
      5507765528.5
    ],
    "stddev": [
      12895.814473819943,
      12927.335301631163,
      9716.194644853816,
      4358.441907904359,
      6755.924826239353,
      5592.5858300316495,
      10568.663557113867,
      3839.0089870055026,
      145715.8552944748,
      364773.6923409825,
      56827.64241379251,
      237193.63591473654,
      291074.7318035149,
      79904.49892820115,
      163228.52579680394,
      225912.99670124572,
      2137695.9587057005,
      5809924.475733319,
      4912658.166029192,
      19221670.635353316,
      24698688.135633893
    ]
  },
  "msm_G2": {
    "range": [
      2,
      4,
      8,
      16,
      32,
      64,
      128,
      256,
      512,
      1024,
      2048,
      4096,
      8192,
      16384,
      32768,
      65536,
      131072,
      262144,
      524288,
      1048576,
      2097152
    ],
    "results": [
      2074337.9731809166,
      2153857.2466878924,
      2272845.2141811843,
      2460004.701081081,
      2625279.0413968256,
      3232894.9363355227,
      4194276.2144336225,
      6776680.891289683,
      7398621.095079365,
      11436516.870842153,
      19830972.253349207,
      37089059.69306878,
      66001051.78406747,
      130149126.09313492,
      258366846.8,
      515046381.2,
      975538917.9,
      1969544052.7,
      4120704261.8,
      7836973982.8,
      15386798610.3
    ],
    "stddev": [
      2833.6939579392597,
      3545.9219436798294,
      5837.058844026166,
      3014.2909158227912,
      4011.6942751055603,
      2383.73282344956,
      3839.4557431201292,
      3890.3780978152913,
      518309.62868240965,
      1079566.7664138034,
      747736.0599630969,
      32471.032646897904,
      24006.739992255345,
      102835.54248095037,
      204699.67787409926,
      671090.0601726717,
      981548.268893736,
      4233399.519617728,
      9136412.90392864,
      10611993.870809207,
      40813527.74391611
    ]
  },
  "mul_Gt": {
    "range": [
      1
    ],
    "results": [
      2358725.567128612
    ],
    "stddev": [
      58216.46392335
    ]
  },
  "msm_Gt": {
    "range": [
      2,
      4,
      8,
      16,
      32,
      64,
      128,
      256,
      512,
      1024,
      2048,
      4096,
      8192,
      16384,
      32768,
      65536,
      131072,
      262144
    ],
    "results": [
      5030980.672972014,
      7351293.487167278,
      9271765.124734126,
      13074048.264744896,
      20596881.511619043,
      35614048.01458995,
      65722178.12952381,
      128546574.4152778,
      254717156.85,
      506960560.4,
      1027894421.1,
      2053070612.3,
      4103096948.6,
      8200702416.5,
      16388175885.2,
      32761298561.3,
      65493461235.8,
      130953579166.3
    ],
    "stddev": [
      307.357439316331,
      452.5853112378055,
      1116.2684753524773,
      1449.992832428113,
      1692.6182967305447,
      13213.257544894772,
      305417.040061934,
      33892.15188547664,
      40153.47440698626,
      96072.9923997374,
      96018.7508827833,
      179531.92614966843,
      173080.84010727474,
      592406.3668991497,
      2057718.4686300894,
      2804705.5275099045,
      5912407.785157394,
      4419335.093011302
    ]
  },
  "pairing": {
    "range": [
      1
    ],
    "results": [
      3874989.102640542
    ],
    "stddev": [
      1689.5726863071013
    ]
  },
  "msm_ff": {
    "range": [
      1
    ],
    "results": [
      22146.994668587507
    ],
    "stddev": [
      19.72688320871551
    ]
  },
  "fft": {
    "range": [
      2,
      4,
      8,
      16,
      32,
      64,
      128,
      256,
      512,
      1024,
      2048,
      4096,
      8192,
      16384,
      32768,
      65536,
      131072,
      262144,
      524288,
      1048576,
      2097152
    ],
    "results": [
      275.94005733519117,
      21871.420637809766,
      68430.34723024823,
      125150.82677586246,
      166725.1225558495,
      178499.05852062843,
      166805.2769691785,
      273256.92273868754,
      392688.04377984826,
      519126.31605623587,
      741482.3000809781,
      982602.3652188939,
      1358176.4379187396,
      1827296.2182666664,
      2708862.685870682,
      4316808.0148148155,
      7482167.767738095,
      13709203.663911566,
      26744609.92381944,
      64053025.27634921,
      139912587.03333333
    ],