{
  "msm_G1": {
    "range": [
      2,
      4,
      8,
      16,
      32,
      64,
      128,
      256,
      512,
      1024,
      2048,
      4096,
      8192,
      16384,
      32768,
      65536,
      131072,
      262144,
      524288,
      1048576,
      2097152
    ],
    "results": [
      384703.3956339129,
      393708.6482688906,
      465321.081988744,
      572248.37681949,
      664513.8970290733,
      760325.1861419207,
      1001119.9720065232,
      1360201.9418798932,
      1631361.4359497898,
      2383896.027142857,
      4194318.76,
      7779424.674285714,
      13705016.5975,
      26749663.28,
      52448959.0,
      104008535.32,
      196822959.13,
      398621261.96,
      737147200.27,
      1372728674.31,
      2194701316.5
    ]
  },
  "msm_G2": {
    "range": [
      2,
      4,
      8,
      16,
      32,
      64,
      128,
      256,
      512,
      1024,
      2048,
      4096,
      8192,
      16384,
      32768,
      65536,
      131072,
      262144,
      524288,
      1048576,
      2097152
    ],
    "results": [
      784957.6369143404,
      817626.2123487773,
      945492.3493360335,
      1131768.0806280617,
      1298481.3964039795,
      1650878.714842713,
      2205375.8828080124,
      3211871.7076149425,
      3951624.3511855165,
      6133032.588171957,
      10964432.282843916,
      21030562.416682538,
      37404659.972500004,
      74100465.75001985,
      147542915.6200397,
      293852009.3,
      518679181.8,
      971945548.7,
      1890773551.4,
      3606529789.0,
      5278512700.8
    ]
  },
  "mul_Gt": {
    "range": [
      1
    ],
    "results": [
      749223.14313976
    ]
  },
  "msm_Gt": {
    "range": [
      2,
      4,
      8,
      16,
      32,
      64,
      128,
      256,
      512,
      1024,
      2048,
      4096,
      8192,
      16384,
      32768,
      65536,
      131072,
      262144
    ],
    "results": [
      1654014.7280288602,
      2397114.846194654,
      3004256.0386200715,
      4243779.705607864,
      6710224.902154194,
      12304036.28234127,
      21686801.921222225,
      42425080.692023806,
      83949479.61507937,
      166934124.02206346,
      350885143.3,
      703718264.4,
      1406615206.0,
      2809321954.3,
      5617217751.2,
      11210265757.0,
      22376285638.0,
      44693219360.0
    ]
  },
  "pairing": {
    "range": [
      1
    ],
    "results": [
      1275101.0549900793
    ]
  },
  "msm_ff": {
    "range": [
      1
    ],
    "results": [
      6237.440911237655
    ]
  },
  "fft": {
    "range": [
      2,
      4,
      8,
      16,
      32,
      64,
      128,
      256,
      512,
      1024,
      2048,
      4096,
      8192,
      16384,
      32768,
      65536,
      131072,
      262144,
      524288,
      1048576,
      2097152
    ],
    "results": [
      111.08143333639164,
      20280.41757785215,
      75617.22162754912,
      176428.95962259208,
      316849.7358887783,
      410223.54753416614,
      375049.03529900714,
      424274.46440660756,
      596807.6519200644,
      684187.7877559972,
      836386.7323940585,
      1144250.086172123,
      1363658.1857924662,
      1690503.035285861,
      2241229.8520973674,
      3480813.271656378,
      5639970.2567436965,
      9869089.456551587,
      18580067.06139683,
      49859838.64021824,
      111527435.50436506
    ]
  }
}