{
  "add_G1": {
    "range": [
      1,
      1
    ],
    "results": [
      614.545046621121,
      212.32374533890876
    ],
    "stddev": [
      1.6146557237944439,
      4.466031591283796
    ]
  },
  "sub_G1": {
    "range": [
      1,
      1
    ],
    "results": [
      634.9246737292658,
      218.0580471876561
    ],
    "stddev": [
      1.6630719323469922,
      4.5715949267302545
    ]
  },
  "double_G1": {
    "range": [
      1,
      1
    ],
    "results": [
      292.7696081064554,
      165.75654498399882
    ],
    "stddev": [
      1.3621459065172015,
      2.6213789146997866
    ]
  },
  "mul_G1": {
    "range": [
      1,
      1
    ],
    "results": [
      105680.30080469888,
      77920.2146346033
    ],
    "stddev": [
      257.9620465228229,
      1289.3007428581047
    ]
  },
  "add_G2": {
    "range": [
      1
    ],
    "results": [
      2130.085075635007
    ],
    "stddev": [
      6.047276386034713
    ]
  },
  "sub_G2": {
    "range": [
      1
    ],
    "results": [
      2160.674186519092
    ],
    "stddev": [
      6.3142403429740614
    ]
  },
  "double_G2": {
    "range": [
      1
    ],
    "results": [
      921.3642310765114
    ],
    "stddev": [
      4.021263434445875
    ]
  },
  "mul_G2": {
    "range": [
      1
    ],
    "results": [
      508619.35446272214
    ],
    "stddev": [
      1569.8017851996217
    ]
  },
  "add_ff": {
    "range": [
      1,
      1
    ],
    "results": [
      4.411121847833717,
      4.598792586506969
    ],
    "stddev": [
      0.02220664491498074,
      0.0957574841572053
    ]
  },
  "sub_ff": {
    "range": [
      1,
      1
    ],
    "results": [
      4.363601397318088,
      4.538788620471992
    ],
    "stddev": [
      0.01459740678424698,
      0.08798628873130687
    ]
  },
  "neg_ff": {
    "range": [
      1,
      1
    ],
    "results": [
      3.9736996294191234,
      4.209439906000208
    ],
    "stddev": [
      0.014715780659341702,
      0.026945503667662057
    ]
  },
  "double_ff": {
    "range": [
      1,
      1
    ],
    "results": [
      3.8607064185247553,
      4.0221777727382735
    ],
    "stddev": [
      0.01008023139317859,
      0.0667113861757179
    ]
  },
  "mul_ff": {
    "range": [
      1,
      1
    ],
    "results": [
      21.875392717844374,
      22.00848215824664
    ],
    "stddev": [
      0.05106469157242324,
      0.3782525829053104
    ]
  },
  "square_ff": {
    "range": [
      1,
      1
    ],
    "results": [
      18.55515939043468,
      17.848887864306793
    ],
    "stddev": [
      0.04403868864534443,
      0.34701814544827664
    ]
  },
  "inv_ff": {
    "range": [
      1,
      1
    ],
    "results": [
      4533.023144869767,
      4771.189927770267
    ],
    "stddev": [
      31.16590430294117,
      31.577154378405364
    ]
  },
  "ip_ff": {
    "range": [
      2,
      2
    ],
    "results": [
      45.14530453237093,
      32.312136991741575
    ],
    "stddev": [
      0.12444406847862545,
      0.6750815450560231
    ]
  },
  "msm_G1": {
    "range": [
      2,
      4,
      8,
      16,
      32,
      64,
      128,
      256,
      512,
      1024,
      2048,
      4096,
      8192,
      16384,
      32768,
      65536,
      131072,
      262144,
      524288,
      1048576,
      2097152
    ],
    "results": [
      377148.9929952371,
      434313.33652465785,
      547644.7364641498,
      516044.3275814515,
      687287.8309626947,
      1054651.600732334,
      1298034.083674494,
      1664912.9935880555,
      1957887.4698765266,
      2685161.4615,
      4317645.894166666,
      7357054.540000001,
      12234363.431999998,
      22952571.266666673,
      44033617.6,
      88075592.39,
      166508111.99,
      355097846.72,
      637689436.36,
      1138151075.04,
      1788152791.2
    ],
    "stddev": [
      79045.81758280264,
      95159.82929699437,
      117942.48236710603,
      103468.73551532699,
      145492.87926865416,
      205141.70054830157,
      234329.79071513767,
      234422.83284138402,
      213746.67412916766,
      205044.29512506461,
      240236.47869394138,
      254033.8395058579,
      312727.9782057048,
      442042.3708182534,
      679758.3448665967,
      1694444.3018496234,
      2746180.2447773726,
      4878505.875267035,
      39231725.934334904,
      32274170.328483995,
      75802111.03676665
    ]
  },
  "msm_G2": {
    "range": [
      2,
      4,
      8,
      16,
      32,
      64,
      128,
      256,
      512,
      1024,
      2048,
      4096,
      8192,
      16384,
      32768,
      65536,
      131072,
      262144,
      524288,
      1048576,
      2097152
    ],
    "results": [
      862961.8072087303,
      904314.1713293651,
      915960.6736131154,
      1099359.4419720287,
      1434951.1576339286,
      1932334.811199385,
      2295890.054280875,
      3272471.556242064,
      3712527.733011294,
      5366162.900186742,
      9108853.50618254,
      16008040.111759257,
      28379444.242559522,
      54075512.50204365,
      106511756.09817462,
      213432382.76666665,
      405822224.75,
      822291015.4,
      1505733897.3,
      2866883502.1,
      4321400586.6
    ],
    "stddev": [
      75616.78890643829,
      70077.27143701183,
      73603.0291284115,
      76858.4778415784,
      179179.0939113392,
      171574.48214765667,
      157028.3341675246,
      127876.8315341654,
      151365.21247063842,
      206816.5425773795,
      258840.41421599852,
      448643.1609896014,
      511337.6618305203,
      1049230.6998198726,
      1283554.0142821856,
      2393321.4322654163,
      3825156.440841121,
      22074399.736429654,
      35489101.40312352,
      58412193.93401074,
      122306273.6193974
    ]
  },
  "mul_Gt": {
    "range": [
      1
    ],
    "results": [
      554862.8637619526
    ],
    "stddev": [
      14997.78682728714
    ]
  },
  "msm_Gt": {
    "range": [
      2,
      4,
      8,
      16,
      32,
      64,
      128,
      256,
      512,
      1024,
      2048,
      4096,
      8192,
      16384,
      32768,
      65536,
      131072,
      262144
    ],
    "results": [
      1254239.2977826702,
      1808271.1300972612,
      2880513.833165922,
      3864912.4869990074,
      6202422.386801587,
      9813126.711492063,
      16899241.097592592,
      32351613.88965609,
      63048031.19900794,
      124386387.44420636,
      262233937.1,
      524422806.3,
      1044230457.0,
      2083439436.6,
      4167210305.6,
      8319457853.1,
      16560461433.3,
      33122674342.9
    ],
    "stddev": [
      4445.00135609402,
      6678.272953401412,
      17907.38184718111,
      21951.83766380182,
      37106.68652680835,
      88487.56545237002,
      117631.03615445644,
      147753.9156234068,
      290572.7242361434,
      448139.5914455119,
      1411456.05829409,
      2598774.4712081905,
      3549119.7014571372,
      5042385.04790184,
      11914776.495371075,
      19573131.826317035,
      34788070.524451636,
      47373570.01860709
    ]
  },
  "pairing": {
    "range": [
      1
    ],
    "results": [
      967373.7428621553
    ],
    "stddev": [
      2421.8894458406676
    ]
  },
  "msm_ff": {
    "range": [
      1
    ],
    "results": [
      4367.606192936931
    ],
    "stddev": [
      16.898418895580136
    ]
  },
  "fft": {
    "range": [
      2,
      4,
      8,
      16,
      32,
      64,
      128,
      256,
      512,
      1024,
      2048,
      4096,
      8192,
      16384,
      32768,
      65536,
      131072,
      262144,
      524288,
      1048576,
      2097152
    ],