{
  "add_G1": {
    "range": [
      1
    ],
    "results": [
      887.3429661108951
    ],
    "stddev": [
      0.8010874268111446
    ]
  },
  "sub_G1": {
    "range": [
      1
    ],
    "results": [
      909.0106837570825
    ],
    "stddev": [
      0.6063287637641411
    ]
  },
  "double_G1": {
    "range": [
      1
    ],
    "results": [
      405.58999222772275
    ],
    "stddev": [
      0.7422463101707073
    ]
  },
  "mul_G1": {
    "range": [
      1
    ],
    "results": [
      224751.4632294102
    ],
    "stddev": [
      573.3983912622207
    ]
  },
  "add_G2": {
    "range": [
      1
    ],
    "results": [
      2893.8469167077433
    ],
    "stddev": [
      2.647474552174892
    ]
  },
  "sub_G2": {
    "range": [
      1
    ],
    "results": [
      2933.558235683649
    ],
    "stddev": [
      3.626360528578917
    ]
  },
  "double_G2": {
    "range": [
      1
    ],
    "results": [
      1250.9689216511638
    ],
    "stddev": [
      1.3212978964450477
    ]
  },
  "mul_G2": {
    "range": [
      1
    ],
    "results": [
      686315.1322966014
    ],
    "stddev": [
      1713.4728584333027
    ]
  },
  "add_ff": {
    "range": [
      1
    ],
    "results": [
      5.506978641486443
    ],
    "stddev": [
      0.003220014752477347
    ]
  },
  "sub_ff": {
    "range": [
      1
    ],
    "results": [
      5.573276526939074
    ],
    "stddev": [
      0.003094352841223409
    ]
  },
  "neg_ff": {
    "range": [
      1
    ],
    "results": [
      4.209124724324459
    ],
    "stddev": [
      0.003527385173898071
    ]
  },
  "double_ff": {
    "range": [
      1
    ],
    "results": [
      3.5893050675608844
    ],
    "stddev": [
      0.001662562809697425
    ]
  },
  "mul_ff": {
    "range": [
      1
    ],
    "results": [
      29.687877697061154
    ],
    "stddev": [
      0.033307489261373564
    ]
  },
  "square_ff": {
    "range": [
      1
    ],
    "results": [
      22.755216533914265
    ],
    "stddev": [
      0.02471968301466404
    ]
  },
  "inv_ff": {
    "range": [
      1
    ],
    "results": [
      4467.199033960122
    ],
    "stddev": [
      28.397980229239685
    ]
  },
  "ip_ff": {
    "range": [
      2
    ],
    "results": [
      58.2907237941399
    ],
    "stddev": [
      0.08860897783153841
    ]
  },
  "msm_G1": {
    "range": [
      2,
      4,
      8,
      16,
      32,
      64,
      128,
      256,
      512,
      1024,
      2048,
      4096,
      8192,
      16384,
      32768,
      65536,
      131072,
      262144,
      524288,
      1048576,
      2097152
    ],
    "results": [
      381999.0636104298,
      391758.9121380627,
      461956.9248714101,
      566829.7772484377,
      660217.7772126567,
      768974.136530776,
      988476.2464136836,
      1349647.2561123585,
      1637013.7644016775,
      2378179.5363636357,
      4207711.910833333,
      7767938.651428569,
      13716186.935,
      26606367.265,
      52343449.59,
      103967016.76,
      196752960.05,
      390370655.04,
      721085866.73,
      1347808462.29,
      2040487355.0
    ],
    "stddev": [
      2812.3901765838245,
      3390.3948508887324,
      4846.3130985464195,
      4356.558028452181,
      9181.753547769351,
      15714.664034004403,
      6731.118622617045,
      11384.9648392892,
      32547.420653087538,
      27054.672911985166,
      61034.965387170414,
      120895.6395541268,
      332838.471870222,
      624951.0627660035,
      634013.9550901871,
      151321.96860582536,
      1294530.8022313518,
      7151789.961266051,
      9126840.722327482,
      9595018.471864777,
      21218238.375186928
    ]
  },
  "msm_G2": {
    "range": [
      2,
      4,
      8,
      16,
      32,
      64,
      128,
      256,
      512,
      1024,
      2048,
      4096,
      8192,
      16384,
      32768,
      65536,
      131072,
      262144,
      524288,
      1048576,
      2097152
    ],
    "results": [
      777527.1352153709,
      814432.1749645692,
      933957.2374765144,
      1124068.079383206,
      1284426.3790330873,
      1639331.1373363095,
      2193398.949879063,
      3192090.608568692,
      3902018.2429447747,
      6041496.924397321,
      10925840.004122576,
      21147707.55031746,
      37322784.14333333,
      73892442.3367857,
      146283866.87150794,
      288744146.0,
      509727099.5,
      967612758.0,
      1892090967.5,
      3618722701.9,
      5211538167.8
    ],
    "stddev": [
      1698.1140127390568,
      2636.3956349472287,
      1768.2582841216201,
      3890.2516992655746,
      5096.519847520008,
      3799.4768419170064,
      6224.581147086271,
      16663.635812143624,
      20980.13486347076,
      36856.14034505113,
      68358.40073029842,
      508577.51966347365,
      293211.88997847674,
      985021.9566500074,
      63448.228040205366,
      5610936.337900587,
      6341778.924836741,
      6225323.507518143,
      21420189.23965991,
      20089293.66613241,
      10239362.745159661
    ]
  },
  "mul_Gt": {
    "range": [
      1
    ],
    "results": [
      746334.488850497
    ],
    "stddev": [
      19051.39406076617
    ]
  },
  "msm_Gt": {
    "range": [
      2,
      4,
      8,
      16,
      32,
      64,
      128,
      256,
      512,
      1024,
      2048,
      4096,
      8192,
      16384,
      32768,
      65536,
      131072,
      262144
    ],
    "results": [
      1650274.8815150228,
      2388844.9600834353,
      3001391.4889080906,
      4226088.183414502,
      6765047.426771542,
      12241146.944756944,
      21633904.779380955,
      42297051.198835984,
      83534770.99003968,
      166349881.91,
      347850239.7,
      697719994.9,
      1394768977.7,
      2787757136.6,
      5566836037.9,
      11123823612.5,
      22224956437.3,
      44432533438.5
    ],
    "stddev": [
      1089.7682908254405,
      818.8397386242603,
      2591.18243738143,
      3804.638760997529,
      35341.82134289137,
      18097.381251430867,
      15146.530253097739,
      63128.42512980994,
      26099.126871240944,
      120620.39701832677,
      520799.89822835027,
      249625.14882657558,
      334383.45337472967,
      511576.7660705869,
      341033.48498599074,
      2451427.737975862,
      1471902.2447597564,
      5888881.979747332
    ]
  },
  "pairing": {
    "range": [
      1
    ],
    "results": [
      1274850.455666336
    ],
    "stddev": [
      1600.5348020657261
    ]
  },
  "msm_ff": {
    "range": [
      1
    ],
    "results": [
      6281.261025512555
    ],
    "stddev": [
      3.296133010326502
    ]
  },
  "fft": {
    "range": [
      2,
      4,
      8,
      16,
      32,
      64,
      128,
      256,
      512,
      1024,
      2048,
      4096,
      8192,
      16384,
      32768,
      65536,
      131072,
      262144,
      524288,
      1048576,
      2097152
    ],
    "results": [
      109.80265601556853,
      20587.941068658536,
      74394.87877185628,
      173775.52266238615,
      312098.31688907987,
      402424.7583162016,
      371066.95101311954,
      418372.23110437597,
      584199.857827381,
      673612.6139750148,
      837841.8917252803,
      1124154.1382539682,
      1338180.3208671804,
      1665221.2984790767,
      2217605.439577042,
      3454168.187752793,
      5640786.42432773,
      9875357.889543649,
      18688670.858420633,
      49813869.529781744,
      111443773.95948413
    ],