{
  "msm_G1": {
    "range": [
      1982,
      2934,
      6185,
      15230,
      17982,
      42744
    ],
    "results": [
      15376106.56218254,
      21742951.21338095,
      40149498.43849206,
      80192096.71105158,
      101045180.35880952,
      216572721.63333336
    ],
    "stddev": [
      54979.761401868855,
      166259.46264183347,
      342517.1484268682,
      245001.02325673297,
      400428.3439941417,
      6652527.6945458
    ]
  },
  "msm_G2": {
    "range": [
      1982,
      3767,
      4163,
      11812,
      18340,
      60567
    ],
    "results": [
      45569029.54450397,
      78349299.59117064,
      85488805.04309523,
      192445365.43333334,
      306501062.35,
      831566644.5
    ],
    "stddev": [
      204991.30175321896,
      695750.3879603862,
      1463675.730112982,
      1404856.6948198911,
      1292290.537453905,
      11241586.841873875
    ]
  },
  "mul_Gt": {
    "range": [
      1
    ],
    "results": [
      940028.7663253158
    ],
    "stddev": [
      22853.069157389138
    ]
  },
  "msm_Gt": {
    "range": [
      2,
      4,
      8,
      16,
      32,
      64,
      128,
      256,
      512,
      1024
    ],
    "results": [
      1993476.6178916492,
      2854705.213411458,
      3641159.4734015875,
      5562973.808366014,
      8980666.041363638,
      16877921.51328704,
      32810885.652830683,
      64519932.84640874,
      128381439.74674602,
      268888640.4
    ],
    "stddev": [
      787.8212651030107,
      1567.342276810195,
      3721.2685123548226,
      336875.8202998194,
      14014.637902777904,
      15758.036457921688,
      35396.230445658635,
      54795.10411165021,
      94630.50909233003,
      160896.19742349413
    ]
  }
}