{
  "add_G1": {
    "range": [
      1
    ],
    "results": [
      1063.229483265991
    ]
  },
  "sub_G1": {
    "range": [
      1
    ],
    "results": [
      1078.7696366418297
    ]
  },
  "double_G1": {
    "range": [
      1
    ],
    "results": [
      514.3533928695042
    ]
  },
  "mul_G1": {
    "range": [
      1
    ],
    "results": [
      263744.0538161271
    ]
  },
  "add_G2": {
    "range": [
      1
    ],
    "results": [
      3490.1418076540435
    ]
  },
  "sub_G2": {
    "range": [
      1
    ],
    "results": [
      3515.9931478928147
    ]
  },
  "double_G2": {
    "range": [
      1
    ],
    "results": [
      1532.202593606384
    ]
  },
  "mul_G2": {
    "range": [
      1
    ],
    "results": [
      818855.4887635092
    ]
  },
  "add_ff": {
    "range": [
      1
    ],
    "results": [
      6.585764303542598
    ]
  },
  "sub_ff": {
    "range": [
      1
    ],
    "results": [
      6.497165128608825
    ]
  },
  "neg_ff": {
    "range": [
      1
    ],
    "results": [
      5.226752512926048
    ]
  },
  "double_ff": {
    "range": [
      1
    ],
    "results": [
      4.179970692324026
    ]
  },
  "mul_ff": {
    "range": [
      1
    ],
    "results": [
      36.64024272107115
    ]
  },
  "square_ff": {
    "range": [
      1
    ],
    "results": [
      33.023587204714076
    ]
  },
  "inv_ff": {
    "range": [
      1
    ],
    "results": [
      5562.1861697150425
    ]
  },
  "ip_ff": {
    "range": [
      2
    ],
    "results": [
      80.5031921132664
    ]
  },
  "msm_G1": {
    "range": [
      1982,
      2934,
      6185,
      15230,
      17982,
      42744,
      2,
      4,
      8,
      16,
      32,
      64,
      128,
      256,
      512,
      1024,
      2048,
      4096,
      8192,
      16384,
      32768,
      65536,
      131072,
      262144,
      524288,
      1048576,
      2097152
    ],
    "results": [
      15376106.56218254,
      21742951.21338095,
      40149498.43849206,
      80192096.71105158,
      101045180.35880952,
      216572721.63333336,
      391859.031383409,
      434256.70501482754,
      537794.99803682,
      689981.0838217662,
      974199.8012820848,
      1432694.7263791235,
      2035232.1355999995,
      3246041.576875,
      5070802.808,
      8310257.239999997,
      15887588.6825,
      28816118.865,
      51888201.24,
      86747784.22,
      172296277.31,
      315278664.16,
      582422703.88,
      1186829002.49,
      2442216945.89,
      4742061462.1,
      7530936069.8
    ]
  },
  "msm_G2": {
    "range": [
      1982,
      3767,
      4163,
      11812,
      18340,
      60567,
      2,
      4,
      8,
      16,
      32,
      64,
      128,
      256,
      512,
      1024,
      2048,
      4096,
      8192,
      16384,
      32768,
      65536,
      131072,
      262144,
      524288,
      1048576,
      2097152
    ],
    "results": [
      45569029.54450397,
      78349299.59117064,
      85488805.04309523,
      192445365.43333334,
      306501062.35,
      831566644.5,
      983978.2774364228,
      1130826.514463061,
      1379825.475880832,
      1782177.3269993893,
      2542841.601800044,
      3834677.453718585,
      5581311.809866947,
      9190834.362301588,
      14738097.42420635,
      24347303.3809127,
      46689554.592023805,
      83402348.23585317,
      150841680.71575397,
      255129989.5,
      497184116.7,
      890484683.9,
      1672185558.6,
      3384095763.3,
      6745831479.6,
      13173161788.5,
      20716853114.2
    ]
  },
  "mul_Gt": {
    "range": [
      1
    ],
    "results": [
      946598.1920430369
    ]
  },
  "msm_Gt": {
    "range": [
      2,
      4,
      8,
      16,
      32,
      64,
      128,
      256,
      512,
      1024,
      2048,
      4096,
      8192,
      16384,
      32768,
      65536,
      131072,
      262144
    ],
    "results": [
      2005343.5842675983,
      2871710.5677046133,
      3648857.7625063485,
      5621608.795198413,
      8975917.104195528,
      16909484.285548944,
      32756202.432222225,
      64616178.64045634,
      128497297.5840476,
      256097850.85,
      538107334.9,
      1073131120.8,
      2141443299.1,
      4277135599.1,
      8544504544.7,
      17089219063.2,
      34163836227.3,
      68322203315.1
    ]
  },
  "pairing": {
    "range": [
      1
    ],
    "results": [
      1569168.1573323752
    ]
  },
  "msm_ff": {
    "range": [
      1
    ],
    "results": [
      7921.495951210745
    ]
  },
  "fft": {
    "range": [
      2,
      4,
      8,
      16,
      32,
      64,
      128,
      256,
      512,
      1024,
      2048,
      4096,
      8192,
      16384,
      32768,
      65536,
      131072,
      262144,
      524288,
      1048576,
      2097152
    ],
    "results": [
      150.0507703173085,
      13933.97553039102,
      33777.02757661806,
      47743.06472978602,
      65415.09053306493,
      86118.30703774384,
      120933.73644888762,
      180792.3628223016,
      280854.29266679066,
      417116.04380715743,
      625887.7350519978,
      847392.365500441,
      1293506.352153628,
      2189358.4339673086,
      4092948.754506556,
      8083996.317519841,
      16082618.76916005,
      31569914.76794973,
      63781131.77694446,
      161806273.05265874,
      348553309.4
    ]
  }
}