{
  "add_G1": {
    "range": [
      1,
      1
    ],
    "results": [
      1013.0054638381833,
      358.7657424017309
    ],
    "stddev": [
      0.2897964271077009,
      0.11595406273019937
    ]
  },
  "sub_G1": {
    "range": [
      1,
      1
    ],
    "results": [
      1030.0360646631293,
      378.52553461693367
    ],
    "stddev": [
      0.31177566476042173,
      0.1488769800474059
    ]
  },
  "double_G1": {
    "range": [
      1,
      1
    ],
    "results": [
      477.6265972759058,
      281.43505968901474
    ],
    "stddev": [
      0.23765452146917493,
      0.13207262340047043
    ]
  },
  "mul_G1": {
    "range": [
      1,
      1
    ],
    "results": [
      161675.61102697154,
      117141.25661706936
    ],
    "stddev": [
      259.6469013718402,
      181.14904717443315
    ]
  },
  "add_G2": {
    "range": [
      1
    ],
    "results": [
      3580.654078914624
    ],
    "stddev": [
      1.34816319055315
    ]
  },
  "sub_G2": {
    "range": [
      1
    ],
    "results": [
      3618.8258157267105
    ],
    "stddev": [
      1.610786590677352
    ]
  },
  "double_G2": {
    "range": [
      1
    ],
    "results": [
      1479.9161123660056
    ],
    "stddev": [
      0.5521662042739919
    ]
  },
  "mul_G2": {
    "range": [
      1
    ],
    "results": [
      824883.8619595681
    ],
    "stddev": [
      2006.3491491985976
    ]
  },
  "add_ff": {
    "range": [
      1,
      1
    ],
    "results": [
      5.657591769428936,
      5.67303714318084
    ],
    "stddev": [
      0.006988923121261894,
      0.007049341886368252
    ]
  },
  "sub_ff": {
    "range": [
      1,
      1
    ],
    "results": [
      10.969462691297599,
      10.804399487203796
    ],
    "stddev": [
      0.011814901392011247,
      0.008281253399162115
    ]
  },
  "neg_ff": {
    "range": [
      1,
      1
    ],
    "results": [
      7.593589839366522,
      7.39708477367072
    ],
    "stddev": [
      0.016981157867048353,
      0.019724669448257036
    ]
  },
  "double_ff": {
    "range": [
      1,
      1
    ],
    "results": [
      4.320906526209535,
      4.283413852027746
    ],
    "stddev": [
      0.009320805313310542,
      0.0069699485535243055
    ]
  },
  "mul_ff": {
    "range": [
      1,
      1
    ],
    "results": [
      35.98932335805329,
      36.08414670321346
    ],
    "stddev": [
      0.01429186503243227,
      0.011985789852656338
    ]
  },
  "square_ff": {
    "range": [
      1,
      1
    ],
    "results": [
      33.35555968241623,
      31.032552504113614
    ],
    "stddev": [
      0.06932896386341574,
      0.014332907326735986
    ]
  },
  "inv_ff": {
    "range": [
      1,
      1
    ],
    "results": [
      5679.68886492495,
      5619.245400380751
    ],
    "stddev": [
      4.051052311766575,
      2.6298220255895646
    ]
  },
  "ip_ff": {
    "range": [
      2,
      2
    ],
    "results": [
      74.41170972855204,
      48.03944770863345
    ],
    "stddev": [
      0.05216638449139615,
      0.01429444865311015
    ]
  },
  "msm_G1": {
    "range": [
      2,
      4,
      8,
      16,
      32,
      64,
      128,
      256,
      512,
      1024,
      2048,
      4096,
      8192,
      16384,
      32768,
      65536,
      131072,
      262144,
      524288,
      1048576,
      2097152
    ],
    "results": [
      371567.4425042356,
      372185.7771815665,
      383205.4666626284,
      374920.87715919816,
      399527.62134413695,
      494260.08169635833,
      621848.540753924,
      946345.1221139807,
      1019230.9197166408,
      1514394.9527710536,
      2649291.600000001,
      4883643.102727273,
      8673760.084999997,
      16520993.3275,
      32332439.595,
      63069339.27,
      119537865.69,
      254801753.41,
      534767837.76,
      1022903972.98,
      2050082288.5
    ],
    "stddev": [
      9964.90075424915,
      13090.216709542176,
      10433.473744534323,
      11741.53166746169,
      15680.654451749833,
      6272.430218671217,
      34354.410708505195,
      6064.389834991723,
      29671.59332624337,
      20433.85360395832,
      12389.707632003965,
      35784.35715236998,
      14595.306658315789,
      38406.79676305183,
      60792.59289336551,
      505597.59346246603,
      114427.96246361245,
      151802.06672533118,
      892232.3437618826,
      1917301.312131575,
      4928801.70548078
    ]
  },
  "msm_G2": {
    "range": [
      2,
      4,
      8,
      16,
      32,
      64,
      128,
      256,
      512,
      1024,
      2048,
      4096,
      8192,
      16384,
      32768,
      65536,
      131072,
      262144,
      524288,
      1048576,
      2097152
    ],
    "results": [
      830862.4619335227,
      878805.6700484585,
      922426.2413604297,
      972561.0231007263,
      1013335.4649744267,
      1271530.9759623015,
      1629353.6241319443,
      2625744.2776043084,
      2859426.659175347,
      4380516.990445955,
      7508040.879053722,
      14277978.899325397,
      25443749.1175,
      49726230.66244047,
      98557468.74619047,
      196269357.49999997,
      373254887.15,
      759863739.1,
      1597195578.0,
      3052055628.9,
      5999484251.3
    ],
    "stddev": [
      13920.434081360945,
      5665.910752190773,
      4984.308312215123,
      4680.659278221462,
      9617.420652264243,
      2045.3903367540138,
      2706.0918301042025,
      3891.4824100652095,
      56414.577260198384,
      146718.34750506553,
      5657.272689400673,
      8575.805545178328,
      84574.80118505418,
      19349.39215914623,
      147816.39288967696,
      52316.378021134886,
      68782.32818284433,
      693213.1747000269,
      1503851.0308316445,
      2022367.6257138043,
      1333665.484433413
    ]
  },
  "mul_Gt": {
    "range": [
      1
    ],
    "results": [
      992055.7288009899
    ],
    "stddev": [
      23712.57760868585
    ]
  },
  "msm_Gt": {
    "range": [
      2,
      4,
      8,
      16,
      32,
      64,
      128,
      256,
      512,
      1024,
      2048,
      4096,
      8192,
      16384,
      32768,
      65536,
      131072,
      262144
    ],
    "results": [
      2042935.1466040567,
      2942570.9467895543,
      3637490.5278693535,
      5053031.718128307,
      7882835.982361111,
      13495472.226411562,
      24552264.717708334,
      48043843.193591274,
      94959948.2149603,
      189008244.70000002,
      389890399.9,
      779362809.8,
      1554744013.2,
      3104547484.2,
      6201099777.2,
      12382307633.5,
      24735862564.2,
      49445268057.9
    ],
    "stddev": [
      1906.4707882634161,
      2356.2966607249145,
      3992.4635259131364,
      5443.9808299084425,
      4388.706062085447,
      8960.09938626735,
      5364.358616118016,
      81328.89868270708,
      17830.63092993633,
      185835.74373638493,
      167821.6602146159,
      220605.97808164672,
      260232.36031008902,
      427446.62564905104,
      990328.2238684102,
      1260471.6249724347,
      5435560.855656458,
      5036588.07017305
    ]
  },
  "pairing": {
    "range": [
      1
    ],
    "results": [
      1594484.883531062
    ],
    "stddev": [
      1241.0490041562498
    ]
  },
  "msm_ff": {
    "range": [
      1
    ],
    "results": [
      8363.419341540668
    ],
    "stddev": [
      12.03231490848376
    ]
  },
  "fft": {
    "range": [
      2,
      4,
      8,
      16,
      32,
      64,
      128,
      256,
      512,
      1024,
      2048,
      4096,
      8192,
      16384,
      32768,
      65536,
      131072,
      262144,
      524288,
      1048576,
      2097152
    ],