{
  "add_G1": {
    "range": [
      1,
      1
    ],
    "results": [
      1090.2845221721652,
      368.7524264926492
    ],
    "stddev": [
      0.9140764561452028,
      0.21905094184140608
    ]
  },
  "sub_G1": {
    "range": [
      1,
      1
    ],
    "results": [
      1114.3043596388893,
      379.5865306727438
    ],
    "stddev": [
      0.6618913173093781,
      1.4890949120951371
    ]
  },
  "double_G1": {
    "range": [
      1,
      1
    ],
    "results": [
      533.0934924737059,
      290.43364398829766
    ],
    "stddev": [
      0.9122212852833809,
      0.5963603586370216
    ]
  },
  "mul_G1": {
    "range": [
      1,
      1
    ],
    "results": [
      172472.52521156665,
      120862.79141158186
    ],
    "stddev": [
      318.8305675130708,
      760.2194909370246
    ]
  },
  "add_G2": {
    "range": [
      1
    ],
    "results": [
      3474.992110878907
    ],
    "stddev": [
      16.828654861270753
    ]
  },
  "sub_G2": {
    "range": [
      1
    ],
    "results": [
      3520.0881167226344
    ],
    "stddev": [
      17.853146078212056
    ]
  },
  "double_G2": {
    "range": [
      1
    ],
    "results": [
      1549.8774063139263
    ],
    "stddev": [
      6.447069487916558
    ]
  },
  "mul_G2": {
    "range": [
      1
    ],
    "results": [
      820440.6245002748
    ],
    "stddev": [
      1998.6317743076245
    ]
  },
  "add_ff": {
    "range": [
      1,
      1
    ],
    "results": [
      9.204636631698186,
      8.98355443953934
    ],
    "stddev": [
      0.07215160507776357,
      0.05040157942385538
    ]
  },
  "sub_ff": {
    "range": [
      1,
      1
    ],
    "results": [
      11.89873962004159,
      12.233363676037898
    ],
    "stddev": [
      0.08215070506123376,
      0.05255652169932816
    ]
  },
  "neg_ff": {
    "range": [
      1,
      1
    ],
    "results": [
      4.905682527861558,
      4.906208831229394
    ],
    "stddev": [
      0.020051013905098204,
      0.040847010961790234
    ]
  },
  "double_ff": {
    "range": [
      1,
      1
    ],
    "results": [
      4.349852515225591,
      4.296664961557697
    ],
    "stddev": [
      0.016741215045759903,
      0.01991907416316263
    ]
  },
  "mul_ff": {
    "range": [
      1,
      1
    ],
    "results": [
      37.52430577100284,
      35.75010571525924
    ],
    "stddev": [
      0.0880714772844213,
      0.16584451128864194
    ]
  },
  "square_ff": {
    "range": [
      1,
      1
    ],
    "results": [
      33.728805119884406,
      31.33630597157698
    ],
    "stddev": [
      0.05516909479379648,
      0.11827340614406229
    ]
  },
  "inv_ff": {
    "range": [
      1,
      1
    ],
    "results": [
      5963.739350200627,
      5818.972837597055
    ],
    "stddev": [
      5.868456700307076,
      22.083508198837503
    ]
  },
  "ip_ff": {
    "range": [
      2,
      2
    ],
    "results": [
      81.4859915248235,
      51.28953156325013
    ],
    "stddev": [
      0.13496194544238727,
      0.2360730050207269
    ]
  },
  "msm_G1": {
    "range": [
      2,
      4,
      8,
      16,
      32,
      64,
      128,
      256,
      512,
      1024,
      2048,
      4096,
      8192,
      16384,
      32768,
      65536,
      131072,
      262144,
      524288,
      1048576,
      2097152
    ],
    "results": [
      366489.00309969037,
      421367.39898962574,
      500602.9860169166,
      636397.6092320161,
      905572.0167473342,
      1360359.3332794132,
      1951396.3938725463,
      3126828.921875,
      4919446.877272731,
      8062750.775714286,
      15505161.82,
      28208308.71,
      50661455.46,
      84266664.49,
      167635392.37,
      304301654.05,
      562145805.99,
      1148626859.96,
      2302238468.64,
      4477423357.62,
      7325433054.2
    ],
    "stddev": [
      6229.365144835742,
      5192.094452816619,
      5136.231948675869,
      4409.747400609925,
      8283.27332521836,
      7495.510835382863,
      9934.948250132038,
      11449.932067891328,
      37736.632469398646,
      66749.21694040496,
      57505.11702312978,
      787366.8361950775,
      2250474.0899158176,
      1099951.0219778195,
      192457.26732818663,
      10974865.19919715,
      16056610.45646558,
      10323704.26858285,
      21081649.745467346,
      38197322.94642241,
      48592013.850896694
    ]
  },
  "msm_G2": {
    "range": [
      2,
      4,
      8,
      16,
      32,
      64,
      128,
      256,
      512,
      1024,
      2048,
      4096,
      8192,
      16384,
      32768,
      65536,
      131072,
      262144,
      524288,
      1048576,
      2097152
    ],
    "results": [
      933405.5860430838,
      1108927.815906483,
      1334586.9751978377,
      1723458.444520066,
      2455422.350521094,
      3720665.7763142856,
      5435354.0119327735,
      8974815.542435065,
      14378623.204285715,
      23719014.766408734,
      45773085.7138492,
      82525737.13378969,
      149969220.19869047,
      250050441.86666664,
      491720337.85,
      867448942.7,
      1651124604.3,
      3296722308.2,
      6659219051.1,
      12901134124.6,
      20324237084.6
    ],
    "stddev": [
      15418.153832069067,
      10525.603259804528,
      8905.257656087266,
      5414.742432612153,
      13666.735634751025,
      6496.528306063374,
      29305.144762454296,
      10346.771363343689,
      54441.475615350435,
      107574.89512584495,
      162913.8593900864,
      1221631.161502162,
      4627512.348997771,
      2005056.2223353863,
      3291255.7192108915,
      6350291.339683889,
      15707068.051483855,
      13437503.024068525,
      37929145.13189061,
      73986285.98704779,
      51694627.14904295
    ]
  },
  "mul_Gt": {
    "range": [
      1
    ],
    "results": [
      930427.5315869007
    ],
    "stddev": [
      22375.67530591719
    ]
  },
  "msm_Gt": {
    "range": [
      2,
      4,
      8,
      16,
      32,
      64,
      128,
      256,
      512,
      1024,
      2048,
      4096,
      8192,
      16384,
      32768,
      65536,
      131072,
      262144
    ],
    "results": [
      1978625.7131426844,
      2832729.977570948,
      3626417.071662088,
      5261714.9912400795,
      8840131.047113998,
      16779993.358849205,
      32431275.24063492,
      64003453.283988096,
      127042341.72948413,
      253331372.55,
      531403976.3,
      1059401716.2,
      2112303090.6,
      4215201150.4,
      8420601184.4,
      16819594100.6,
      33613298250.0,
      67207506040.7
    ],
    "stddev": [
      900.7175853769523,
      1791.0953640729456,
      4024.0133772562726,
      311597.0563920464,
      13564.489669937564,
      30540.27284895659,
      37037.59580518061,
      52185.6225689309,
      274453.61402088194,
      97073.5328463557,
      503020.7724349065,
      557640.8730876531,
      865756.3564004829,
      1932400.6732927412,
      6383288.742497259,
      6085896.668002377,
      11085793.968275309,
      42383964.28129301
    ]
  },
  "pairing": {
    "range": [
      1
    ],
    "results": [
      1542824.3381436642
    ],
    "stddev": [
      1034.5800096877902
    ]
  },
  "msm_ff": {
    "range": [
      1
    ],
    "results": [
      7808.124334003621
    ],
    "stddev": [
      5.0184539673653035
    ]
  },
  "fft": {
    "range": [
      2,
      4,
      8,
      16,
      32,
      64,
      128,
      256,
      512,
      1024,
      2048,
      4096,
      8192,
      16384,
      32768,
      65536,
      131072,
      262144,
      524288,
      1048576,
      2097152
    ],