{
  "add_G1": {
    "range": [
      1,
      1
    ],
    "results": [
      761.4107730917493,
      248.38485694290853
    ],
    "stddev": [
      1.5706686122205245,
      0.25815427956807036
    ]
  },
  "sub_G1": {
    "range": [
      1,
      1
    ],
    "results": [
      798.220495057521,
      254.57462508259118
    ],
    "stddev": [
      1.1506930057810285,
      0.24399354024146358
    ]
  },
  "double_G1": {
    "range": [
      1,
      1
    ],
    "results": [
      346.50914955613183,
      192.28791028426895
    ],
    "stddev": [
      0.3067139147074068,
      0.2562074024547933
    ]
  },
  "mul_G1": {
    "range": [
      1,
      1
    ],
    "results": [
      124207.96736730136,
      85160.79535453163
    ],
    "stddev": [
      228.49230785915188,
      194.37381845951586
    ]
  },
  "add_G2": {
    "range": [
      1
    ],
    "results": [
      2578.8705007398235
    ],
    "stddev": [
      7.971048290450467
    ]
  },
  "sub_G2": {
    "range": [
      1
    ],
    "results": [
      2622.1145596160286
    ],
    "stddev": [
      4.517066614024328
    ]
  },
  "double_G2": {
    "range": [
      1
    ],
    "results": [
      1029.9644422924016
    ],
    "stddev": [
      1.0707014231757952
    ]
  },
  "mul_G2": {
    "range": [
      1
    ],
    "results": [
      615631.877454749
    ],
    "stddev": [
      1800.651021359156
    ]
  },
  "add_ff": {
    "range": [
      1,
      1
    ],
    "results": [
      4.063927533323711,
      4.051815892490562
    ],
    "stddev": [
      0.004136104777824253,
      0.002882024589584039
    ]
  },
  "sub_ff": {
    "range": [
      1,
      1
    ],
    "results": [
      4.105324564402178,
      4.102135758171715
    ],
    "stddev": [
      0.002859640924079817,
      0.003960619701929531
    ]
  },
  "neg_ff": {
    "range": [
      1,
      1
    ],
    "results": [
      3.6380696473886394,
      3.6335871842577308
    ],
    "stddev": [
      0.0073565394299837895,
      0.011309692759091848
    ]
  },
  "double_ff": {
    "range": [
      1,
      1
    ],
    "results": [
      3.4460270212451296,
      3.430858203534196
    ],
    "stddev": [
      0.0015840742143775873,
      0.001714684753585432
    ]
  },
  "mul_ff": {
    "range": [
      1,
      1
    ],
    "results": [
      26.990117793291393,
      26.668110541414244
    ],
    "stddev": [
      0.10942801199814098,
      0.10840983222939941
    ]
  },
  "square_ff": {
    "range": [
      1,
      1
    ],
    "results": [
      24.235403435065738,
      25.65873383015021
    ],
    "stddev": [
      0.05973623265694741,
      0.6409708679757851
    ]
  },
  "inv_ff": {
    "range": [
      1,
      1
    ],
    "results": [
      4345.305345768511,
      4284.306786949469
    ],
    "stddev": [
      6.168134701494911,
      18.402285990870265
    ]
  },
  "ip_ff": {
    "range": [
      2,
      2
    ],
    "results": [
      54.83992608643086,
      36.93203062470841
    ],
    "stddev": [
      0.131075421950502,
      0.1384889093790032
    ]
  },
  "msm_G1": {
    "range": [
      2,
      4,
      8,
      16,
      32,
      64,
      128,
      256,
      512,
      1024,
      2048,
      4096,
      8192,
      16384,
      32768,
      65536,
      131072,
      262144,
      524288,
      1048576,
      2097152
    ],
    "results": [
      282531.7719372457,
      289381.5674181339,
      315215.0837362063,
      382631.15707789635,
      392083.2685128872,
      503670.93953093,
      625972.8659605663,
      953194.8166975954,
      1162037.982495207,
      1831655.8751142067,
      3046979.4888235293,
      5326262.793999997,
      9154674.978333335,
      16043080.619999997,
      27985225.785,
      46013528.92,
      86815466.49,
      199511058.38,
      394151223.43,
      744122657.18,
      1510821928.1
    ],
    "stddev": [
      13264.931504296443,
      14562.876267534226,
      17071.9709541729,
      33946.741032067046,
      32829.43366224834,
      27485.781269520692,
      26292.370692993532,
      29071.691500704335,
      88211.47759985257,
      102506.4900532734,
      47099.494333003364,
      99890.02414158366,
      219201.10287802265,
      623658.8941317914,
      598869.6497154211,
      229232.2154401375,
      211278.83797538717,
      667388.9966100696,
      1417900.39265974,
      1733762.0437327744,
      1736065.9577941415
    ]
  },
  "msm_G2": {
    "range": [
      2,
      4,
      8,
      16,
      32,
      64,
      128,
      256,
      512,
      1024,
      2048,
      4096,
      8192,
      16384,
      32768,
      65536,
      131072,
      262144,
      524288,
      1048576,
      2097152
    ],
    "results": [
      643086.6983026961,
      671748.3033928571,
      720515.7953422619,
      816716.1698248248,
      857175.6125235157,
      1077455.0744402427,
      1394586.513633089,
      2144590.6012024735,
      2386232.9453456555,
      3820145.458086971,
      6486016.833072563,
      12132908.996567462,
      21040053.363785714,
      39839413.322314814,
      75289643.52265874,
      143947361.49789682,
      271467409.6,
      551683209.6,
      1159432247.2,
      2209026701.8,
      4430544051.2
    ],
    "stddev": [
      11309.593371049465,
      7206.805062819938,
      15056.403518082861,
      14029.887661286526,
      19338.424125518974,
      25484.316414615016,
      27186.80860363309,
      23738.06009079471,
      58213.44914595838,
      95662.89868470449,
      51771.62089801971,
      296365.108395743,
      187361.17209193026,
      583344.2504856824,
      797063.7573988071,
      1966429.6542454578,
      314489.0030446852,
      1440513.147486631,
      5232579.051917531,
      9042430.461739453,
      6892441.45218637
    ]
  },
  "mul_Gt": {
    "range": [
      1
    ],
    "results": [
      590998.3627513228
    ],
    "stddev": [
      14449.36679133469
    ]
  },
  "msm_Gt": {
    "range": [
      2,
      4,
      8,
      16,
      32,
      64,
      128,
      256,
      512,
      1024,
      2048,
      4096,
      8192,
      16384,
      32768,
      65536,
      131072,
      262144
    ],
    "results": [
      1260678.1063742116,
      1884969.2008404762,
      2497304.8083183183,
      3754482.0702380957,
      5973174.357313989,
      10331085.366424162,
      19588348.662634917,
      36924324.25556879,
      71548077.58208333,
      139384798.51186508,
      299938432.8,
      594421383.2,
      1181456067.3,
      2351592809.8,
      4692642987.8,
      9367642027.9,
      18709119383.3,
      37412597905.1
    ],
    "stddev": [
      3751.4377647430783,
      31051.658870032905,
      34229.10231207715,
      23247.22499747857,
      6472.985419475843,
      38482.46337494362,
      39670.70044219041,
      84337.52605585242,
      268287.28027954197,
      568062.0657012336,
      233564.90835206816,
      295523.7399238173,
      688058.6247163899,
      1586127.2360540815,
      2487805.252658769,
      3068583.6151142907,
      2154099.6892516394,
      24491049.700169303
    ]
  },
  "pairing": {
    "range": [
      1
    ],
    "results": [
      967844.1196086627
    ],
    "stddev": [
      2014.7954706292926
    ]
  },
  "msm_ff": {
    "range": [
      1
    ],
    "results": [
      5265.177778030153
    ],
    "stddev": [
      6.792591919832979
    ]
  },
  "fft": {
    "range": [
      2,
      4,
      8,
      16,
      32,
      64,
      128,
      256,
      512,
      1024,
      2048,
      4096,
      8192,
      16384,
      32768,
      65536,
      131072,
      262144,
      524288,
      1048576,
      2097152
    ],