{
  "msm_G1": {
    "range": [
      2,
      4,
      8,
      16,
      32,
      64,
      128,
      256,
      512,
      1024,
      2048,
      4096,
      8192,
      16384,
      32768,
      65536,
      131072,
      262144,
      524288,
      1048576,
      2097152
    ],
    "results": [
      831462.5855757609,
      857219.6108784616,
      904741.6136123611,
      968682.1760759394,
      1005736.3208663188,
      1250065.2110990905,
      1594444.6410773706,
      2506757.629,
      2684629.19368421,
      4215366.435833334,
      7088024.2225,
      13354089.3325,
      23716303.693333343,
      46334572.91,
      91318591.61,
      180095504.27,
      342872564.59,
      701104644.25,
      1474188987.15,
      2804062280.95,
      5507765528.5
    ]
  },
  "msm_G2": {
    "range": [
      2,
      4,
      8,
      16,
      32,
      64,
      128,
      256,
      512,
      1024,
      2048,
      4096,
      8192,
      16384,
      32768,
      65536,
      131072,
      262144,
      524288,
      1048576,
      2097152
    ],
    "results": [
      2074337.9731809166,
      2153857.2466878924,
      2272845.2141811843,
      2460004.701081081,
      2625279.0413968256,
      3232894.9363355227,
      4194276.2144336225,
      6776680.891289683,
      7398621.095079365,
      11436516.870842153,
      19830972.253349207,
      37089059.69306878,
      66001051.78406747,
      130149126.09313492,
      258366846.8,
      515046381.2,
      975538917.9,
      1969544052.7,
      4120704261.8,
      7836973982.8,
      15386798610.3
    ]
  },
  "mul_Gt": {
    "range": [
      1
    ],
    "results": [
      2358725.567128612
    ]
  },
  "msm_Gt": {
    "range": [
      2,
      4,
      8,
      16,
      32,
      64,
      128,
      256,
      512,
      1024,
      2048,
      4096,
      8192,
      16384,
      32768,
      65536,
      131072,
      262144
    ],
    "results": [
      5030980.672972014,
      7351293.487167278,
      9271765.124734126,
      13074048.264744896,
      20596881.511619043,
      35614048.01458995,
      65722178.12952381,
      128546574.4152778,
      254717156.85,
      506960560.4,
      1027894421.1,
      2053070612.3,
      4103096948.6,
      8200702416.5,
      16388175885.2,
      32761298561.3,
      65493461235.8,
      130953579166.3
    ]
  },
  "pairing": {
    "range": [
      1
    ],
    "results": [
      3874989.102640542
    ]
  },
  "msm_ff": {
    "range": [
      1
    ],
    "results": [
      22146.994668587507
    ]
  },
  "fft": {
    "range": [
      2,
      4,
      8,
      16,
      32,
      64,
      128,
      256,
      512,
      1024,
      2048,
      4096,
      8192,
      16384,
      32768,
      65536,
      131072,
      262144,
      524288,
      1048576,
      2097152
    ],
    "results": [
      275.94005733519117,
      21871.420637809766,
      68430.34723024823,
      125150.82677586246,
      166725.1225558495,
      178499.05852062843,
      166805.2769691785,
      273256.92273868754,
      392688.04377984826,
      519126.31605623587,
      741482.3000809781,
      982602.3652188939,
      1358176.4379187396,
      1827296.2182666664,
      2708862.685870682,
      4316808.0148148155,
      7482167.767738095,
      13709203.663911566,
      26744609.92381944,
      64053025.27634921,
      139912587.03333333
    ]
  }
}