{
  "add_G1": {
    "range": [
      1
    ],
    "results": [
      1063.229483265991
    ],
    "stddev": [
      0.9056624478291528
    ]
  },
  "sub_G1": {
    "range": [
      1
    ],
    "results": [
      1078.7696366418297
    ],
    "stddev": [
      6.023150888000333
    ]
  },
  "double_G1": {
    "range": [
      1
    ],
    "results": [
      514.3533928695042
    ],
    "stddev": [
      2.1456381003918907
    ]
  },
  "mul_G1": {
    "range": [
      1
    ],
    "results": [
      263744.0538161271
    ],
    "stddev": [
      1458.1607486513603
    ]
  },
  "add_G2": {
    "range": [
      1
    ],
    "results": [
      3490.1418076540435
    ],
    "stddev": [
      17.87142018190189
    ]
  },
  "sub_G2": {
    "range": [
      1
    ],
    "results": [
      3515.9931478928147
    ],
    "stddev": [
      16.55692844241467
    ]
  },
  "double_G2": {
    "range": [
      1
    ],
    "results": [
      1532.202593606384
    ],
    "stddev": [
      0.9578144802512706
    ]
  },
  "mul_G2": {
    "range": [
      1
    ],
    "results": [
      818855.4887635092
    ],
    "stddev": [
      1852.7339885548856
    ]
  },
  "add_ff": {
    "range": [
      1
    ],
    "results": [
      6.585764303542598
    ],
    "stddev": [
      0.007764345832790445
    ]
  },
  "sub_ff": {
    "range": [
      1
    ],
    "results": [
      6.497165128608825
    ],
    "stddev": [
      0.025493751191628708
    ]
  },
  "neg_ff": {
    "range": [
      1
    ],
    "results": [
      5.226752512926048
    ],
    "stddev": [
      0.017379567159285774
    ]
  },
  "double_ff": {
    "range": [
      1
    ],
    "results": [
      4.179970692324026
    ],
    "stddev": [
      0.021053576786463957
    ]
  },
  "mul_ff": {
    "range": [
      1
    ],
    "results": [
      36.64024272107115
    ],
    "stddev": [
      0.19092775055427785
    ]
  },
  "square_ff": {
    "range": [
      1
    ],
    "results": [
      33.023587204714076
    ],
    "stddev": [
      0.10034147074419855
    ]
  },
  "inv_ff": {
    "range": [
      1
    ],
    "results": [
      5562.1861697150425
    ],
    "stddev": [
      16.716713815500974
    ]
  },
  "ip_ff": {
    "range": [
      2
    ],
    "results": [
      80.5031921132664
    ],
    "stddev": [
      0.07884529945602012
    ]
  },
  "msm_G1": {
    "range": [
      2,
      4,
      8,
      16,
      32,
      64,
      128,
      256,
      512,
      1024,
      2048,
      4096,
      8192,
      16384,
      32768,
      65536,
      131072,
      262144,
      524288,
      1048576,
      2097152
    ],
    "results": [
      391859.031383409,
      434256.70501482754,
      537794.99803682,
      689981.0838217662,
      974199.8012820848,
      1432694.7263791235,
      2035232.1355999995,
      3246041.576875,
      5070802.808,
      8310257.239999997,
      15887588.6825,
      28816118.865,
      51888201.24,
      86747784.22,
      172296277.31,
      315278664.16,
      582422703.88,
      1186829002.49,
      2442216945.89,
      4742061462.1,
      7530936069.8
    ],
    "stddev": [
      5578.992186496308,
      5066.868559177023,
      7914.091688313039,
      10414.82339817499,
      8442.73190354695,
      22691.685751993828,
      11334.93256685705,
      18422.967934745913,
      49206.68184589704,
      97922.49573350308,
      99132.96692944692,
      861185.1341241753,
      2234505.800826882,
      1006595.7045853774,
      539389.9140658396,
      12053544.477979599,
      15125251.685356319,
      13713209.505220285,
      21613770.18561407,
      38009887.498832926,
      71878357.12457256
    ]
  },
  "msm_G2": {
    "range": [
      2,
      4,
      8,
      16,
      32,
      64,
      128,
      256,
      512,
      1024,
      2048,
      4096,
      8192,
      16384,
      32768,
      65536,
      131072,
      262144,
      524288,
      1048576,
      2097152
    ],
    "results": [
      983978.2774364228,
      1130826.514463061,
      1379825.475880832,
      1782177.3269993893,
      2542841.601800044,
      3834677.453718585,
      5581311.809866947,
      9190834.362301588,
      14738097.42420635,
      24347303.3809127,
      46689554.592023805,
      83402348.23585317,
      150841680.71575397,
      255129989.5,
      497184116.7,
      890484683.9,
      1672185558.6,
      3384095763.3,
      6745831479.6,
      13173161788.5,
      20716853114.2
    ],
    "stddev": [
      1057.1022935089725,
      1510.6017183550232,
      1912.693782054167,
      3623.812534813603,
      4106.8799639207355,
      18030.26224314615,
      21377.250725633694,
      16190.357670320995,
      90246.95716318194,
      209773.20349647323,
      312569.0944585271,
      939585.3143633889,
      1374042.37829869,
      760805.5787323724,
      4087103.866538769,
      15914470.702929065,
      12409285.038214236,
      12542021.795581885,
      41339500.34401213,
      87691767.2908353,
      50162701.89014247
    ]
  },
  "mul_Gt": {
    "range": [
      1
    ],
    "results": [
      946598.1920430369
    ],
    "stddev": [
      22931.464525418607
    ]
  },
  "msm_Gt": {
    "range": [
      2,
      4,
      8,
      16,
      32,
      64,
      128,
      256,
      512,
      1024,
      2048,
      4096,
      8192,
      16384,
      32768,
      65536,
      131072,
      262144
    ],
    "results": [
      2005343.5842675983,
      2871710.5677046133,
      3648857.7625063485,
      5621608.795198413,
      8975917.104195528,
      16909484.285548944,
      32756202.432222225,
      64616178.64045634,
      128497297.5840476,
      256097850.85,
      538107334.9,
      1073131120.8,
      2141443299.1,
      4277135599.1,
      8544504544.7,
      17089219063.2,
      34163836227.3,
      68322203315.1
    ],
    "stddev": [
      399.0639194148364,
      379.45041323190395,
      10762.17604740357,
      381067.89356428635,
      23709.252546915195,
      10914.087990076683,
      55176.13415089928,
      52000.174871727686,
      155449.85975438356,
      111923.72877143837,
      247633.01195496938,
      538231.1353299435,
      1576486.140377292,
      981643.5061252583,
      1698298.9199043289,
      4232353.150872356,
      19217672.74887523,
      37154284.01003011
    ]
  },
  "pairing": {
    "range": [
      1
    ],
    "results": [
      1569168.1573323752
    ],
    "stddev": [
      1128.002388565771
    ]
  },
  "msm_ff": {
    "range": [
      1
    ],
    "results": [
      7921.495951210745
    ],
    "stddev": [
      12.95532922352116
    ]
  },
  "fft": {
    "range": [
      2,
      4,
      8,
      16,
      32,
      64,
      128,
      256,
      512,
      1024,
      2048,
      4096,
      8192,
      16384,
      32768,
      65536,
      131072,
      262144,
      524288,
      1048576,
      2097152
    ],
    "results": [
      150.0507703173085,
      13933.97553039102,
      33777.02757661806,
      47743.06472978602,
      65415.09053306493,
      86118.30703774384,
      120933.73644888762,
      180792.3628223016,
      280854.29266679066,
      417116.04380715743,
      625887.7350519978,
      847392.365500441,
      1293506.352153628,
      2189358.4339673086,
      4092948.754506556,
      8083996.317519841,
      16082618.76916005,
      31569914.76794973,
      63781131.77694446,
      161806273.05265874,
      348553309.4
    ],
    "stddev": [
      0.8313778174675513,
      337.6782656171847,
      656.4100817153121,
      1321.6442747996955,
      1370.0895565499918,
      1200.1155473334125,
      1388.8928443080165,
      2300.4278106636925,
      5421.456026568578,
      3005.939244383293,
      2439.5081920721136,
      1295.2039290568848,
      5664.998475296168,
      6563.858736047313,
      10472.195084359497,
      24141.686221419557,
      55262.128863504164,
      89915.04285991864,
      101009.77463670727,
      395458.5852614793,
      714246.6460568366
    ]
  }
}