{
  "add_G1": {
    "range": [
      1,
      1
    ],
    "results": [
      948.4548805341706,
      318.2072817465092
    ],
    "stddev": [
      0.7885625425243887,
      0.16272592151586837
    ]
  },
  "sub_G1": {
    "range": [
      1,
      1
    ],
    "results": [
      970.031203493417,
      326.53845498029847
    ],
    "stddev": [
      0.49499236075041597,
      0.3249206054193515
    ]
  },
  "double_G1": {
    "range": [
      1,
      1
    ],
    "results": [
      468.81547498797727,
      251.96825973932496
    ],
    "stddev": [
      0.2922315775930599,
      0.4884675448128442
    ]
  },
  "mul_G1": {
    "range": [
      1,
      1
    ],
    "results": [
      148550.3176610676,
      103896.9355397819
    ],
    "stddev": [
      286.42807212261556,
      127.973046678997
    ]
  },
  "add_G2": {
    "range": [
      1
    ],
    "results": [
      3001.1862229026024
    ],
    "stddev": [
      27.204217086912582
    ]
  },
  "sub_G2": {
    "range": [
      1
    ],
    "results": [
      3035.083328972096
    ],
    "stddev": [
      1.3063823370120005
    ]
  },
  "double_G2": {
    "range": [
      1
    ],
    "results": [
      1339.4649268005035
    ],
    "stddev": [
      8.621511446799685
    ]
  },
  "mul_G2": {
    "range": [
      1
    ],
    "results": [
      706249.8509204474
    ],
    "stddev": [
      1687.8356915929444
    ]
  },
  "add_ff": {
    "range": [
      1,
      1
    ],
    "results": [
      7.917472070224973,
      7.457849559757278
    ],
    "stddev": [
      0.06913564115172398,
      0.04768192849480918
    ]
  },
  "sub_ff": {
    "range": [
      1,
      1
    ],
    "results": [
      7.749971362483217,
      7.959970148046948
    ],
    "stddev": [
      0.06245097825893874,
      0.06457796915551092
    ]
  },
  "neg_ff": {
    "range": [
      1,
      1
    ],
    "results": [
      4.283774707634764,
      4.22667011065508
    ],
    "stddev": [
      0.002504960063663555,
      0.003819627564008993
    ]
  },
  "double_ff": {
    "range": [
      1,
      1
    ],
    "results": [
      4.520461697314811,
      4.325387951251308
    ],
    "stddev": [
      0.007437125329145471,
      0.0037721892925392997
    ]
  },
  "mul_ff": {
    "range": [
      1,
      1
    ],
    "results": [
      31.469755207251907,
      30.786015832240032
    ],
    "stddev": [
      0.03786094634084174,
      0.0321723863009098
    ]
  },
  "square_ff": {
    "range": [
      1,
      1
    ],
    "results": [
      29.113217827156454,
      27.00984328975936
    ],
    "stddev": [
      0.022866491149455003,
      0.012659404885069479
    ]
  },
  "inv_ff": {
    "range": [
      1,
      1
    ],
    "results": [
      5072.790993659544,
      5016.6127741240525
    ],
    "stddev": [
      6.222993051542475,
      4.63184609451339
    ]
  },
  "ip_ff": {
    "range": [
      2,
      2
    ],
    "results": [
      70.24452481310634,
      44.11476413978182
    ],
    "stddev": [
      0.1464088274201678,
      0.025274473538532034
    ]
  },
  "msm_G1": {
    "range": [
      2,
      4,
      8,
      16,
      32,
      64,
      128,
      256,
      512,
      1024,
      2048,
      4096,
      8192,
      16384,
      32768,
      65536,
      131072,
      262144,
      524288,
      1048576,
      2097152
    ],
    "results": [
      681417.5582645462,
      720244.6680393452,
      767096.9758520371,
      813629.4067103595,
      852894.9476785845,
      984679.2327843332,
      1147835.8239772655,
      1360359.8250288826,
      1939985.463515934,
      2974084.4135294114,
      4771096.381818183,
      8314742.142857144,
      14194649.68,
      26418434.835,
      50466949.975,
      97591287.62,
      153198332.68,
      304717261.04,
      563065128.8,
      1062038105.53,
      2162009970.1
    ],
    "stddev": [
      16653.824502996416,
      15198.961280750735,
      10196.158707414752,
      19379.25087744866,
      31816.721452125348,
      32282.00451049899,
      59699.692725755034,
      55915.66786125185,
      48356.33362189431,
      29802.03918064795,
      63089.5842574144,
      109132.74802394911,
      501218.9534318087,
      2134236.9920291104,
      5342654.555028204,
      15173060.567594754,
      38247384.55498371,
      39500215.715623125,
      31983742.97003122,
      44285534.378328174,
      42193177.51634923
    ]
  },
  "msm_G2": {
    "range": [
      2,
      4,
      8,
      16,
      32,
      64,
      128,
      256,
      512,
      1024,
      2048,
      4096,
      8192,
      16384,
      32768,
      65536,
      131072,
      262144,
      524288,
      1048576,
      2097152
    ],
    "results": [
      1206381.5137828947,
      1230167.7177027029,
      1263790.3078761688,
      1314056.9332925007,
      1478892.4145193293,
      1728495.8236036238,
      1999620.5177251555,
      2710229.1041024746,
      4250308.639687951,
      6585993.733971087,
      11673027.760515872,
      21607836.33104762,
      37649997.056230165,
      68481995.25767858,
      121290219.54440477,
      225061911.0,
      337349279.35,
      702089480.6,
      1435924001.8,
      2739678621.5,
      5468752636.4
    ],
    "stddev": [
      8772.628587214313,
      7427.685081511851,
      10456.97393541938,
      2974.935876314633,
      15396.695140586107,
      9586.787139842165,
      14657.485222835527,
      9662.15043121525,
      16402.769887579332,
      13509.42912828893,
      34091.22737671102,
      222681.62582820427,
      677371.7209070091,
      3618863.4190711607,
      14967045.372846957,
      33667996.59453409,
      17491694.738008186,
      52443276.996002465,
      26025966.87210103,
      27472615.428469468,
      75227971.42514151
    ]
  },
  "mul_Gt": {
    "range": [
      1
    ],
    "results": [
      797209.6675479643
    ],
    "stddev": [
      19278.45434970745
    ]
  },
  "msm_Gt": {
    "range": [
      2,
      4,
      8,
      16,
      32,
      64,
      128,
      256,
      512,
      1024,
      2048,
      4096,
      8192,
      16384,
      32768,
      65536,
      131072,
      262144
    ],
    "results": [
      1701974.012181805,
      2437154.010016708,
      3127551.2399060847,
      4365115.279486017,
      6814103.974129818,
      12020896.077068452,
      22529101.68902381,
      41927673.963108465,
      82561010.0332738,
      162352884.81789684,
      343666121.25,
      687104911.3,
      1377201827.0,
      2745341030.5,
      5483349749.4,
      10955758038.3,
      21921885320.7,
      43756172539.6
    ],
    "stddev": [
      736.4412493271676,
      1292.010802695712,
      3488.7202946015964,
      2025.5542137361797,
      6419.622681801885,
      52598.35835846873,
      23612.474758050354,
      49889.1256482667,
      75525.18460580676,
      123674.3569725908,
      178361.3413159155,
      287275.8602813853,
      412687.3251562253,
      1975951.4442215553,
      1867528.5685679456,
      3912242.287295383,
      15983879.039013697,
      17164297.55792076
    ]
  },
  "pairing": {
    "range": [
      1
    ],
    "results": [
      1325915.2468984358
    ],
    "stddev": [
      937.8057743533335
    ]
  },
  "msm_ff": {
    "range": [
      1
    ],
    "results": [
      6992.437624494242
    ],
    "stddev": [
      9.990557977800158
    ]
  },
  "fft": {
    "range": [
      2,
      4,
      8,
      16,
      32,
      64,
      128,
      256,
      512,
      1024,
      2048,
      4096,
      8192,
      16384,
      32768,
      65536,
      131072,
      262144,
      524288,
      1048576,
      2097152
    ],