{"add_G1": {"range": [1], "results": [3723.0233484966675]}, "sub_G1": {"range": [1], "results": [3743.6364875487275]}, "double_G1": {"range": [1], "results": [1698.069602383976]}, "mul_G1": {"range": [1], "results": [888161.7796520031]}, "add_G2": {"range": [1], "results": [11599.700746534709]}, "sub_G2": {"range": [1], "results": [11693.755260012256]}, "double_G2": {"range": [1], "results": [4880.499067878886]}, "mul_G2": {"range": [1], "results": [2683823.433684211]}, "add_ff": {"range": [1], "results": [23.30091912980052]}, "sub_ff": {"range": [1], "results": [21.551594661274194]}, "neg_ff": {"range": [1], "results": [17.730915684158525]}, "double_ff": {"range": [1], "results": [16.35302833129665]}, "mul_ff": {"range": [1], "results": [111.74849630347437]}, "square_ff": {"range": [1], "results": [90.74400031464498]}, "inv_ff": {"range": [1], "results": [10228.890579301713]}, "ip_ff": {"range": [2], "results": [266.7989468316592]}, "msm_G1": {"range": [2, 4, 8, 16, 32, 64, 128, 256, 512, 1024, 2048, 4096, 8192, 16384, 32768, 65536, 131072, 262144, 524288, 1048576, 2097152], "results": [483661.6150177968, 584213.108132058, 629583.656247251, 729789.8270137357, 937709.198577317, 1286673.4843577663, 1759973.476769957, 2642202.2778947367, 3964140.5807692287, 6542155.3475, 12553816.945, 24567500.87666667, 44693596.525, 69257282.07, 136409722.09, 275122924.63, 524293569.88, 1072439743.86, 2204795287.48, 4293713095.49, 6127091113.2]}, "msm_G2": {"range": [2, 4, 8, 16, 32, 64, 128, 256, 512, 1024, 2048, 4096, 8192, 16384, 32768, 65536, 131072, 262144, 524288, 1048576, 2097152], "results": [3113444.006161376, 3440183.8934362144, 3943042.3449933864, 4662840.303115079, 6067237.250265378, 8732546.151626984, 12278080.91312996, 19214186.25810317, 29527359.9208631, 48260181.42428571, 94119295.98091272, 186361660.50000003, 336348882.05, 509414885.7, 1014417807.0, 2026313696.2, 3842821728.3, 7692671379.5, 15245675350.0, 29870976573.5, 40549454587.7]}, "msm_Gt": {"range": [2, 4, 8, 16, 32, 64, 128, 256, 512, 1024, 2048, 4096, 8192, 16384, 32768, 65536, 131072, 262144], "results": [6882077.652185375, 10021450.598861111, 12711336.844776785, 17931097.315396827, 28670912.796289682, 55206974.44500001, 104677019.55039683, 204402615.03333336, 406256062.1, 807349821.5, 1613346711.1, 3252104201.6, 6537609222.6, 13096119895.2, 26218412899.6, 52521655244.7, 104947958391.7, 209848421252.5]}, "pairing": {"range": [1], "results": [5339620.856335979]}}