{"add_G1": {"range": [1], "results": [960.8118255383009]}, "sub_G1": {"range": [1], "results": [985.4099694945643]}, "double_G1": {"range": [1], "results": [461.2638421407678]}, "mul_G1": {"range": [1], "results": [237420.12088286187]}, "add_G2": {"range": [1], "results": [3188.157144102372]}, "sub_G2": {"range": [1], "results": [3215.9811805062636]}, "double_G2": {"range": [1], "results": [1388.042055016782]}, "mul_G2": {"range": [1], "results": [742481.6891133838]}, "add_ff": {"range": [1], "results": [5.935593319489853]}, "sub_ff": {"range": [1], "results": [5.8762559570844335]}, "neg_ff": {"range": [1], "results": [4.731474010079684]}, "double_ff": {"range": [1], "results": [3.8147271985386033]}, "mul_ff": {"range": [1], "results": [33.771380407106214]}, "square_ff": {"range": [1], "results": [30.5686331443121]}, "inv_ff": {"range": [1], "results": [4834.86533136189]}, "ip_ff": {"range": [2], "results": [72.47778355636643]}, "msm_G1": {"range": [2, 4, 8, 16, 32, 64, 128, 256, 512, 1024, 2048, 4096, 8192, 16384, 32768, 65536, 131072, 262144, 524288, 1048576, 2097152], "results": [384222.67159230163, 397479.8305331811, 428082.564003765, 519800.2888857158, 612113.5424553555, 773530.0975736931, 964132.1242182894, 1274975.5936664261, 1668756.9455505884, 2529198.005999999, 4586764.019999999, 8552701.468333336, 15233489.9425, 29687798.26, 58330742.07, 114423976.9, 212453920.84, 425555815.95, 664178126.58, 1227078378.39, 2398905620.0]}, "msm_G2": {"range": [2, 4, 8, 16, 32, 64, 128, 256, 512, 1024, 2048, 4096, 8192, 16384, 32768, 65536, 131072, 262144, 524288, 1048576, 2097152], "results": [838779.2015652556, 874397.88881105, 940552.7587514321, 1128223.4970659416, 1280904.4702090323, 1669804.6922525256, 2159610.2870801035, 3036630.292284392, 4055605.3194772257, 6336566.776880952, 11851134.111527778, 22746321.638700403, 40733250.56177248, 80349339.53208332, 159359460.46305555, 304786743.2, 542443753.1, 1044483537.4, 1555434972.7, 2945982713.8, 5792583658.4]}, "mul_Gt": {"range": [1], "results": [859258.0340594867]}, "msm_Gt": {"range": [2, 4, 8, 16, 32, 64, 128, 256, 512, 1024, 2048, 4096, 8192, 16384, 32768, 65536, 131072, 262144], "results": [1820208.1283666666, 2598799.254666667, 3479277.6663418585, 4813121.415503343, 8004043.234573414, 13294114.393537413, 23297828.87642857, 45330375.88183863, 89361266.37400796, 177342138.0422222, 375430143.2, 750715865.7, 1497528276.0, 2995372052.3, 5989524959.3, 11966851955.1, 23897614883.9, 47738691794.3]}, "pairing": {"range": [1], "results": [1423687.0060577875]}}