{"add_G1": {"range": [1], "results": [986.8643635565916]}, "sub_G1": {"range": [1], "results": [1010.3582210658907]}, "double_G1": {"range": [1], "results": [491.1843552034099]}, "mul_G1": {"range": [1], "results": [247925.41086046406]}, "add_G2": {"range": [1], "results": [3286.781688762654]}, "sub_G2": {"range": [1], "results": [3316.6503643620567]}, "double_G2": {"range": [1], "results": [1469.4168951420465]}, "mul_G2": {"range": [1], "results": [779339.3203099523]}, "add_ff": {"range": [1], "results": [12.907842685592655]}, "sub_ff": {"range": [1], "results": [8.853353084858702]}, "neg_ff": {"range": [1], "results": [5.580560871866621]}, "double_ff": {"range": [1], "results": [4.736941593190144]}, "mul_ff": {"range": [1], "results": [33.88031963667996]}, "square_ff": {"range": [1], "results": [30.07854102604284]}, "inv_ff": {"range": [1], "results": [5731.092169615585]}, "ip_ff": {"range": [2], "results": [72.39933986602485]}, "msm_G1": {"range": [2, 4, 8, 16, 32, 64, 128, 256, 512, 1024, 2048, 4096, 8192, 16384, 32768, 65536, 131072, 262144, 524288, 1048576, 2097152], "results": [383544.3843416207, 398080.424277212, 426922.36036213906, 518595.37802323856, 609783.8788770883, 766254.5015682111, 962523.2851298045, 1275337.7077595992, 1664040.269564732, 2523253.9980000006, 4581811.831818184, 8533083.261666669, 15223237.7975, 29598061.815, 58222222.15, 114470408.74, 211268709.85, 422364627.24, 663589843.53, 1228719643.16, 2396216877.2]}, "msm_G2": {"range": [2, 4, 8, 16, 32, 64, 128, 256, 512, 1024, 2048, 4096, 8192, 16384, 32768, 65536, 131072, 262144, 524288, 1048576, 2097152], "results": [845388.8950407847, 872906.7723473748, 938241.1784838814, 1120838.58537233, 1283366.2439351853, 1665681.593859307, 2153097.053797241, 3035609.8119153446, 4056436.251454451, 6336207.733206349, 11849026.965158729, 22749242.854603175, 40751939.066402115, 80574575.25347222, 160062686.68376985, 307737659.05, 544528921.9, 1034424492.9, 1569895514.6, 2944055220.5, 5781764778.4]}, "mul_Gt": {"range": [1], "results": [861414.166278742]}, "msm_Gt": {"range": [2, 4, 8, 16, 32, 64, 128, 256, 512, 1024, 2048, 4096, 8192, 16384, 32768, 65536, 131072, 262144], "results": [1822152.2986714288, 2601771.443447846, 3516047.139522283, 4810170.692230577, 7632418.449507276, 13314693.299625847, 23377220.292222224, 45445050.282010585, 89654697.62394841, 177807303.76682538, 376319466.2, 752335770.8, 1499820436.7, 2994243375.6, 5981618435.4, 11938980517.6, 23858891283.6, 47741348990.6]}, "pairing": {"range": [1], "results": [1423058.7672123015]}}