{"add_G1": {"range": [1], "results": [1102.2383374581104]}, "sub_G1": {"range": [1], "results": [1127.7305801221842]}, "double_G1": {"range": [1], "results": [548.0536493213641]}, "mul_G1": {"range": [1], "results": [276826.92685573077]}, "add_G2": {"range": [1], "results": [3669.039204235711]}, "sub_G2": {"range": [1], "results": [3698.6305387310044]}, "double_G2": {"range": [1], "results": [1636.6415733638098]}, "mul_G2": {"range": [1], "results": [863555.830646526]}, "add_ff": {"range": [1], "results": [14.369451444732288]}, "sub_ff": {"range": [1], "results": [10.18163728254362]}, "neg_ff": {"range": [1], "results": [6.221369044946593]}, "double_ff": {"range": [1], "results": [5.239406786636422]}, "mul_ff": {"range": [1], "results": [37.662039818394895]}, "square_ff": {"range": [1], "results": [33.643541652724615]}, "inv_ff": {"range": [1], "results": [6511.320210941255]}, "ip_ff": {"range": [2], "results": [79.93955299560514]}, "msm_G1": {"range": [2, 4, 8, 16, 32, 64, 128, 256, 512, 1024, 2048, 4096, 8192, 16384, 32768, 65536, 131072, 262144, 524288, 1048576, 2097152], "results": [367860.4280680038, 422328.3735350129, 545905.8771752719, 687362.361063887, 950415.7208217557, 1404264.594214692, 1998355.6520000002, 3216046.04875, 4979686.792727274, 8205425.428571429, 16056596.2475, 29301172.455, 52775192.24, 87023654.85, 174105570.17, 312019632.81, 585540146.3, 1199772643.86, 2476243725.38, 4805008202.25, 7656561881.8]}, "msm_G2": {"range": [2, 4, 8, 16, 32, 64, 128, 256, 512, 1024, 2048, 4096, 8192, 16384, 32768, 65536, 131072, 262144, 524288, 1048576, 2097152], "results": [966728.1352600472, 1137565.083328373, 1380707.006111111, 1795858.3220860567, 2547618.784965829, 3844213.0295833326, 5590303.018653128, 9239057.634436509, 14528057.19456916, 24063727.812678568, 47390627.4609127, 86274533.80470237, 156758355.91142857, 257647581.95, 502571752.3, 897684623.7, 1679192620.4, 3441917357.9, 6894980948.8, 13381350710.5, 20876499353.8]}, "msm_Gt": {"range": [2, 4, 8, 16, 32, 64, 128, 256, 512, 1024, 2048, 4096, 8192, 16384, 32768, 65536, 131072, 262144], "results": [2021749.8195255734, 2889710.152212302, 3686035.874620635, 5308521.844823633, 9031236.43267316, 17029760.830456346, 33034083.498915352, 64977099.28793651, 129054091.02452381, 256228754.35, 534641529.4, 1067483565.0, 2123056779.6, 4241852266.8, 8498737679.6, 17004861749.1, 34020433462.8, 67995522920.5]}, "pairing": {"range": [1], "results": [1582020.0951867816]}}