{"mul_ff": {"range": [1], "results": [31]}, "mul_ec": {"range": [1], "results": [224202]}, "add_ff": {"range": [1], "results": [4]}, "add_ec": {"range": [1], "results": [905]}, "msm_G1": {"range": [2, 4, 8, 16, 32, 64, 128, 256, 512, 1024, 2048, 4096, 8192, 16384, 32768, 65536, 131072, 262144, 524288, 1048576, 2097152, 4194304, 8388608, 16777216, 33554432, 67108864], "results": [382279.59774926683, 398793.8567863838, 425934.7026892031, 519489.75442397385, 610982.475723609, 765601.0572652776, 964783.5343837679, 1274531.3877880974, 1665710.8385854112, 2505253.7555, 4559652.534545455, 8525822.746666664, 15110391.7975, 29537878.935, 57997209.72, 114105403.1, 210886932.89, 420915385.03, 647213238.84, 1211488989.24, 2369453579.5, 4725833327.9, 9280271980.1, 18737132838.6, 37269031146.2, 74511354884.2]}, "msm_G2": {"range": [2, 4, 8, 16, 32, 64, 128, 256, 512, 1024, 2048, 4096, 8192, 16384, 32768, 65536, 131072, 262144, 524288, 1048576, 2097152, 4194304, 8388608, 16777216, 33554432, 67108864], "results": [851114.5227489329, 872665.4850061092, 940567.2055473864, 1119228.6270025782, 1286920.3992558168, 1684986.4366063627, 2156870.2424999997, 3019155.0988235297, 4035350.2807692285, 6310385.56, 11821760.92, 22686510.27333333, 40678203.42, 80184727.52, 159656253.99, 305323158.9, 538404665.8, 1031740288.36, 1546625873.3, 2928942332.21, 5743584761.6, 11681374879.7, 22710810427.2, 44999009572.6, 89758942364.0, 178253301139.0]}, "invert": {"range": [1], "results": [2171]}, "pairing": {"range": [1], "results": [1416388]}, "pairing_product": {"range": [16, 32, 64, 128, 256, 512, 1024], "results": [4778542.290909091, 7449278.531428571, 13284388.805, 23299779.046666667, 45299802.735, 89532137.27, 177717477.18]}}