{"mul_ff": {"range": [1], "results": [33]}, "mul_ec": {"range": [1], "results": [264822]}, "add_ff": {"range": [1], "results": [4]}, "add_ec": {"range": [1], "results": [1079]}, "msm_G1": {"range": [2, 4, 8, 16, 32, 64, 128, 256, 512, 1024, 2048, 4096, 8192, 16384, 32768, 65536, 131072, 262144, 524288, 1048576, 2097152], "results": [478493.85037076386, 574079.0528815065, 741588.6447094711, 1008628.2033946663, 1584759.7526983258, 2502124.736, 3738880.838571428, 6276846.145, 10563175.490000002, 17560417.32, 32044594.6, 56964939.05, 105252654.37, 188976678.21, 359589145.35, 635392751.4, 1204895673.15, 2353365111.77, 4456390913.5, 8662176849.98, 15627823286.4]}, "msm_G2": {"range": [2, 4, 8, 16, 32, 64, 128, 256, 512, 1024, 2048, 4096, 8192, 16384, 32768, 65536, 131072, 262144, 524288, 1048576, 2097152], "results": [1263723.674360697, 1593834.3083300302, 2085531.5916666668, 2908042.3394444464, 4642901.292727273, 7421607.942857142, 11159074.654, 18906311.91, 32196669.08, 53434523.37, 97987058.83, 176796961.78, 323514643.7, 575775652.11, 1075575819.49, 1932826003.79, 3671758507.65, 7028577315.26, 13318381108.38, 25878534418.34, 46083240088.9]}, "invert": {"range": [1], "results": [2625]}, "pairing": {"range": [1], "results": [1661366]}, "pairing_product": {"range": [16, 32, 64, 128, 256, 512, 1024], "results": [6824251.34625, 12433003.184, 23739569.20999999, 46270357.315, 91373950.75, 181380495.71, 360639338.44]}}