{"add_ff": {"range": [1], "results": [16.130129752485942]}, "mul_ff": {"range": [1], "results": [98.09759557201166]}, "invert": {"range": [1], "results": [26874.824609603]}, "msm_G1": {"range": [2, 4, 8, 16, 32, 64, 128, 256, 512, 1024, 2048, 4096, 8192, 16384, 32768, 65536, 131072, 262144, 524288, 1048576, 2097152], "results": [570671.5158432862, 1226377.807618282, 1647712.6501832171, 720357.8941586235, 1411856.7391308383, 1837403.9875504842, 2567323.300500001, 4033581.9869230767, 6665321.88875, 10803130.383999996, 17721864.92666669, 31816247.01, 52030285.36, 90515726.23, 163972347.41, 297582864.83, 552354717.98, 1014179250.97, 1918564960.08, 3704146138.75, 6929897793.2]}}