{"add_ff": {"range": [1], "results": [5.094478097354287]}, "mul_ff": {"range": [1], "results": [25.751352866946622]}, "invert": {"range": [1], "results": [10429.684054845093]}, "add_G1": {"range": [1], "results": [505.73493354453944]}, "mul_G1": {"range": [1], "results": [191582.67294549872]}, "msm_G1": {"range": [2, 4, 8, 16, 32, 64, 128, 256, 512, 1024, 2048, 4096, 8192, 16384, 32768, 65536, 131072, 262144, 524288, 1048576, 2097152], "results": [197852.46789803245, 412532.9073809638, 558413.2008459104, 810459.0510368088, 1303685.6408293138, 944512.1081168164, 990601.4223879647, 1754926.4183791734, 2269511.8278260855, 3251825.81, 5401333.952, 7174855.851428572, 10891950.394, 17465723.99666666, 30013336.49, 52279547.13, 93974837.82, 172598096.29, 312274188.95, 570770419.97, 1093679215.3]}}