{"add_ff": {"range": [1], "results": [5.5365486451917825]}, "mul_ff": {"range": [1], "results": [28.878688588161598]}, "invert": {"range": [1], "results": [11605.514958523589]}, "add_G1": {"range": [1], "results": [561.8554282330946]}, "mul_G1": {"range": [1], "results": [213322.9038369254]}, "msm_G1": {"range": [2, 4, 8, 16, 32, 64, 128, 256, 512, 1024, 2048, 4096, 8192, 16384, 32768, 65536, 131072, 262144, 524288, 1048576, 2097152], "results": [219629.471618368, 457705.6749889967, 620971.3067605911, 507308.63483962737, 962814.6884575821, 1253287.903953403, 1753147.3906687594, 2759921.892631578, 4461582.974166669, 7059381.3225, 11930377.208000002, 20538101.929999996, 36001846.25, 62811363.65, 112628802.15, 203105285.65, 378336308.69, 690144375.75, 1299985621.91, 2507152472.73, 4704971902.6]}}