{
  "add_ff": {
    "range": [
      1
    ],
    "results": [
      29.03382001555725
    ],
    "stddev": [
      2.3479102158468472
    ]
  },
  "mul_ff": {
    "range": [
      1
    ],
    "results": [
      80.16401855674431
    ],
    "stddev": [
      1.0897229078244737
    ]
  },
  "add_G1": {
    "range": [
      1
    ],
    "results": [
      960.1399624742606
    ],
    "stddev": [
      10.826296987150583
    ]
  },
  "add_G2": {
    "range": [
      1
    ],
    "results": [
      3158.725583141892
    ],
    "stddev": [
      13.53281241919379
    ]
  },
  "mul_G1": {
    "range": [
      1
    ],
    "results": [
      298042.2131472162
    ],
    "stddev": [
      4759.970759399313
    ]
  },
  "mul_G2": {
    "range": [
      1
    ],
    "results": [
      1006923.6316578219
    ],
    "stddev": [
      12814.752685139572
    ]
  },
  "msm_G1": {
    "range": [
      2,
      4,
      8,
      16,
      32,
      64,
      128,
      256,
      512,
      1024,
      2048,
      4096,
      8192,
      16384,
      32768,
      65536,
      131072,
      262144,
      524288,
      1048576,
      2097152
    ],
    "results": [
      1805301.1269768751,
      1905556.221632536,
      1998004.9880000008,
      2126317.9874999993,
      2376257.5536363623,
      2788369.877777777,
      3677090.8057142864,
      5067829.153,
      10450053.855999999,
      14335265.735,
      21937664.18823016,
      37113961.183121696,
      70284277.58599207,
      155462740.0615079,
      249133582.56666666,
      688472357.3,
      800531842.1,
      1485176931.9,
      2775780733.2,
      5219976518.7,
      10147469702.0
    ],
    "stddev": [
      14524.583870703282,
      22672.491749629615,
      13323.3793867562,
      13640.151467497257,
      19948.229850828964,
      16046.351658191135,
      26568.902168954548,
      38280.121051949325,
      82584.0478347197,
      110541.43481006804,
      104947.57436896751,
      113568.5704002502,
      411362.5203839373,
      521198.8034936705,
      1175033.9148226962,
      3414456.6498625535,
      954535.9903702375,
      6038309.862135752,
      7100184.872495472,
      8983065.831649661,
      7404375.863259131
    ]
  },
  "msm_G2": {
    "range": [
      2,
      4,
      8,
      16,
      32,
      64,
      128,
      256,
      512,
      1024,
      2048,
      4096,
      8192,
      16384,
      32768,
      65536,
      131072,
      262144,
      524288,
      1048576,
      2097152
    ],
    "results": [
      4416558.822261905,
      4691097.733585318,
      4945164.122437345,
      5354318.53861993,
      6077475.106425926,
      7466444.737808302,
      10180267.347733688,
      14964835.609359413,
      31608287.676851857,
      44790190.89894181,
      77518622.96718255,
      124794167.51579365,
      215898515.93333334,
      423014181.85,
      771455485.6,
      1440447930.0,
      2657664186.0,
      4953003950.1,
      9315556404.5,
      18055847736.0,
      34279420778.3
    ],
    "stddev": [
      18780.95613148929,
      28668.452731386784,
      15600.81167243826,
      17069.328473321573,
      19307.31688993119,
      41908.93980273894,
      102170.02461838243,
      78994.6170492022,
      123765.37761625952,
      197976.98065398933,
      161135.00314376678,
      1125575.2277968144,
      2026046.0257853402,
      2906276.3401727397,
      745351.9251590084,
      1420031.3360135402,
      12054421.713231523,
      10363195.060513081,
      7965587.075586874,
      11838686.232413163,
      21747589.262790248
    ]
  },
  "pairing": {
    "range": [
      1
    ],
    "results": [
      4881239.162633667
    ],
    "stddev": [
      2536.7417692988565
    ]
  },
  "fft": {
    "range": [
      2,
      4,
      8,
      16,
      32,
      64,
      128,
      256,
      512,
      1024,
      2048,
      4096,
      8192,
      16384,
      32768,
      65536,
      131072,
      262144,
      524288,
      1048576,
      2097152
    ],
    "results": [
      402.8722419174293,
      558.4310875398107,
      850.90112650419,
      2013.3821558284794,
      5550.826567949687,
      11934.657029960603,
      30974.3576947611,
      91210.569243918,
      235368.04191963008,
      563662.2010136194,
      1267312.7969284612,
      1533586.0506765873,
      2345338.402681115,
      4206245.497799423,
      8213796.829050926,
      16910576.06098545,
      34883575.36480159,
      73804566.19005953,
      162679441.10988095,
      357389269.85,
      770883727.3
    ],
    "stddev": [
      2.192410522571263,
      5.109778857577726,
      7.453779628983145,
      15.597500809593171,
      13.790826403981272,
      27.730418684532825,
      247.02418711915234,
      310.1533009260598,
      537.9726422364781,
      783.4226181392208,
      1755.4171012126715,
      3569.6510337086556,
      13513.29675521552,
      47638.17987075228,
      98676.57705580539,
      216026.0741999287,
      287060.9964984517,
      712297.3760356773,
      3076229.181647304,
      1869245.648301462,
      1988311.7095595475
    ]
  }
}