{
  "add_ff": {
    "range": [
      1
    ],
    "results": [
      23.09574665974096
    ],
    "stddev": [
      3.222435919800063
    ]
  },
  "mul_ff": {
    "range": [
      1
    ],
    "results": [
      64.54420140514179
    ],
    "stddev": [
      0.797906635969957
    ]
  },
  "add_G1": {
    "range": [
      1
    ],
    "results": [
      780.2989264256504
    ],
    "stddev": [
      12.77416654961134
    ]
  },
  "add_G2": {
    "range": [
      1
    ],
    "results": [
      2584.706163654393
    ],
    "stddev": [
      13.23750224692618
    ]
  },
  "mul_G1": {
    "range": [
      1
    ],
    "results": [
      216433.15902064048
    ],
    "stddev": [
      8041.272519802743
    ]
  },
  "mul_G2": {
    "range": [
      1
    ],
    "results": [
      830907.7551555932
    ],
    "stddev": [
      10659.37264828374
    ]
  },
  "msm_G1": {
    "range": [
      2,
      4,
      8,
      16,
      32,
      64,
      128,
      256,
      512,
      1024,
      2048,
      4096,
      8192,
      16384,
      32768,
      65536,
      131072,
      262144,
      524288,
      1048576,
      2097152
    ],
    "results": [
      1762534.7872406906,
      1803426.0250976712,
      1833756.811421029,
      1888217.1338884777,
      1990647.6288461534,
      2171899.176521738,
      2574435.9825,
      3373406.684666666,
      5055103.306,
      7260996.924285714,
      8802506.766082253,
      13556188.974909296,
      20890343.974301588,
      35576749.71285714,
      65034620.69880952,
      118585053.2427381,
      222303275.8,
      416215375.2,
      723546971.0,
      1340904408.1,
      2501239729.5
    ],
    "stddev": [
      15388.881758090385,
      23283.437945323203,
      23675.174410883483,
      17832.338314638793,
      15088.293559981217,
      15909.487739753118,
      20784.600229624783,
      37945.47555958429,
      124307.25709989574,
      137953.22917296554,
      23945.895992025202,
      103891.89125589238,
      79536.93912122806,
      334686.40240807284,
      2050622.7977781165,
      5219066.267698296,
      6753212.116146446,
      8801143.057965042,
      931292.7521926712,
      8598034.585909706,
      10162446.355992166
    ]
  },
  "msm_G2": {
    "range": [
      2,
      4,
      8,
      16,
      32,
      64,
      128,
      256,
      512,
      1024,
      2048,
      4096,
      8192,
      16384,
      32768,
      65536,
      131072,
      262144,
      524288,
      1048576,
      2097152
    ],
    "results": [
      2724589.694004435,
      2838073.2543477183,
      2949408.8865079368,
      3130726.6851322753,
      3486937.5363374487,
      4143337.1166594513,
      5309794.274153439,
      7892684.146359126,
      13622539.939472789,
      20109811.173547618,
      24909166.381755956,
      40451977.1598545,
      65289084.26523809,
      118013070.82702382,
      219337662.6666667,
      371198136.3,
      671589520.2,
      1232429033.9,
      2308676334.3,
      4263154746.0,
      7768366347.6
    ],
    "stddev": [
      8372.84315615685,
      4865.459720661704,
      6561.386148913501,
      9544.83344326868,
      14562.3269035746,
      12999.882255653889,
      12165.640046551509,
      37186.68181941928,
      54931.674732521155,
      130916.59051577142,
      75900.87954459371,
      373519.1214664115,
      609920.8408451994,
      3261469.7078164937,
      5765628.725771304,
      1836950.3028274772,
      3433230.773795662,
      681133.9606862147,
      8228359.390295431,
      2866639.830367254,
      8504769.826815657
    ]
  },
  "pairing": {
    "range": [
      1
    ],
    "results": [
      4118813.492691512
    ],
    "stddev": [
      6617.166892985256
    ]
  },
  "fft": {
    "range": [
      2,
      4,
      8,
      16,
      32,
      64,
      128,
      256,
      512,
      1024,
      2048,
      4096,
      8192,
      16384,
      32768,
      65536,
      131072,
      262144,
      524288,
      1048576,
      2097152
    ],
    "results": [
      287.0251013395354,
      412.6957986984783,
      682.2971370160276,
      1606.6632635918384,
      4702.829068011834,
      9878.762013070525,
      23642.955970994393,
      56071.05595600627,
      179026.19526862024,
      462734.0540746112,
      1072680.1303389356,
      1567236.08822572,
      1788788.823726268,
      2247252.5451838947,
      3329209.6423285147,
      5439984.880107376,
      9594786.734174604,
      18709886.15592857,
      40439719.81030424,
      102690909.05988094,
      216478814.2666667
    ],
    "stddev": [
      2.7606782792510143,
      4.58694662898532,
      7.70771599572478,
      11.807209520190964,
      12.352044078424468,
      26.856764831057795,
      54.97907196517525,
      76.6622097687582,
      630.4465641182193,
      1283.3022527054795,
      1323.6550193345245,
      14705.446397477011,
      5852.769688346426,
      8305.976581888164,
      7383.7987155188675,
      17804.215086995762,
      39865.68412491606,
      333827.51585955574,
      1128816.3896346078,
      4252134.274172509,
      4500135.448617677
    ]
  }
}