{
  "add_ff": {
    "range": [
      1
    ],
    "results": [
      33.22997057538607
    ],
    "stddev": [
      0.0726515001071785
    ]
  },
  "mul_ff": {
    "range": [
      1
    ],
    "results": [
      144.37851043848144
    ],
    "stddev": [
      0.32187918844743335
    ]
  },
  "add_G1": {
    "range": [
      1
    ],
    "results": [
      1660.1096269214781
    ],
    "stddev": [
      6.710817655072122
    ]
  },
  "add_G2": {
    "range": [
      1
    ],
    "results": [
      5574.540134764091
    ],
    "stddev": [
      9.819768450183316
    ]
  },
  "mul_G1": {
    "range": [
      1
    ],
    "results": [
      430636.07131233043
    ],
    "stddev": [
      4850.127098425074
    ]
  },
  "mul_G2": {
    "range": [
      1
    ],
    "results": [
      1535725.1191431924
    ],
    "stddev": [
      18235.17274841441
    ]
  },
  "msm_G1": {
    "range": [
      2,
      4,
      8,
      16,
      32,
      64,
      128,
      256,
      512,
      1024,
      2048,
      4096,
      8192,
      16384,
      32768,
      65536,
      131072,
      262144,
      524288,
      1048576,
      2097152
    ],
    "results": [
      3198244.5875,
      3299663.42,
      3364307.5766666667,
      3412582.053333333,
      3526111.860666668,
      3658326.670714287,
      5043583.586999998,
      6572372.17375,
      6758113.15,
      10730373.136000002,
      13036167.095821993,
      15754752.014530424,
      23328711.586398806,
      40096754.10425925,
      137169476.4280159,
      177406909.91511905,
      322306734.5,
      477974093.45,
      1088133671.3,
      2042523764.6,
      3022613079.6
    ],
    "stddev": [
      38247.57365924402,
      31875.055112158334,
      67816.02383115682,
      21424.39105723299,
      36325.35693754078,
      24912.838331007748,
      99680.69900485715,
      24310.054175927493,
      51267.64737961578,
      234327.80776186314,
      44382.09650192598,
      95986.79823847112,
      324832.70237895666,
      942262.5058638979,
      1139212.163975101,
      2520932.9972509975,
      5576632.767662332,
      14335462.642755255,
      3033762.635549329,
      6422211.130379633,
      10261773.447486008
    ]
  },
  "msm_G2": {
    "range": [
      2,
      4,
      8,
      16,
      32,
      64,
      128,
      256,
      512,
      1024,
      2048,
      4096,
      8192,
      16384,
      32768,
      65536,
      131072,
      262144,
      524288,
      1048576,
      2097152
    ],
    "results": [
      7300582.995268621,
      7582935.677073412,
      7755833.794844577,
      7973818.396924603,
      8219719.570988755,
      8818367.668481242,
      17001758.02798281,
      16637381.676011905,
      18699119.71856349,
      30952163.37330688,
      81461666.5882738,
      77850826.82075396,
      69722182.25089285,
      149080062.62666667,
      202954850.73333335,
      562759000.5,
      646564093.9,
      2047633962.1,
      2489752688.2,
      4592447828.1,
      8624356737.9
    ],
    "stddev": [
      15314.641276196771,
      84861.27041414741,
      14876.957443377838,
      36251.34878087361,
      17391.699708066,
      32917.024732923324,
      22417.432372499174,
      41652.72413443117,
      57031.18067073539,
      99881.81863390726,
      306060.1128696395,
      4007875.44720241,
      679805.36594878,
      2159441.1840840634,
      8928977.290576907,
      9650007.120548826,
      529147.1892177922,
      7088041.050092804,
      5189941.209770797,
      9240336.364602009,
      16614722.287005784
    ]
  },
  "pairing": {
    "range": [
      1
    ],
    "results": [
      6238798.554960316
    ],
    "stddev": [
      6016.239075413993
    ]
  },
  "fft": {
    "range": [
      2,
      4,
      8,
      16,
      32,
      64,
      128,
      256,
      512,
      1024,
      2048,
      4096,
      8192,
      16384,
      32768,
      65536,
      131072,
      262144,
      524288,
      1048576,
      2097152
    ],
    "results": [
      481.4770153235745,
      668.3129116176751,
      1099.5599907209023,
      2848.676159462759,
      7892.162749846646,
      20459.619045405572,
      50997.48950317195,
      130937.17937737696,
      330707.697687917,
      776509.0418687786,
      1770299.0970779913,
      1695926.0320884772,
      1975511.727961837,
      2542076.0748324515,
      3711624.927811111,
      6104953.111701058,
      11159069.02276896,
      21925606.618579365,
      45543585.787711635,
      100387623.76103173,
      209590827.8
    ],
    "stddev": [
      2.0233063438198484,
      3.0211574974119055,
      3.4508271883764765,
      7.436840737300369,
      19.673937457873457,
      71.58820455639035,
      213.51304543985847,
      508.70960350775647,
      970.0119669008977,
      739.7459575550881,
      1180.8723670184124,
      12717.84652933059,
      8179.793915633068,
      26026.54704306007,
      9865.105942986072,
      38045.51212327597,
      81783.81343913444,
      296112.23597304506,
      1524291.3207341793,
      2032647.2092497232,
      6052918.503810551
    ]
  }
}