{
  "add_ff": {
    "range": [
      1
    ],
    "results": [
      14.84268742525024
    ],
    "stddev": [
      0.14759928409378373
    ]
  },
  "mul_ff": {
    "range": [
      1
    ],
    "results": [
      23.533656343361848
    ],
    "stddev": [
      0.16934618086178124
    ]
  },
  "add_G1": {
    "range": [
      1
    ],
    "results": [
      287.27888696311345
    ],
    "stddev": [
      2.252499292384726
    ]
  },
  "add_G2": {
    "range": [
      1
    ],
    "results": [
      1057.3707189408804
    ],
    "stddev": [
      16.6350247314191
    ]
  },
  "mul_G1": {
    "range": [
      1
    ],
    "results": [
      73789.10393890667
    ],
    "stddev": [
      848.3477788084409
    ]
  },
  "mul_G2": {
    "range": [
      1
    ],
    "results": [
      247785.0076548107
    ],
    "stddev": [
      3683.2457535115423
    ]
  }
}