{
  "mul_ff": {
    "range": [
      1
    ],
    "results": [
      159.69943488142317
    ]
  },
  "mul_G1": {
    "range": [
      1
    ],
    "results": [
      58527.414233241834
    ]
  },
  "add_ff": {
    "range": [
      1
    ],
    "results": [
      126.21129041344024
    ]
  },
  "msm_G1": {
    "range": [
      2,
      4,
      8,
      16,
      32,
      64,
      128,
      256,
      512,
      1024,
      2048,
      4096,
      8192,
      16384,
      32768,
      65536,
      131072,
      262144,
      524288,
      1048576,
      2097152
    ],
    "results": [
      84267.9709303805,
      126566.94731803812,
      210319.93094075687,
      376220.86494363693,
      711518.5602047135,
      1378446.1502455533,
      2716667.1610526307,
      5378331.527000001,
      10756983.435999997,
      21889096.299999997,
      43442054.24,
      87730291.82,
      187400338.28,
      390058005.59,
      814746527.67,
      1629913060.38,
      3261831446.13,
      6521154233.82,
      13007893890.71,
      26038586649.92,
      52086535405.2
    ]
  },
  "invert": {
    "range": [
      1
    ],
    "results": [
      126.4416869742624
    ]
  }
}