{
  "mul_ff": {
    "range": [
      1
    ],
    "results": [
      155.88714467076593
    ]
  },
  "mul_G1": {
    "range": [
      1
    ],
    "results": [
      61397.309664377564
    ]
  },
  "add_ff": {
    "range": [
      1
    ],
    "results": [
      123.60731077548078
    ]
  },
  "msm_G1": {
    "range": [
      2,
      4,
      8,
      16,
      32,
      64,
      128,
      256,
      512,
      1024,
      2048,
      4096,
      8192,
      16384,
      32768,
      65536,
      131072,
      262144,
      524288,
      1048576,
      2097152
    ],
    "results": [
      82496.70841900636,
      123581.04025346242,
      204642.58441135808,
      366983.9291041478,
      702718.7705274554,
      1365378.993298606,
      2684170.3842105265,
      5334451.048,
      10632753.631999997,
      21409035.139999997,
      42628357.5,
      85821433.67,
      173676943.75,
      360733863.09,
      772439493.19,
      1583256477.52,
      3175783689.44,
      6348520345.16,
      12726986464.39,
      25378096824.18,
      50691237039.3
    ]
  },
  "invert": {
    "range": [
      1
    ],
    "results": [
      125.41057209140092
    ]
  }
}