{
  "mul_ff": {
    "range": [
      1
    ],
    "results": [
      147.51906763815907
    ],
    "stddev": [
      0.20174949405086845
    ]
  },
  "mul_G1": {
    "range": [
      1
    ],
    "results": [
      45138.60873151011
    ],
    "stddev": [
      148.29879625754634
    ]
  },
  "add_ff": {
    "range": [
      1
    ],
    "results": [
      70.852964646773
    ],
    "stddev": [
      0.7795427976272383
    ]
  },
  "invert": {
    "range": [
      1
    ],
    "results": [
      70.902668132168
    ],
    "stddev": [
      0.8727369727773929
    ]
  }
}