{"mul_ff": {"range": [1], "results": [147.25003154841366]}, "add_ff": {"range": [1], "results": [113.80738502298625]}, "msm_G1": {"range": [2, 4, 8, 16, 32, 64, 128, 256, 512, 1024, 2048, 4096, 8192, 16384, 32768, 65536, 131072, 262144, 524288, 1048576, 2097152], "results": [84469.8747944525, 125921.6467166009, 207904.2869621028, 371705.46667453164, 700583.8678307412, 1356481.0958488407, 2667460.8894736827, 5288594.45, 10542240.575999998, 21196811.69666667, 42443966.38, 85008874.92, 172171098.6, 367627781.12, 784283827.14, 1583363469.12, 3159357715.55, 6317928080.07, 12626794204.42, 25220672641.49, 50363701746.9]}}