{
  "mul_ff": {
    "range": [
      1
    ],
    "results": [
      155.88714467076593
    ],
    "stddev": [
      0.22831647739820524
    ]
  },
  "mul_G1": {
    "range": [
      1
    ],
    "results": [
      61397.309664377564
    ],
    "stddev": [
      640.4154934314543
    ]
  },
  "add_ff": {
    "range": [
      1
    ],
    "results": [
      123.60731077548078
    ],
    "stddev": [
      0.13141857322479128
    ]
  },
  "msm_G1": {
    "range": [
      2,
      4,
      8,
      16,
      32,
      64,
      128,
      256,
      512,
      1024,
      2048,
      4096,
      8192,
      16384,
      32768,
      65536,
      131072,
      262144,
      524288,
      1048576,
      2097152
    ],
    "results": [
      82496.70841900636,
      123581.04025346242,
      204642.58441135808,
      366983.9291041478,
      702718.7705274554,
      1365378.993298606,
      2684170.3842105265,
      5334451.048,
      10632753.631999997,
      21409035.139999997,
      42628357.5,
      85821433.67,
      173676943.75,
      360733863.09,
      772439493.19,
      1583256477.52,
      3175783689.44,
      6348520345.16,
      12726986464.39,
      25378096824.18,
      50691237039.3
    ],
    "stddev": [
      201.9161939335534,
      191.56113715704714,
      867.1003437510498,
      1190.3728275302444,
      1468.5863944556722,
      1760.048703052786,
      1549.3000838552387,
      3775.2117164068736,
      9174.934076917201,
      13464.117724462129,
      56853.04004224401,
      393155.0160671756,
      1719384.6566410228,
      9728650.93071343,
      7475045.084352009,
      9579331.572399471,
      18503171.458740283,
      30557340.481284652,
      79438758.53844057,
      170871888.7463076,
      230755459.53010675
    ]
  },
  "invert": {
    "range": [
      1
    ],
    "results": [
      125.41057209140092
    ],
    "stddev": [
      0.3831916469911898
    ]
  }
}