{
  "mul_ff": {
    "range": [
      1
    ],
    "results": [
      126.65561118193843
    ],
    "stddev": [
      0.13009316253938097
    ]
  },
  "mul_G1": {
    "range": [
      1
    ],
    "results": [
      34655.81206928788
    ],
    "stddev": [
      37.751091362522835
    ]
  },
  "add_ff": {
    "range": [
      1
    ],
    "results": [
      59.67369714448484
    ],
    "stddev": [
      0.7316735722267443
    ]
  },
  "invert": {
    "range": [
      1
    ],
    "results": [
      59.66334892076871
    ],
    "stddev": [
      0.7337538085524984
    ]
  }
}