{
  "mul_ff": {
    "range": [
      1
    ],
    "results": [
      331.57097185771227
    ],
    "stddev": [
      0.15849156846297463
    ]
  },
  "mul_G1": {
    "range": [
      1
    ],
    "results": [
      161986.17848183683
    ],
    "stddev": [
      119.80262362212667
    ]
  },
  "add_ff": {
    "range": [
      1
    ],
    "results": [
      204.46338174243712
    ],
    "stddev": [
      0.36117853623620744
    ]
  },
  "msm_G1": {
    "range": [
      2,
      4,
      8,
      16,
      32,
      64,
      128,
      256,
      512,
      1024,
      2048,
      4096,
      8192,
      16384,
      32768,
      65536,
      131072,
      262144,
      524288,
      1048576,
      2097152
    ],
    "results": [
      218446.01103604998,
      320738.366679782,
      525615.238739533,
      935272.1737591901,
      1756291.1984492883,
      3447875.516666668,
      6777137.29875,
      13431216.9025,
      26765211.08,
      53640803.52,
      107537758.22,
      215403844.52,
      431304325.49,
      868654839.01,
      1800984599.15,
      3616588948.56,
      7237803440.45,
      14467516321.21,
      28914072235.62,
      57814464673.96,
      115706719295.3
    ],
    "stddev": [
      244.1752962364599,
      103.56179318233427,
      333.3718690475821,
      467.05291068781696,
      876.5551978872408,
      441.2447233679022,
      870.2295952245519,
      2257.400165260637,
      5575.982715504057,
      14124.773380468801,
      84427.76961943033,
      178946.3247466391,
      925543.1339681527,
      2706040.2322506094,
      2151045.1296501355,
      2622398.3700417504,
      2491251.390877341,
      3623204.7408860717,
      6494275.823619082,
      6786332.97505356,
      13920860.730731256
    ]
  },
  "invert": {
    "range": [
      1
    ],
    "results": [
      204.28896962717613
    ],
    "stddev": [
      0.38280997716221543
    ]
  }
}