{
  "mul_ff": {
    "range": [
      1
    ],
    "results": [
      125.86316210106237
    ]
  },
  "mul_G1": {
    "range": [
      1
    ],
    "results": [
      47933.93651402159
    ]
  },
  "add_ff": {
    "range": [
      1
    ],
    "results": [
      96.1584605466025
    ]
  },
  "msm_G1": {
    "range": [
      2,
      4,
      8,
      16,
      32,
      64,
      128,
      256,
      512,
      1024,
      2048,
      4096,
      8192,
      16384,
      32768,
      65536,
      131072,
      262144,
      524288,
      1048576,
      2097152
    ],
    "results": [
      65412.67374930956,
      97511.55658975341,
      161181.24162064536,
      288618.2084037803,
      544000.4151088912,
      1061117.1068444941,
      2088748.175,
      4141246.162307692,
      8261116.395714287,
      16659671.143333338,
      33346185.74,
      66467750.11,
      133726343.51,
      271987022.38,
      605170883.8,
      1264685883.61,
      2545386577.74,
      5076865714.59,
      10129143469.0,
      20210880604.94,
      40378781701.2
    ]
  },
  "invert": {
    "range": [
      1
    ],
    "results": [
      96.22865941771606
    ]
  }
}