{
  "mul_ff": {
    "range": [
      1
    ],
    "results": [
      141.33601022569087
    ],
    "stddev": [
      0.09198592934028511
    ]
  },
  "mul_G1": {
    "range": [
      1
    ],
    "results": [
      48875.98664388547
    ],
    "stddev": [
      17.24235108909867
    ]
  },
  "add_ff": {
    "range": [
      1
    ],
    "results": [
      71.26126943577874
    ],
    "stddev": [
      0.5382567189454626
    ]
  },
  "invert": {
    "range": [
      1
    ],
    "results": [
      71.21213885851532
    ],
    "stddev": [
      0.5322603825712664
    ]
  }
}