{"mul_ff": {"range": [1], "results": [414.7128192139126]}, "mul_G1": {"range": [1], "results": [196306.0929920001]}, "add_ff": {"range": [1], "results": [279.0231622075652]}, "msm_G1": {"range": [2, 4, 8, 16, 32, 64, 128, 256, 512, 1024, 2048, 4096, 8192, 16384, 32768, 65536, 131072, 262144, 524288, 1048576, 2097152], "results": [269629.778520623, 398937.17245498195, 657597.0444968684, 1175110.8857069355, 2252734.8508695653, 4371532.553333334, 8602721.17666667, 16985971.11999999, 33828411.025, 68874156.08, 135821237.71, 269444626.98, 538527102.63, 1078801805.25, 2204223993.61, 4402830156.1, 8808290234.36, 17593483981.27, 35168706358.72, 70353678307.07, 140897982722.5]}}