{"mul_ff": {"range": [1], "results": [132.17776477731658]}, "mul_G1": {"range": [1], "results": [55592.45833019346]}, "add_ff": {"range": [1], "results": [102.25663579421847]}, "msm_G1": {"range": [2, 4, 8, 16, 32, 64, 128, 256, 512, 1024, 2048, 4096, 8192, 16384, 32768, 65536, 131072, 262144, 524288, 1048576, 2097152], "results": [76010.59110412127, 113209.34498686047, 187334.87993073027, 335237.82937736576, 632384.003039183, 1226033.2612361745, 2409612.7590476186, 4781523.799090909, 9555009.589999998, 19161161.913333327, 38195763.215, 76362428.12, 153631205.42, 317786515.41, 695294296.02, 1419624303.4, 2869317241.36, 5747052424.13, 11573428280.02, 23175926142.38, 46169491627.7]}, "invert": {"range": [1], "results": [101.95948293540006]}}