{"mul_ff": {"range": [1], "results": [331.57097185771227]}, "mul_G1": {"range": [1], "results": [161986.17848183683]}, "add_ff": {"range": [1], "results": [204.46338174243712]}, "msm_G1": {"range": [2, 4, 8, 16, 32, 64, 128, 256, 512, 1024, 2048, 4096, 8192, 16384, 32768, 65536, 131072, 262144, 524288, 1048576, 2097152], "results": [218446.01103604998, 320738.366679782, 525615.238739533, 935272.1737591901, 1756291.1984492883, 3447875.516666668, 6777137.29875, 13431216.9025, 26765211.08, 53640803.52, 107537758.22, 215403844.52, 431304325.49, 868654839.01, 1800984599.15, 3616588948.56, 7237803440.45, 14467516321.21, 28914072235.62, 57814464673.96, 115706719295.3]}, "invert": {"range": [1], "results": [204.28896962717613]}}