{
  "mul_ff": {
    "range": [
      1
    ],
    "results": [
      91.08630044494656
    ],
    "stddev": [
      0.614516713738988
    ]
  },
  "mul_G1": {
    "range": [
      1
    ],
    "results": [
      26418.42754829218
    ],
    "stddev": [
      213.93679679039283
    ]
  },
  "add_ff": {
    "range": [
      1
    ],
    "results": [
      38.374850338517
    ],
    "stddev": [
      0.6192685002408952
    ]
  },
  "invert": {
    "range": [
      1
    ],
    "results": [
      38.25294836606142
    ],
    "stddev": [
      0.5816754211323318
    ]
  }
}