{
  "mul_ff": {
    "range": [
      1
    ],
    "results": [
      119.61076684883761
    ],
    "stddev": [
      0.2966208270038009
    ]
  },
  "mul_G1": {
    "range": [
      1
    ],
    "results": [
      26563.729222524715
    ],
    "stddev": [
      159.22927326065388
    ]
  },
  "add_ff": {
    "range": [
      1
    ],
    "results": [
      53.4900775041007
    ],
    "stddev": [
      0.53269738992975
    ]
  },
  "invert": {
    "range": [
      1
    ],
    "results": [
      53.57576453800034
    ],
    "stddev": [
      0.5290870739523087
    ]
  }
}