{
  "mul_ff": {
    "range": [
      1
    ],
    "results": [
      159.69943488142317
    ],
    "stddev": [
      5.781203554717871
    ]
  },
  "mul_G1": {
    "range": [
      1
    ],
    "results": [
      58527.414233241834
    ],
    "stddev": [
      2723.9331034587226
    ]
  },
  "add_ff": {
    "range": [
      1
    ],
    "results": [
      126.21129041344024
    ],
    "stddev": [
      2.045872984069582
    ]
  },
  "msm_G1": {
    "range": [
      2,
      4,
      8,
      16,
      32,
      64,
      128,
      256,
      512,
      1024,
      2048,
      4096,
      8192,
      16384,
      32768,
      65536,
      131072,
      262144,
      524288,
      1048576,
      2097152
    ],
    "results": [
      84267.9709303805,
      126566.94731803812,
      210319.93094075687,
      376220.86494363693,
      711518.5602047135,
      1378446.1502455533,
      2716667.1610526307,
      5378331.527000001,
      10756983.435999997,
      21889096.299999997,
      43442054.24,
      87730291.82,
      187400338.28,
      390058005.59,
      814746527.67,
      1629913060.38,
      3261831446.13,
      6521154233.82,
      13007893890.71,
      26038586649.92,
      52086535405.2
    ],
    "stddev": [
      2207.4564521418542,
      6484.568881994866,
      9610.267974464128,
      2725.6514035611767,
      3614.7678156957963,
      4290.769012002888,
      44832.15601026937,
      34482.03125399039,
      9112.126836710748,
      1715912.5281761058,
      64158.906343682305,
      697130.6677183608,
      2470915.1254618685,
      1654502.1738321236,
      2285789.8818229116,
      4422407.291999014,
      14700334.171628801,
      17628000.957993858,
      62454318.56189431,
      62995086.37698205,
      218924148.0940832
    ]
  },
  "invert": {
    "range": [
      1
    ],
    "results": [
      126.4416869742624
    ],
    "stddev": [
      4.618074258337112
    ]
  }
}