{"mul_ff": {"range": [1], "results": [138]}, "mul_ec": {"range": [1], "results": [40502]}, "add_ff": {"range": [1], "results": [100]}, "msm_G1": {"range": [2, 4, 8, 16, 32, 64, 128, 256, 512, 1024, 2048, 4096, 8192, 16384, 32768, 65536, 131072, 262144, 524288, 1048576, 2097152], "results": [56207.21708734822, 84086.26389039727, 139179.92627535836, 249199.92165653012, 470891.8411701423, 906812.0896565836, 1817160.5931191128, 3578019.405714284, 7133617.29, 14180767.08, 28566133.53, 57313460.77, 103609298.73, 175677942.98, 351983147.88, 703325734.18, 1412061977.48, 2837703212.98, 5628109334.1, 11633544056.29, 31052741150.1]}}