{"mul_ff": {"range": [1], "results": [144]}, "mul_ec": {"range": [1], "results": [63493]}, "add_ff": {"range": [1], "results": [113]}, "msm_G1": {"range": [2, 4, 8, 16, 32, 64, 128, 256, 512, 1024, 2048, 4096, 8192, 16384, 32768, 65536, 131072, 262144, 524288, 1048576, 2097152], "results": [86502.72988899007, 129006.03484611258, 212082.85265990064, 380268.028166323, 717693.5283992608, 1390055.331489756, 2747100.9115789463, 5463223.578999997, 10881322.050000004, 21793731.00333333, 43777037.34, 92745506.45, 187923122.2, 375132864.47, 760436713.13, 1522019393.85, 3035364417.49, 6064702017.03, 12179473856.53, 24358933112.61, 48543494736.6]}}