{
  "add_G1": {
    "range": [
      1
    ],
    "results": [
      751.2964363541278
    ],
    "stddev": [
      0.2786205207803312
    ]
  },
  "sub_G1": {
    "range": [
      1
    ],
    "results": [
      762.2234713663497
    ],
    "stddev": [
      0.29789134590840194
    ]
  },
  "double_G1": {
    "range": [
      1
    ],
    "results": [
      517.4280090479031
    ],
    "stddev": [
      0.44051059421747335
    ]
  },
  "mul_G1": {
    "range": [
      1
    ],
    "results": [
      267994.0651767731
    ],
    "stddev": [
      335.4591117160761
    ]
  },
  "add_G2": {
    "range": [
      1
    ],
    "results": [
      3330.848005153528
    ],
    "stddev": [
      1.2296077938838554
    ]
  },
  "sub_G2": {
    "range": [
      1
    ],
    "results": [
      3363.0922283563077
    ],
    "stddev": [
      1.5250280167282426
    ]
  },
  "double_G2": {
    "range": [
      1
    ],
    "results": [
      2231.2447874886548
    ],
    "stddev": [
      1.1328719379888748
    ]
  },
  "mul_G2": {
    "range": [
      1
    ],
    "results": [
      1148424.5589812289
    ],
    "stddev": [
      3858.743588943951
    ]
  },
  "add_ff": {
    "range": [
      1
    ],
    "results": [
      6.223933675105053
    ],
    "stddev": [
      0.00869681951825718
    ]
  },
  "sub_ff": {
    "range": [
      1
    ],
    "results": [
      13.282147536475064
    ],
    "stddev": [
      0.013930405349515953
    ]
  },
  "neg_ff": {
    "range": [
      1
    ],
    "results": [
      8.395576069161638
    ],
    "stddev": [
      0.005006322310506373
    ]
  },
  "double_ff": {
    "range": [
      1
    ],
    "results": [
      4.702229013157773
    ],
    "stddev": [
      0.004266343189154193
    ]
  },
  "mul_ff": {
    "range": [
      1
    ],
    "results": [
      49.34497210823317
    ],
    "stddev": [
      0.012966329895288379
    ]
  },
  "square_ff": {
    "range": [
      1
    ],
    "results": [
      44.16526280150336
    ],
    "stddev": [
      0.1103355480774245
    ]
  },
  "inv_ff": {
    "range": [
      1
    ],
    "results": [
      7819.554485469669
    ],
    "stddev": [
      8.278142623578262
    ]
  },
  "ip_ff": {
    "range": [
      2
    ],
    "results": [
      70.48613013208278
    ],
    "stddev": [
      0.06893470891215465
    ]
  },
  "msm_G1": {
    "range": [
      2,
      4,
      8,
      16,
      32,
      64,
      128,
      256,
      512,
      1024,
      2048,
      4096,
      8192,
      16384,
      32768,
      65536,
      131072,
      262144,
      524288,
      1048576,
      2097152
    ],
    "results": [
      383876.9035850384,
      400841.1901529252,
      412469.364445128,
      388175.2271786319,
      384342.9285491172,
      463753.99217203225,
      558757.717324767,
      846993.0100550986,
      1323628.1139348375,
      2016118.6028000007,
      3605484.8871428575,
      4019003.0692307693,
      7100718.9525,
      13565637.035,
      26215337.96,
      49868634.75,
      94478496.47,
      206061546.07,
      408692765.86,
      792203189.13,
      1674771047.0
    ],
    "stddev": [
      11037.168967303107,
      12320.31338311375,
      13095.454936649274,
      4405.042352778917,
      9695.410574390735,
      5607.71848160924,
      7973.233129383412,
      5160.14448287469,
      7346.465748289955,
      4847.28717616692,
      12354.921716697858,
      27857.841539090976,
      33149.28509833762,
      32589.546213644568,
      895324.2176592698,
      97374.01221428385,
      128797.4930726103,
      209849.8425301413,
      356558.74242264824,
      709815.8319933651,
      859078.6108608454
    ]
  },
  "msm_G2": {
    "range": [
      2,
      4,
      8,
      16,
      32,
      64,
      128,
      256,
      512,
      1024,
      2048,
      4096,
      8192,
      16384,
      32768,
      65536,
      131072,
      262144,
      524288,
      1048576,
      2097152
    ],
    "results": [
      1167223.934172263,
      1207161.2451937746,
      1250738.003062527,
      1332375.1016053923,
      1315968.9612451117,
      1542176.7451647837,
      1861034.7269371557,
      2821879.977582972,
      4680424.303623015,
      7269800.611297314,
      13485348.292114515,
      14034673.01069728,
      24808730.506666668,
      48132415.724563494,
      94355637.41373016,
      186403017.46666664,
      354914676.25,
      725390270.5,
      1462272056.2,
      2842137881.7,
      5716529951.8
    ],
    "stddev": [
      6397.700008381758,
      7577.331859665348,
      5652.757469092571,
      10421.212101412122,
      8427.584037454906,
      3992.5031299973543,
      1883.5517291756696,
      3338.4931129279494,
      3764.090420344696,
      5261.990819473661,
      10532.962203445048,
      135136.08464333485,
      358109.36258655094,
      542014.4880323713,
      1224168.3897087253,
      45300.35581224045,
      97239.88125333401,
      387649.19075376645,
      516918.8359367068,
      569572.516071492,
      1167579.4611671446
    ]
  },
  "mul_Gt": {
    "range": [
      1
    ],
    "results": [
      228362.45406447188
    ],
    "stddev": [
      2013.760654639982
    ]
  },
  "msm_Gt": {
    "range": [
      2,
      4,
      8,
      16,
      32,
      64,
      128,
      256,
      512,
      1024,
      2048,
      4096,
      8192,
      16384,
      32768,
      65536,
      131072,
      262144
    ],
    "results": [
      1782451.971285867,
      3158736.122972085,
      5905324.693385417,
      11416561.895362105,
      22254231.973738097,
      44200514.39116402,
      88092534.4540476,
      175856708.44222218,
      351354295.9,
      718575304.0,
      1438774770.1,
      2872940447.0,
      5736340000.2,
      11470036827.3,
      22923564459.4,
      45826612317.6,
      91615920269.9,
      183222511384.0
    ],
    "stddev": [
      1634.2781683560004,
      4049.6155704756757,
      4720.626562146252,
      3109.7799221171786,
      13509.76311487131,
      7192.976564942991,
      14613.940946753935,
      18921.663155563845,
      44580.733167367274,
      2142197.038720108,
      512286.48155664816,
      504099.9581174353,
      355839.2943273129,
      460562.04999436287,
      2903807.5126301744,
      2203682.7557710386,
      10721382.878306301,
      22069457.30440927
    ]
  },
  "pairing": {
    "range": [
      1
    ],
    "results": [
      1086416.213800548
    ],
    "stddev": [
      971.2782085981388
    ]
  },
  "msm_ff": {
    "range": [
      1
    ],
    "results": [
      6949.988967874825
    ],
    "stddev": [
      7.94918986919214
    ]
  },
  "fft": {
    "range": [
      2,
      4,
      8,
      16,
      32,
      64,
      128,
      256,
      512,
      1024,
      2048,
      4096,
      8192,
      16384,
      32768,
      65536,
      131072,
      262144,
      524288,
      1048576,
      2097152
    ],
    "results": [
      165.09095135870098,
      18452.182276818898,
      43384.08380059524,
      69648.40604325432,
      96978.26331333962,
      80886.11611234349,
      89555.99657639084,
      165676.59697579505,
      292879.86500636546,
      392262.28901524644,
      542200.7071549037,
      741119.2141484517,
      1064822.354192968,
      1421216.363968874,
      2036775.741398589,
      3123360.338015873,
      5057177.930535714,
      8910337.879632035,
      16767508.361686507,
      45085993.227010585,
      102876147.72142859
    ],