{
  "add_G1": {
    "range": [
      1
    ],
    "results": [
      760.5561003008314
    ]
  },
  "sub_G1": {
    "range": [
      1
    ],
    "results": [
      779.5142728878947
    ]
  },
  "double_G1": {
    "range": [
      1
    ],
    "results": [
      532.722019470036
    ]
  },
  "mul_G1": {
    "range": [
      1
    ],
    "results": [
      272497.33318345656
    ]
  },
  "add_G2": {
    "range": [
      1
    ],
    "results": [
      3481.5535258613713
    ]
  },
  "sub_G2": {
    "range": [
      1
    ],
    "results": [
      3511.8530671110852
    ]
  },
  "double_G2": {
    "range": [
      1
    ],
    "results": [
      2421.558722104521
    ]
  },
  "mul_G2": {
    "range": [
      1
    ],
    "results": [
      1212074.8406476246
    ]
  },
  "add_ff": {
    "range": [
      1
    ],
    "results": [
      7.497942893083884
    ]
  },
  "sub_ff": {
    "range": [
      1
    ],
    "results": [
      10.599094832647898
    ]
  },
  "neg_ff": {
    "range": [
      1
    ],
    "results": [
      14.558569997017134
    ]
  },
  "double_ff": {
    "range": [
      1
    ],
    "results": [
      4.7892011808901165
    ]
  },
  "mul_ff": {
    "range": [
      1
    ],
    "results": [
      49.52257862668727
    ]
  },
  "square_ff": {
    "range": [
      1
    ],
    "results": [
      41.95481817525267
    ]
  },
  "inv_ff": {
    "range": [
      1
    ],
    "results": [
      8568.89611000891
    ]
  },
  "ip_ff": {
    "range": [
      2
    ],
    "results": [
      74.38792477894097
    ]
  }
}