{
  "add_G1": {
    "range": [
      1
    ],
    "results": [
      614.7741241770323
    ]
  },
  "sub_G1": {
    "range": [
      1
    ],
    "results": [
      638.2274640657726
    ]
  },
  "double_G1": {
    "range": [
      1
    ],
    "results": [
      415.79479104838975
    ]
  },
  "mul_G1": {
    "range": [
      1
    ],
    "results": [
      230504.11676537228
    ]
  },
  "add_G2": {
    "range": [
      1
    ],
    "results": [
      2915.4590566947772
    ]
  },
  "sub_G2": {
    "range": [
      1
    ],
    "results": [
      2949.151223268106
    ]
  },
  "double_G2": {
    "range": [
      1
    ],
    "results": [
      1989.649301698527
    ]
  },
  "mul_G2": {
    "range": [
      1
    ],
    "results": [
      1024682.258237109
    ]
  },
  "add_ff": {
    "range": [
      1
    ],
    "results": [
      5.48532490842509
    ]
  },
  "sub_ff": {
    "range": [
      1
    ],
    "results": [
      9.84660757491133
    ]
  },
  "neg_ff": {
    "range": [
      1
    ],
    "results": [
      12.240375984779535
    ]
  },
  "double_ff": {
    "range": [
      1
    ],
    "results": [
      3.650808424356776
    ]
  },
  "mul_ff": {
    "range": [
      1
    ],
    "results": [
      40.69441937729309
    ]
  },
  "square_ff": {
    "range": [
      1
    ],
    "results": [
      31.72271040923497
    ]
  },
  "inv_ff": {
    "range": [
      1
    ],
    "results": [
      6501.189234915725
    ]
  },
  "ip_ff": {
    "range": [
      2
    ],
    "results": [
      63.29824056691951
    ]
  }
}