{
  "add_G1": {
    "range": [
      1
    ],
    "results": [
      623.3677423861398
    ],
    "stddev": [
      0.4141170116256053
    ]
  },
  "sub_G1": {
    "range": [
      1
    ],
    "results": [
      647.1544712758364
    ],
    "stddev": [
      0.4883773194433117
    ]
  },
  "double_G1": {
    "range": [
      1
    ],
    "results": [
      414.7704221892839
    ],
    "stddev": [
      1.2589986644707383
    ]
  },
  "mul_G1": {
    "range": [
      1
    ],
    "results": [
      231539.89234817316
    ],
    "stddev": [
      382.14473603544474
    ]
  },
  "add_G2": {
    "range": [
      1
    ],
    "results": [
      2902.250519874527
    ],
    "stddev": [
      2.2674113990817752
    ]
  },
  "sub_G2": {
    "range": [
      1
    ],
    "results": [
      2932.430375070565
    ],
    "stddev": [
      14.234403126553532
    ]
  },
  "double_G2": {
    "range": [
      1
    ],
    "results": [
      1958.5351369114617
    ],
    "stddev": [
      2.744683228749577
    ]
  },
  "mul_G2": {
    "range": [
      1
    ],
    "results": [
      1014533.2675355264
    ],
    "stddev": [
      2969.638157472879
    ]
  },
  "add_ff": {
    "range": [
      1
    ],
    "results": [
      5.492425134931201
    ],
    "stddev": [
      0.01275428830832606
    ]
  },
  "sub_ff": {
    "range": [
      1
    ],
    "results": [
      9.858087740882716
    ],
    "stddev": [
      0.003879093849790434
    ]
  },
  "neg_ff": {
    "range": [
      1
    ],
    "results": [
      12.587134633118383
    ],
    "stddev": [
      0.020507727614541733
    ]
  },
  "double_ff": {
    "range": [
      1
    ],
    "results": [
      3.646837984789229
    ],
    "stddev": [
      0.003857837093893669
    ]
  },
  "mul_ff": {
    "range": [
      1
    ],
    "results": [
      40.70875039695537
    ],
    "stddev": [
      0.14572010904862318
    ]
  },
  "square_ff": {
    "range": [
      1
    ],
    "results": [
      31.76457038753555
    ],
    "stddev": [
      0.04225331821466588
    ]
  },
  "inv_ff": {
    "range": [
      1
    ],
    "results": [
      6533.944364665442
    ],
    "stddev": [
      21.737235805163706
    ]
  },
  "ip_ff": {
    "range": [
      2
    ],
    "results": [
      63.22617646715301
    ],
    "stddev": [
      0.14212648323581498
    ]
  },
  "msm_G1": {
    "range": [
      2,
      4,
      8,
      16,
      32,
      64,
      128,
      256,
      512,
      1024,
      2048,
      4096,
      8192,
      16384,
      32768,
      65536,
      131072,
      262144,
      524288,
      1048576,
      2097152
    ],
    "results": [
      385634.40526658506,
      395839.7597481732,
      469925.4721544124,
      575546.6427018376,
      611812.2550714224,
      698991.0882824057,
      922293.3411111007,
      1283802.1426626225,
      1816725.7432486382,
      2709099.9989473685,
      4528009.691666667,
      6148850.627777778,
      10651637.381999997,
      20775425.503333326,
      40327563.68,
      79556517.4,
      151137263.74,
      322701451.86,
      589026238.88,
      1076271353.89,
      2185571241.6
    ],
    "stddev": [
      3781.1051295343746,
      2891.2746324242426,
      3696.358147015857,
      5349.831953874131,
      6814.098925705984,
      12546.118141693063,
      7651.7314350147335,
      12529.57688126598,
      25382.708078759788,
      59232.863292365655,
      41793.497936473825,
      115567.04632810906,
      234280.79768709352,
      1009900.8436164045,
      1295083.8409534546,
      2013980.8737072502,
      3296004.157534052,
      1239488.8660878967,
      12284039.87731645,
      8714036.450414961,
      10064147.495391563
    ]
  },
  "msm_G2": {
    "range": [
      2,
      4,
      8,
      16,
      32,
      64,
      128,
      256,
      512,
      1024,
      2048,
      4096,
      8192,
      16384,
      32768,
      65536,
      131072,
      262144,
      524288,
      1048576,
      2097152
    ],
    "results": [
      1084523.1163572373,
      1136919.0274821427,
      1276432.8596808633,
      1483126.1139215308,
      1569547.7602422005,
      2026563.4865396824,
      2629892.7095,
      4054833.393704279,
      6125569.019351852,
      9658417.116432538,
      16986179.174761903,
      22031177.23155555,
      39183676.07546297,
      76891039.54813494,
      152059840.5040873,
      302914497.45,
      545745201.4,
      1012821430.6,
      1945758717.7,
      3721504114.0,
      7453003634.4
    ],
    "stddev": [
      1358.0001744916303,
      1896.5321715729874,
      2147.6722131507036,
      13172.196318937144,
      4475.549823352908,
      4476.634777227739,
      3632.3376429408822,
      15846.621102924586,
      62426.06656102124,
      169445.72940172386,
      144520.8702058793,
      149723.21303933955,
      538144.7625051349,
      340002.997853101,
      892128.5834906294,
      394655.1844097864,
      10266233.314477256,
      5801646.422299229,
      6193995.8220308805,
      11460840.10390925,
      23826074.11417036
    ]
  },
  "mul_Gt": {
    "range": [
      1
    ],
    "results": [
      191347.49606321272
    ],
    "stddev": [
      1970.976915086717
    ]
  },
  "msm_Gt": {
    "range": [
      2,
      4,
      8,
      16,
      32,
      64,
      128,
      256,
      512,
      1024,
      2048,
      4096,
      8192,
      16384,
      32768,
      65536,
      131072,
      262144
    ],
    "results": [
      1550542.9873836425,
      2773110.8001984125,
      5257307.606906967,
      10240132.320643738,
      19741270.0991746,
      39102553.05280424,
      77866674.9497619,
      155353604.77214286,
      310756439.75,
      642829952.7,
      1285917632.8,
      2573192653.4,
      5141306181.8,
      10279674753.9,
      20548995137.5,
      41093276305.0,
      82153379902.1,
      164285416721.4
    ],
    "stddev": [
      634.0607666810045,
      2957.2603184626223,
      11602.045076371614,
      5004.029285965601,
      36039.316902071456,
      27070.7026322735,
      33798.52203351635,
      50710.56417331177,
      148585.55720850697,
      1193306.0711395084,
      302903.00842474314,
      455934.8488517192,
      641864.0680347825,
      1612389.3530480443,
      4826395.755453053,
      14025006.937367162,
      13075314.555094127,
      13245382.238073254
    ]
  },
  "pairing": {
    "range": [
      1
    ],
    "results": [
      921618.1447266315
    ],
    "stddev": [
      1867.1213983926461
    ]
  },
  "msm_ff": {
    "range": [
      1
    ],
    "results": [
      5389.7493762375825
    ],
    "stddev": [
      5.564166985067442
    ]
  },
  "fft": {
    "range": [
      2,
      4,
      8,
      16,
      32,
      64,
      128,
      256,
      512,
      1024,
      2048,
      4096,
      8192,
      16384,
      32768,
      65536,
      131072,
      262144,
      524288,
      1048576,
      2097152
    ],
    "results": [
      134.6765570112613,
      21721.000689474873,
      76633.35362384706,
      178075.3840355587,
      314072.5814167628,
      404310.22225908295,
      394806.0638709455,
      470120.469294761,
      602408.6373575634,
      701924.5625119049,
      907266.5783932538,
      1194893.9951504844,
      1435165.9778007192,
      1824040.6945579364,
      2513861.985100815,
      4052925.0333212563,
      6844091.678690475,
      12471556.940580357,
      24518094.19957341,
      66434594.40928571,
      157644007.51119047
    ],