{
  "add_G1": {
    "range": [
      1
    ],
    "results": [
      808.238115593088
    ],
    "stddev": [
      0.9194299815274302
    ]
  },
  "sub_G1": {
    "range": [
      1
    ],
    "results": [
      827.8216067472708
    ],
    "stddev": [
      3.507482794785461
    ]
  },
  "double_G1": {
    "range": [
      1
    ],
    "results": [
      547.8040944210134
    ],
    "stddev": [
      0.6222210334877513
    ]
  },
  "mul_G1": {
    "range": [
      1
    ],
    "results": [
      280030.05806051736
    ],
    "stddev": [
      1467.1166755431152
    ]
  },
  "add_G2": {
    "range": [
      1
    ],
    "results": [
      3510.3377151137906
    ],
    "stddev": [
      2.5978232328824897
    ]
  },
  "sub_G2": {
    "range": [
      1
    ],
    "results": [
      3546.485153701044
    ],
    "stddev": [
      3.1282048912340876
    ]
  },
  "double_G2": {
    "range": [
      1
    ],
    "results": [
      2487.3609878428306
    ],
    "stddev": [
      8.777287230867609
    ]
  },
  "mul_G2": {
    "range": [
      1
    ],
    "results": [
      1238650.5841763325
    ],
    "stddev": [
      4164.5457589053085
    ]
  },
  "add_ff": {
    "range": [
      1
    ],
    "results": [
      9.312744859815515
    ],
    "stddev": [
      0.0967973427018762
    ]
  },
  "sub_ff": {
    "range": [
      1
    ],
    "results": [
      12.64570643065293
    ],
    "stddev": [
      0.024621896814710817
    ]
  },
  "neg_ff": {
    "range": [
      1
    ],
    "results": [
      14.598345263808525
    ],
    "stddev": [
      0.04002708987320087
    ]
  },
  "double_ff": {
    "range": [
      1
    ],
    "results": [
      4.479602259979895
    ],
    "stddev": [
      0.026892921512483715
    ]
  },
  "mul_ff": {
    "range": [
      1
    ],
    "results": [
      50.86254467158794
    ],
    "stddev": [
      0.1665689597219796
    ]
  },
  "square_ff": {
    "range": [
      1
    ],
    "results": [
      42.45527286191099
    ],
    "stddev": [
      0.05766986039644281
    ]
  },
  "inv_ff": {
    "range": [
      1
    ],
    "results": [
      8911.157654684188
    ],
    "stddev": [
      20.263192737209398
    ]
  },
  "ip_ff": {
    "range": [
      2
    ],
    "results": [
      73.72414446937023
    ],
    "stddev": [
      0.2157246944444085
    ]
  },
  "msm_G1": {
    "range": [
      2,
      4,
      8,
      16,
      32,
      64,
      128,
      256,
      512,
      1024,
      2048,
      4096,
      8192,
      16384,
      32768,
      65536,
      131072,
      262144,
      524288,
      1048576,
      2097152
    ],
    "results": [
      373608.2301380182,
      422064.97649820417,
      489523.659403273,
      608204.1780690685,
      828538.2919776071,
      1241596.624154665,
      1748694.4171185216,
      2781698.3427777765,
      4542365.629090909,
      7441219.821428572,
      13542118.3875,
      23225447.85,
      41860008.855,
      82827624.47,
      147182206.66,
      253990395.36,
      482608860.9,
      988723060.77,
      1802979442.03,
      3472536065.36,
      7111286372.5
    ],
    "stddev": [
      5101.940442563786,
      3282.989459006707,
      3586.990416227173,
      3564.1218453949195,
      10079.858460675503,
      5638.130361715302,
      8165.0628472853205,
      20706.992031295595,
      11327.070821830219,
      13449.377162096202,
      170361.96096821091,
      286642.24062953977,
      52786.57010865998,
      1059044.559827314,
      937990.1816586271,
      399418.90135038726,
      1176094.4052274418,
      12506890.151523555,
      31358126.891517457,
      45738880.39283607,
      46436856.60547453
    ]
  },
  "msm_G2": {
    "range": [
      2,
      4,
      8,
      16,
      32,
      64,
      128,
      256,
      512,
      1024,
      2048,
      4096,
      8192,
      16384,
      32768,
      65536,
      131072,
      262144,
      524288,
      1048576,
      2097152
    ],
    "results": [
      1359730.0364374558,
      1540677.6091521163,
      1815079.0143492066,
      2282254.954022818,
      3109736.0837195762,
      4624917.626730159,
      6648011.897757936,
      10838096.305824514,
      18172129.5728373,
      30069036.67820437,
      54275152.46053572,
      94355267.7061111,
      170588964.01623017,
      326960265.45,
      602008560.3,
      1030322071.0,
      1951075867.4,
      3746669353.5,
      6822663883.5,
      13244105007.3,
      26601034922.9
    ],
    "stddev": [
      8648.08447888918,
      11078.680180637873,
      4545.281643275612,
      10592.886607570053,
      7410.074978665955,
      6550.392942385771,
      16387.13640954764,
      71745.25556895407,
      15758.18818659208,
      32105.609516014123,
      387439.6957138118,
      40206.06097388407,
      99591.6712928846,
      5204045.529467178,
      1038157.0081218977,
      2243060.395222964,
      8115631.238858629,
      10769262.464412512,
      31304423.650415234,
      37047760.087720424,
      45490081.614795685
    ]
  },
  "mul_Gt": {
    "range": [
      1
    ],
    "results": [
      237180.22393952543
    ],
    "stddev": [
      2148.312690989308
    ]
  },
  "msm_Gt": {
    "range": [
      2,
      4,
      8,
      16,
      32,
      64,
      128,
      256,
      512,
      1024,
      2048,
      4096,
      8192,
      16384,
      32768,
      65536,
      131072,
      262144
    ],
    "results": [
      1939413.0555597774,
      3647179.909554335,
      6604928.3337018145,
      12984631.411617065,
      25706543.741537698,
      51204204.53412698,
      102385128.83281747,
      204964684.26666668,
      409254489.15,
      850032374.1,
      1698901352.3,
      3397190528.3,
      6790701058.7,
      13570765839.3,
      27134626785.5,
      54328153821.0,
      108584988438.8,
      217215826807.0
    ],
    "stddev": [
      2542.708816038263,
      59356.14118937834,
      5521.278490618712,
      9813.05151812663,
      30135.924699535848,
      52860.86120503708,
      125924.176245826,
      122651.43194533103,
      262658.16772185575,
      943309.2019068245,
      706818.2740692334,
      500390.2091688146,
      5116587.822279024,
      2204838.581165753,
      22506783.465973232,
      35183276.100684285,
      67161835.33547404,
      186799472.316439
    ]
  },
  "pairing": {
    "range": [
      1
    ],
    "results": [
      1166677.1612861212
    ],
    "stddev": [
      656.615418235013
    ]
  },
  "msm_ff": {
    "range": [
      1
    ],
    "results": [
      7197.825356784422
    ],
    "stddev": [
      5.356571304830292
    ]
  },
  "fft": {
    "range": [
      2,
      4,
      8,
      16,
      32,
      64,
      128,
      256,
      512,
      1024,
      2048,
      4096,
      8192,
      16384,
      32768,
      65536,
      131072,
      262144,
      524288,
      1048576,
      2097152
    ],
    "results": [
      178.3440089255994,
      17517.436545613957,
      34057.148722149825,
      49747.65806417846,
      62495.19353604895,
      88257.71811277754,
      130677.73102897345,
      186153.87179034523,
      296899.78401827725,
      459929.92201719584,
      693590.3804259861,
      968335.7115999663,
      1575691.327092912,
      2771593.4697174123,
      5357416.073239963,
      10652546.80223104,
      21513183.12568254,
      43114108.39851852,
      91566459.68380952,
      218584358.2,
      481429271.15
    ],
    "stddev": [
      0.31792202860622987,
      162.69515623456806,
      923.3743565667627,
      1495.2504103573713,
      1987.275244697154,
      1991.1643054880085,
      1557.2216622046303,
      4066.6008339544883,
      4942.968239290364,
      1385.5254753040813,
      3442.0106704163154,
      5771.389336824385,
      6949.267705501222,
      13944.939579803959,
      12160.78149235891,
      59783.0883299034,
      76113.74803520287,
      68568.98412763275,
      2145403.9380271537,
      1422272.7618165906,
      1076972.8009347322
    ]
  }
}