{
  "add_G1": {
    "range": [
      1
    ],
    "results": [
      760.5561003008314
    ],
    "stddev": [
      2.9859515601588718
    ]
  },
  "sub_G1": {
    "range": [
      1
    ],
    "results": [
      779.5142728878947
    ],
    "stddev": [
      1.956758174172218
    ]
  },
  "double_G1": {
    "range": [
      1
    ],
    "results": [
      532.722019470036
    ],
    "stddev": [
      3.1793405541242454
    ]
  },
  "mul_G1": {
    "range": [
      1
    ],
    "results": [
      272497.33318345656
    ],
    "stddev": [
      577.7983725693629
    ]
  },
  "add_G2": {
    "range": [
      1
    ],
    "results": [
      3481.5535258613713
    ],
    "stddev": [
      1.9705932067574374
    ]
  },
  "sub_G2": {
    "range": [
      1
    ],
    "results": [
      3511.8530671110852
    ],
    "stddev": [
      11.044884830940923
    ]
  },
  "double_G2": {
    "range": [
      1
    ],
    "results": [
      2421.558722104521
    ],
    "stddev": [
      2.2593628871540488
    ]
  },
  "mul_G2": {
    "range": [
      1
    ],
    "results": [
      1212074.8406476246
    ],
    "stddev": [
      9984.938282351393
    ]
  },
  "add_ff": {
    "range": [
      1
    ],
    "results": [
      7.497942893083884
    ],
    "stddev": [
      0.016773672944479893
    ]
  },
  "sub_ff": {
    "range": [
      1
    ],
    "results": [
      10.599094832647898
    ],
    "stddev": [
      0.056828556983712794
    ]
  },
  "neg_ff": {
    "range": [
      1
    ],
    "results": [
      14.558569997017134
    ],
    "stddev": [
      0.013135372216742481
    ]
  },
  "double_ff": {
    "range": [
      1
    ],
    "results": [
      4.7892011808901165
    ],
    "stddev": [
      0.014942900351894632
    ]
  },
  "mul_ff": {
    "range": [
      1
    ],
    "results": [
      49.52257862668727
    ],
    "stddev": [
      0.05294739625088028
    ]
  },
  "square_ff": {
    "range": [
      1
    ],
    "results": [
      41.95481817525267
    ],
    "stddev": [
      0.035523348914609454
    ]
  },
  "inv_ff": {
    "range": [
      1
    ],
    "results": [
      8568.89611000891
    ],
    "stddev": [
      9.43357658006388
    ]
  },
  "ip_ff": {
    "range": [
      2
    ],
    "results": [
      74.38792477894097
    ],
    "stddev": [
      0.057299224244675824
    ]
  }
}