{
  "add_G1": {
    "range": [
      1
    ],
    "results": [
      614.7741241770323
    ],
    "stddev": [
      0.3811915484150225
    ]
  },
  "sub_G1": {
    "range": [
      1
    ],
    "results": [
      638.2274640657726
    ],
    "stddev": [
      0.3074976227309808
    ]
  },
  "double_G1": {
    "range": [
      1
    ],
    "results": [
      415.79479104838975
    ],
    "stddev": [
      0.48314566682698473
    ]
  },
  "mul_G1": {
    "range": [
      1
    ],
    "results": [
      230504.11676537228
    ],
    "stddev": [
      433.8074246156458
    ]
  },
  "add_G2": {
    "range": [
      1
    ],
    "results": [
      2915.4590566947772
    ],
    "stddev": [
      2.303993939422359
    ]
  },
  "sub_G2": {
    "range": [
      1
    ],
    "results": [
      2949.151223268106
    ],
    "stddev": [
      1.680332648047214
    ]
  },
  "double_G2": {
    "range": [
      1
    ],
    "results": [
      1989.649301698527
    ],
    "stddev": [
      1.9643184142252346
    ]
  },
  "mul_G2": {
    "range": [
      1
    ],
    "results": [
      1024682.258237109
    ],
    "stddev": [
      3383.203650189891
    ]
  },
  "add_ff": {
    "range": [
      1
    ],
    "results": [
      5.48532490842509
    ],
    "stddev": [
      0.013789318681568694
    ]
  },
  "sub_ff": {
    "range": [
      1
    ],
    "results": [
      9.84660757491133
    ],
    "stddev": [
      0.014731957421804321
    ]
  },
  "neg_ff": {
    "range": [
      1
    ],
    "results": [
      12.240375984779535
    ],
    "stddev": [
      0.016195014207944794
    ]
  },
  "double_ff": {
    "range": [
      1
    ],
    "results": [
      3.650808424356776
    ],
    "stddev": [
      0.0026559947906173013
    ]
  },
  "mul_ff": {
    "range": [
      1
    ],
    "results": [
      40.69441937729309
    ],
    "stddev": [
      0.05602627274830672
    ]
  },
  "square_ff": {
    "range": [
      1
    ],
    "results": [
      31.72271040923497
    ],
    "stddev": [
      0.09644086996811162
    ]
  },
  "inv_ff": {
    "range": [
      1
    ],
    "results": [
      6501.189234915725
    ],
    "stddev": [
      19.730407972124066
    ]
  },
  "ip_ff": {
    "range": [
      2
    ],
    "results": [
      63.29824056691951
    ],
    "stddev": [
      0.1706258456245455
    ]
  }
}