{
  "add_G1": {
    "range": [
      1
    ],
    "results": [
      689.6238842453156
    ],
    "stddev": [
      1.0701191629817641
    ]
  },
  "sub_G1": {
    "range": [
      1
    ],
    "results": [
      707.436441512046
    ],
    "stddev": [
      0.26291050141881006
    ]
  },
  "double_G1": {
    "range": [
      1
    ],
    "results": [
      471.39705757375634
    ],
    "stddev": [
      0.32871819554983117
    ]
  },
  "mul_G1": {
    "range": [
      1
    ],
    "results": [
      240792.202314555
    ],
    "stddev": [
      293.96000847703476
    ]
  },
  "add_G2": {
    "range": [
      1
    ],
    "results": [
      3035.463656867811
    ],
    "stddev": [
      2.4389499106294674
    ]
  },
  "sub_G2": {
    "range": [
      1
    ],
    "results": [
      3061.927434783462
    ],
    "stddev": [
      4.447657170693256
    ]
  },
  "double_G2": {
    "range": [
      1
    ],
    "results": [
      2145.653577717767
    ],
    "stddev": [
      1.308825377344213
    ]
  },
  "mul_G2": {
    "range": [
      1
    ],
    "results": [
      1069760.2936916093
    ],
    "stddev": [
      3667.203639279397
    ]
  },
  "add_ff": {
    "range": [
      1
    ],
    "results": [
      8.003472000298663
    ],
    "stddev": [
      0.0650368119306196
    ]
  },
  "sub_ff": {
    "range": [
      1
    ],
    "results": [
      12.692743415720775
    ],
    "stddev": [
      0.03305329726911459
    ]
  },
  "neg_ff": {
    "range": [
      1
    ],
    "results": [
      13.183566578572341
    ],
    "stddev": [
      0.010171801906249332
    ]
  },
  "double_ff": {
    "range": [
      1
    ],
    "results": [
      4.647851203756927
    ],
    "stddev": [
      0.013759773697785076
    ]
  },
  "mul_ff": {
    "range": [
      1
    ],
    "results": [
      43.9729647002741
    ],
    "stddev": [
      0.09003912063066993
    ]
  },
  "square_ff": {
    "range": [
      1
    ],
    "results": [
      36.45104183010649
    ],
    "stddev": [
      0.02003987395988406
    ]
  },
  "inv_ff": {
    "range": [
      1
    ],
    "results": [
      7563.683450933759
    ],
    "stddev": [
      4.997627069187338
    ]
  },
  "ip_ff": {
    "range": [
      2
    ],
    "results": [
      63.316266929702444
    ],
    "stddev": [
      0.04806573727811892
    ]
  },
  "msm_G1": {
    "range": [
      2,
      4,
      8,
      16,
      32,
      64,
      128,
      256,
      512,
      1024,
      2048,
      4096,
      8192,
      16384,
      32768,
      65536,
      131072,
      262144,
      524288,
      1048576,
      2097152
    ],
    "results": [
      691787.8015654311,
      730422.3247255938,
      770802.1268462281,
      798461.6929011429,
      832380.2538625199,
      948070.7309669203,
      1116428.5561437698,
      1340085.3741646581,
      1811440.119521095,
      2671623.671578947,
      4085791.8007692313,
      6833128.635,
      11535175.403999995,
      21486808.55666666,
      41026838.21,
      79243574.87,
      147362774.16,
      272908298.18,
      483566900.83,
      904391403.38,
      1854289294.5
    ],
    "stddev": [
      19281.833923554055,
      13570.409298781611,
      12390.115938520577,
      12481.41451052948,
      17577.99026821707,
      21457.600685313875,
      67943.88243346005,
      39859.80155637702,
      78548.7731008509,
      26546.444008767805,
      34475.405484136536,
      45068.50295769097,
      117230.91661404332,
      695479.3170485903,
      2227287.35653769,
      8410811.476666309,
      18264511.101558898,
      40808120.75253851,
      42512483.78905845,
      51506245.06032696,
      69902315.68149534
    ]
  },
  "msm_G2": {
    "range": [
      2,
      4,
      8,
      16,
      32,
      64,
      128,
      256,
      512,
      1024,
      2048,
      4096,
      8192,
      16384,
      32768,
      65536,
      131072,
      262144,
      524288,
      1048576,
      2097152
    ],
    "results": [
      1548843.359244014,
      1570019.2274085283,
      1597867.6628070173,
      1660771.871018759,
      1797933.5032726421,
      2113317.5098511903,
      2389311.1627777778,
      3115091.5130304233,
      4725779.389960317,
      7142969.208894993,
      12407866.649360117,
      22787280.43197619,
      39276045.45514549,
      75266027.7315873,
      127092969.90162699,
      201035179.0,
      384375293.1,
      775987191.3,
      1435352109.5,
      2729517735.0,
      5583277842.3
    ],
    "stddev": [
      9703.203659601782,
      7388.85435975041,
      5976.462707578109,
      7003.567112198919,
      8594.238168066764,
      12791.404140159419,
      13964.321473871742,
      12829.770351300911,
      16537.43165831432,
      12673.83799590256,
      33619.40315768669,
      43244.88645701119,
      673666.4124038478,
      2198004.7131933738,
      16834997.33477021,
      33372339.393211573,
      25073130.917658232,
      61519153.05345593,
      57617626.03097035,
      60078387.730963565,
      85802465.75928131
    ]
  },
  "mul_Gt": {
    "range": [
      1
    ],
    "results": [
      205675.4226856261
    ],
    "stddev": [
      1917.227143386782
    ]
  },
  "msm_Gt": {
    "range": [
      2,
      4,
      8,
      16,
      32,
      64,
      128,
      256,
      512,
      1024,
      2048,
      4096,
      8192,
      16384,
      32768,
      65536,
      131072,
      262144
    ],
    "results": [
      1685013.6804276898,
      2962456.773315412,
      5616832.73342437,
      10725193.767689595,
      21000997.756674603,
      41303969.61185185,
      81547617.26972224,
      162158194.36841267,
      323373348.25,
      675002077.3,
      1349719860.3,
      2700177707.0,
      5399668332.4,
      10783808518.0,
      21549843989.1,
      43114680724.0,
      86189928560.7,
      172220698717.9
    ],
    "stddev": [
      600.5478632333618,
      2126.6686483628055,
      3493.164456500405,
      13636.24760305443,
      10847.619343874012,
      75563.88767459599,
      181494.89896974526,
      140847.49857023297,
      167660.88023108582,
      3140232.0210194355,
      4224121.294980698,
      1862560.6799825341,
      1852334.8497783116,
      3358489.496646104,
      10292156.700790972,
      29435134.562245302,
      32969165.58749493,
      109161334.27250263
    ]
  },
  "pairing": {
    "range": [
      1
    ],
    "results": [
      1006508.9340685506
    ],
    "stddev": [
      658.6824487707644
    ]
  },
  "msm_ff": {
    "range": [
      1
    ],
    "results": [
      6299.129090964505
    ],
    "stddev": [
      7.221025023435361
    ]
  },
  "fft": {
    "range": [
      2,
      4,
      8,
      16,
      32,
      64,
      128,
      256,
      512,
      1024,
      2048,
      4096,
      8192,
      16384,
      32768,
      65536,
      131072,
      262144,
      524288,
      1048576,
      2097152
    ],
    "results": [
      154.6987290905515,
      37328.23548007282,
      123368.3288030362,
      265454.8249495799,
      428580.1504604672,
      613582.2841504208,
      744381.3673314285,
      712955.095130597,
      979860.042617359,
      1381712.792605219,
      1826755.915770635,
      2629729.2264748677,
      3561366.9406196573,
      4832159.862508355,
      6570167.606989795,
      9112060.911123017,
      13307829.273645127,
      21121497.506190475,
      37370260.14384921,
      90784669.2376984,
      198314971.23333335
    ],