{
  "add_G1": {
    "range": [
      1
    ],
    "results": [
      2285.9167746784738
    ]
  },
  "sub_G1": {
    "range": [
      1
    ],
    "results": [
      2297.8079316361654
    ]
  },
  "double_G1": {
    "range": [
      1
    ],
    "results": [
      1434.6507029436837
    ]
  },
  "mul_G1": {
    "range": [
      1
    ],
    "results": [
      757280.2144293803
    ]
  },
  "add_G2": {
    "range": [
      1
    ],
    "results": [
      9869.267425058075
    ]
  },
  "sub_G2": {
    "range": [
      1
    ],
    "results": [
      9916.130522364665
    ]
  },
  "double_G2": {
    "range": [
      1
    ],
    "results": [
      6341.752027412062
    ]
  },
  "mul_G2": {
    "range": [
      1
    ],
    "results": [
      3313628.711875
    ]
  },
  "add_ff": {
    "range": [
      1
    ],
    "results": [
      27.094756910567703
    ]
  },
  "sub_ff": {
    "range": [
      1
    ],
    "results": [
      25.515379415917725
    ]
  },
  "neg_ff": {
    "range": [
      1
    ],
    "results": [
      13.33330495041945
    ]
  },
  "double_ff": {
    "range": [
      1
    ],
    "results": [
      8.102607884965671
    ]
  },
  "mul_ff": {
    "range": [
      1
    ],
    "results": [
      161.22546691061612
    ]
  },
  "square_ff": {
    "range": [
      1
    ],
    "results": [
      127.13665889681091
    ]
  },
  "inv_ff": {
    "range": [
      1
    ],
    "results": [
      7778.666997547661
    ]
  },
  "ip_ff": {
    "range": [
      2
    ],
    "results": [
      235.53889930716187
    ]
  }
}