{
  "add_G1": {
    "range": [
      1
    ],
    "results": [
      486.4086682134728
    ],
    "stddev": [
      6.148347551846294
    ]
  },
  "sub_G1": {
    "range": [
      1
    ],
    "results": [
      511.7902435569898
    ],
    "stddev": [
      14.972159992550978
    ]
  },
  "double_G1": {
    "range": [
      1
    ],
    "results": [
      319.0228594639053
    ],
    "stddev": [
      5.300266327707556
    ]
  },
  "mul_G1": {
    "range": [
      1
    ],
    "results": [
      180023.04808875185
    ],
    "stddev": [
      888.3562723644839
    ]
  },
  "add_G2": {
    "range": [
      1
    ],
    "results": [
      2235.1869289815886
    ],
    "stddev": [
      37.39419713440612
    ]
  },
  "sub_G2": {
    "range": [
      1
    ],
    "results": [
      2293.7305071754095
    ],
    "stddev": [
      33.880780566722024
    ]
  },
  "double_G2": {
    "range": [
      1
    ],
    "results": [
      1583.5213338473736
    ],
    "stddev": [
      15.81235454477566
    ]
  },
  "mul_G2": {
    "range": [
      1
    ],
    "results": [
      807034.98599628
    ],
    "stddev": [
      13941.360381926523
    ]
  },
  "add_ff": {
    "range": [
      1
    ],
    "results": [
      4.801986429296436
    ],
    "stddev": [
      0.06466161416814453
    ]
  },
  "sub_ff": {
    "range": [
      1
    ],
    "results": [
      8.643590226568922
    ],
    "stddev": [
      0.06783008159900925
    ]
  },
  "neg_ff": {
    "range": [
      1
    ],
    "results": [
      11.458802130538475
    ],
    "stddev": [
      0.21317334089668577
    ]
  },
  "double_ff": {
    "range": [
      1
    ],
    "results": [
      3.9604218384338914
    ],
    "stddev": [
      0.06413270952569898
    ]
  },
  "mul_ff": {
    "range": [
      1
    ],
    "results": [
      31.382846490220786
    ],
    "stddev": [
      0.39102271285157303
    ]
  },
  "square_ff": {
    "range": [
      1
    ],
    "results": [
      26.895579037412045
    ],
    "stddev": [
      0.5615497454203406
    ]
  },
  "inv_ff": {
    "range": [
      1
    ],
    "results": [
      7400.470023950338
    ],
    "stddev": [
      108.42351432140192
    ]
  },
  "ip_ff": {
    "range": [
      2
    ],
    "results": [
      47.117614200965505
    ],
    "stddev": [
      0.8521375837416192
    ]
  },
  "msm_G1": {
    "range": [
      2,
      4,
      8,
      16,
      32,
      64,
      128,
      256,
      512,
      1024,
      2048,
      4096,
      8192,
      16384,
      32768,
      65536,
      131072,
      262144,
      524288,
      1048576,
      2097152
    ],
    "results": [
      418356.663454578,
      422941.5716829529,
      513691.7645287537,
      528263.5588350536,
      585630.4008232817,
      823088.378424619,
      1181001.6822274441,
      1566146.6120642321,
      2205895.25,
      3157933.9435294117,
      4493881.6274999995,
      5934640.635555558,
      9679045.548333336,
      17694966.473333325,
      33481456.235,
      65029163.58,
      121944195.27,
      270124590.61,
      531104447.78,
      979005743.65,
      1834245348.0
    ],
    "stddev": [
      80348.08895931106,
      90540.11666497914,
      92404.19103526739,
      110895.53636224537,
      96572.57186266968,
      184341.51657041992,
      212639.43200365713,
      194451.40582878093,
      189989.18899080908,
      209206.3790421945,
      181457.26501344665,
      210148.02840774288,
      260081.36011411712,
      459993.9748775126,
      404883.7152385019,
      840521.9640128647,
      1380251.5845428025,
      2219953.5206524343,
      9499404.262690492,
      41351735.385625504,
      52113805.37383837
    ]
  },
  "msm_G2": {
    "range": [
      2,
      4,
      8,
      16,
      32,
      64,
      128,
      256,
      512,
      1024,
      2048,
      4096,
      8192,
      16384,
      32768,
      65536,
      131072,
      262144,
      524288,
      1048576,
      2097152
    ],
    "results": [
      1180366.3924477862,
      1186274.803302412,
      1284591.505005291,
      1451381.8279302092,
      1723163.1146802052,
      2172669.059480256,
      2675250.094672036,
      3906689.9629434096,
      6251398.131791005,
      9758175.88236508,
      14648657.60850907,
      18937482.62934127,
      33469290.596216936,
      63581314.56434524,
      123812644.94214284,
      244411544.50000006,
      467017210.5,
      940263091.6,
      1691070555.4,
      3086242436.9,
      6111028478.3
    ],
    "stddev": [
      39744.87884869673,
      56825.02228865547,
      83514.38345950386,
      44515.36373211891,
      206852.3552832793,
      80603.37972524374,
      134667.41503802003,
      166434.0787830785,
      152575.73005760717,
      182613.4357664818,
      513138.9729244041,
      403805.2279355471,
      946161.8630524932,
      1020288.8492967923,
      1422087.851577035,
      2083757.1889371837,
      4334648.92370238,
      22815916.574001286,
      53961303.875308506,
      70162897.10763493,
      140066751.13412076
    ]
  },
  "mul_Gt": {
    "range": [
      1
    ],
    "results": [
      136276.01971521595
    ],
    "stddev": [
      1413.9059483336239
    ]
  },
  "msm_Gt": {
    "range": [
      2,
      4,
      8,
      16,
      32,
      64,
      128,
      256,
      512,
      1024,
      2048,
      4096,
      8192,
      16384,
      32768,
      65536,
      131072,
      262144
    ],
    "results": [
      1730902.5578526505,
      2731260.141140289,
      4884604.181873434,
      8560798.958430737,
      15997789.64725529,
      30806175.30005291,
      60584597.0995238,
      120241379.73031744,
      239382494.13333336,
      498747466.3,
      994049408.9,
      1989678647.9,
      3972627854.5,
      7923923472.3,
      15844609280.4,
      31595507546.8,
      63156878385.3,
      126330880332.9
    ],
    "stddev": [
      20287.350223683094,
      11544.469507162405,
      20886.675571113472,
      65253.85096951569,
      21187.691609942354,
      55773.368516909264,
      226441.2807368235,
      297408.35731958924,
      418360.87411904114,
      1465731.8516710212,
      3191215.014472715,
      1406262.8125120462,
      2752184.124719102,
      2913515.4111783947,
      13082910.216236044,
      15162678.762960123,
      51563585.57345994,
      43541722.36921983
    ]
  },
  "pairing": {
    "range": [
      1
    ],
    "results": [
      688227.09966971
    ],
    "stddev": [
      1042.7085465563655
    ]
  },
  "msm_ff": {
    "range": [
      1
    ],
    "results": [
      3988.107984450143
    ],
    "stddev": [
      6.146761875909616
    ]
  },
  "fft": {
    "range": [
      2,
      4,
      8,
      16,
      32,
      64,
      128,
      256,
      512,
      1024,
      2048,
      4096,
      8192,
      16384,
      32768,
      65536,
      131072,
      262144,
      524288,
      1048576,
      2097152
    ],
    "results": [
      87.77396807608838,
      21479.87851143136,
      39697.88987419902,
      62536.632193254234,
      85554.18658298666,
      104545.55974334283,
      126761.28248153662,
      181315.03469388903,
      290999.0605023534,
      600693.709992785,
      707680.5459632615,
      1199440.0553789684,
      1632210.4922916666,
      2077004.2989165746,
      2909396.18183622,
      4008206.3774568676,
      6479482.282354496,
      11705600.167247023,
      22542808.200880952,
      57691034.21940476,
      134064943.73912697
    ],