{
  "add_G1": {
    "range": [
      1
    ],
    "results": [
      544.4500114965282
    ],
    "stddev": [
      1.0615641394075384
    ]
  },
  "sub_G1": {
    "range": [
      1
    ],
    "results": [
      561.4253939627027
    ],
    "stddev": [
      0.8630864591555513
    ]
  },
  "double_G1": {
    "range": [
      1
    ],
    "results": [
      352.2682952626472
    ],
    "stddev": [
      0.3168558364741634
    ]
  },
  "mul_G1": {
    "range": [
      1
    ],
    "results": [
      200823.0072423246
    ],
    "stddev": [
      496.5705866799811
    ]
  },
  "add_G2": {
    "range": [
      1
    ],
    "results": [
      2491.991554856565
    ],
    "stddev": [
      3.0028319554270357
    ]
  },
  "sub_G2": {
    "range": [
      1
    ],
    "results": [
      2531.747666018222
    ],
    "stddev": [
      3.7818808275289393
    ]
  },
  "double_G2": {
    "range": [
      1
    ],
    "results": [
      1638.8311260981077
    ],
    "stddev": [
      7.613899501083418
    ]
  },
  "mul_G2": {
    "range": [
      1
    ],
    "results": [
      885980.0197696106
    ],
    "stddev": [
      2480.0652120094137
    ]
  },
  "add_ff": {
    "range": [
      1
    ],
    "results": [
      4.3289106523251455
    ],
    "stddev": [
      0.0030827308984178138
    ]
  },
  "sub_ff": {
    "range": [
      1
    ],
    "results": [
      10.017656627365056
    ],
    "stddev": [
      0.10086085132056359
    ]
  },
  "neg_ff": {
    "range": [
      1
    ],
    "results": [
      12.517292260722877
    ],
    "stddev": [
      0.11904225480338113
    ]
  },
  "double_ff": {
    "range": [
      1
    ],
    "results": [
      3.5569336417518156
    ],
    "stddev": [
      0.003242871251422525
    ]
  },
  "mul_ff": {
    "range": [
      1
    ],
    "results": [
      38.19001449673701
    ],
    "stddev": [
      0.1261209574637681
    ]
  },
  "square_ff": {
    "range": [
      1
    ],
    "results": [
      35.24995050395111
    ],
    "stddev": [
      0.020835743589257296
    ]
  },
  "inv_ff": {
    "range": [
      1
    ],
    "results": [
      7376.211728229638
    ],
    "stddev": [
      14.667476791626013
    ]
  },
  "ip_ff": {
    "range": [
      2
    ],
    "results": [
      55.60448193061854
    ],
    "stddev": [
      0.029819198276732708
    ]
  },
  "msm_G1": {
    "range": [
      2,
      4,
      8,
      16,
      32,
      64,
      128,
      256,
      512,
      1024,
      2048,
      4096,
      8192,
      16384,
      32768,
      65536,
      131072,
      262144,
      524288,
      1048576,
      2097152
    ],
    "results": [
      289734.8378728548,
      299835.39042897115,
      329567.2300093129,
      383654.81655732053,
      383463.0533929068,
      444999.39180833456,
      649723.1565983284,
      919161.2187209566,
      1412660.0162766136,
      2275868.4791304353,
      3923939.108461538,
      4969676.491,
      8532424.996666664,
      14995874.1625,
      24231887.42,
      36522225.84,
      68600850.84,
      166826623.81,
      316464433.12,
      599840005.16,
      1211284840.4
    ],
    "stddev": [
      12742.869933386939,
      13067.825334297657,
      20633.67509400524,
      30944.537069152368,
      27677.54282253728,
      20928.1123147282,
      25998.23552926992,
      30198.81473944604,
      36090.42598505309,
      27765.721775664166,
      25952.316382363777,
      91518.57692214417,
      273794.240463973,
      664034.8558132362,
      1086247.106282313,
      233777.5565666097,
      777702.3665296219,
      385596.83448308276,
      1303582.237153048,
      850035.2200316492,
      2179872.0485352436
    ]
  },
  "msm_G2": {
    "range": [
      2,
      4,
      8,
      16,
      32,
      64,
      128,
      256,
      512,
      1024,
      2048,
      4096,
      8192,
      16384,
      32768,
      65536,
      131072,
      262144,
      524288,
      1048576,
      2097152
    ],
    "results": [
      950218.6332631579,
      971771.3299795188,
      1010125.5941812169,
      1100600.4908151657,
      1123226.4758304649,
      1312185.874730849,
      1662454.433647186,
      2489616.5118983267,
      4031732.667249827,
      6353603.134968253,
      11450101.93395337,
      12658970.521041667,
      22485130.82619841,
      41509925.01613757,
      77279015.76289682,
      145484166.99083334,
      273435043.35,
      563472272.1,
      1113565268.9,
      2156951637.3,
      4400918069.5
    ],
    "stddev": [
      17409.49126818314,
      24982.507582874114,
      14437.520514890455,
      15989.96704781391,
      18403.616726398148,
      21246.9379016405,
      13645.13351347086,
      18445.58048128055,
      21661.84048764134,
      14663.602973626352,
      26749.968878230702,
      253374.6267005863,
      449725.8432811027,
      708199.2117151122,
      1356526.7128549553,
      2057569.071560256,
      953810.7744159491,
      369727.9174288709,
      507477.2713573387,
      1531033.6734635232,
      7974173.318834627
    ]
  },
  "mul_Gt": {
    "range": [
      1
    ],
    "results": [
      165210.46538509132
    ],
    "stddev": [
      1574.722492123414
    ]
  },
  "msm_Gt": {
    "range": [
      2,
      4,
      8,
      16,
      32,
      64,
      128,
      256,
      512,
      1024,
      2048,
      4096,
      8192,
      16384,
      32768,
      65536,
      131072,
      262144
    ],
    "results": [
      1365974.7066139542,
      2515490.674761905,
      4990872.311384712,
      9531309.88486905,
      18469701.17040476,
      36365767.63030423,
      71346965.44001985,
      140296113.11234125,
      278017280.5,
      583268741.1,
      1167649484.6,
      2325118158.3,
      4638395725.1,
      9263881194.8,
      18508822831.4,
      37014567894.6,
      73994812720.6,
      147863551770.2
    ],
    "stddev": [
      3708.977764603533,
      28046.560284913918,
      11017.23227733115,
      20731.26829287488,
      17513.536516186497,
      38777.51076169346,
      178131.07411076128,
      425257.1757888683,
      147857.26026357312,
      4403923.284330291,
      640920.1549730201,
      743273.3571501201,
      1368199.866328487,
      1400274.816905653,
      1915484.7467332752,
      2656624.659278243,
      8513490.990085032,
      10823595.002542721
    ]
  },
  "pairing": {
    "range": [
      1
    ],
    "results": [
      793970.8151754925
    ],
    "stddev": [
      1485.266862865216
    ]
  },
  "msm_ff": {
    "range": [
      1
    ],
    "results": [
      5247.605177607462
    ],
    "stddev": [
      4.77337259040313
    ]
  },
  "fft": {
    "range": [
      2,
      4,
      8,
      16,
      32,
      64,
      128,
      256,
      512,
      1024,
      2048,
      4096,
      8192,
      16384,
      32768,
      65536,
      131072,
      262144,
      524288,
      1048576,
      2097152
    ],
    "results": [
      116.11812069624803,
      16232.660274617738,
      44545.135486763415,
      76335.00726764639,
      138524.75225174148,
      180627.68526004726,
      154078.83224114773,
      271605.5662492368,
      383508.0784188034,
      555422.6545475222,
      815494.9647907647,
      1192838.052148526,
      1544527.5934576723,
      2132023.256534091,
      3036005.4548617513,
      4757819.433297619,
      7624863.321481481,
      13369199.230011338,
      25349709.36456349,
      66332689.86416668,
      138375941.349127
    ],