{
  "add_ff": {
    "range": [
      1
    ],
    "results": [
      3.159917678333819
    ],
    "stddev": [
      0.03375731036373301
    ]
  },
  "mul_ff": {
    "range": [
      1
    ],
    "results": [
      17.975772838174713
    ],
    "stddev": [
      0.12624289919917975
    ]
  },
  "invert": {
    "range": [
      1
    ],
    "results": [
      8151.44276059419
    ],
    "stddev": [
      37.66439838987106
    ]
  },
  "add_G1": {
    "range": [
      1
    ],
    "results": [
      367.8684410588292
    ],
    "stddev": [
      2.508565115662099
    ]
  },
  "mul_G1": {
    "range": [
      1
    ],
    "results": [
      140071.1512644284
    ],
    "stddev": [
      711.618818820663
    ]
  },
  "msm_G1": {
    "range": [
      2,
      4,
      8,
      16,
      32,
      64,
      128,
      256,
      512,
      1024,
      2048,
      4096,
      8192,
      16384,
      32768,
      65536,
      131072,
      262144,
      524288,
      1048576,
      2097152
    ],
    "results": [
      143067.73807296448,
      303885.58240999805,
      411772.2107145949,
      593440.3524559195,
      953301.6279496662,
      662830.7490124981,
      1055405.8617657325,
      1302481.1162121526,
      1696787.074721399,
      2470039.285,
      3612320.820000001,
      5284076.113,
      8724501.178333335,
      14672906.7625,
      24592892.79,
      42416231.09,
      75913452.73,
      142135015.23,
      254490774.14,
      456073494.93,
      824627529.2
    ],
    "stddev": [
      3397.2179145097684,
      5654.732023047218,
      3346.7843197023344,
      4103.193877904249,
      4818.421450110823,
      122726.11474256185,
      94333.05622451458,
      102560.89749376714,
      110118.59328061847,
      70587.74433835359,
      87323.81226348819,
      112091.21209126309,
      142618.14429723832,
      275551.2609532829,
      489499.36833870644,
      731602.4983069575,
      1409335.0391023909,
      5750310.827538047,
      7772452.59555417,
      13549516.739207296,
      6110742.844150682
    ]
  },
  "fft": {
    "range": [
      2,
      4,
      8,
      16,
      32,
      64,
      128,
      256,
      512,
      1024,
      2048,
      4096,
      8192,
      16384,
      32768,
      65536,
      131072,
      262144,
      524288,
      1048576,
      2097152
    ],
    "results": [
      40.28734976288553,
      109.42092525808326,
      301.9240007762812,
      799.8266404375089,
      1972.0152323227157,
      29245.268825625324,
      33390.514711274314,
      48538.95474356725,
      93178.20047225535,
      205443.5530684052,
      304232.99668041803,
      534131.1857744495,
      841301.1769985216,
      1484607.5879656086,
      2778476.668189033,
      5280413.439036596,
      10034967.694047619,
      19578348.602436505,
      38716673.451415345,
      85448124.79511905,
      213354182.76666668
    ],
    "stddev": [
      0.08503479979385713,
      0.09118718457636275,
      0.3142893361488094,
      1.917573249969631,
      2.3698714065486945,
      708.4570403430748,
      314.9450575391698,
      1142.885286680467,
      1287.5221795166879,
      15916.860222413086,
      11801.449424919554,
      58839.26885407308,
      70869.18848719404,
      97089.23486246142,
      87129.95170226645,
      97149.60810883211,
      98964.13803951003,
      147912.53625851154,
      734813.8037928918,
      3568740.6658181055,
      4549911.026109574
    ]
  }
}