{
  "add_ff": {
    "range": [
      1
    ],
    "results": [
      11.327927238493984
    ],
    "stddev": [
      0.07039450752415971
    ]
  },
  "mul_ff": {
    "range": [
      1
    ],
    "results": [
      81.70441610659522
    ],
    "stddev": [
      0.02608396057053198
    ]
  },
  "invert": {
    "range": [
      1
    ],
    "results": [
      24631.522519925027
    ],
    "stddev": [
      7.340095279952191
    ]
  },
  "add_G1": {
    "range": [
      1
    ],
    "results": [
      1347.0862001368766
    ],
    "stddev": [
      0.48171918303582845
    ]
  },
  "mul_G1": {
    "range": [
      1
    ],
    "results": [
      492072.9815520826
    ],
    "stddev": [
      3428.8478695307585
    ]
  },
  "msm_G1": {
    "range": [
      2,
      4,
      8,
      16,
      32,
      64,
      128,
      256,
      512,
      1024,
      2048,
      4096,
      8192,
      16384,
      32768,
      65536,
      131072,
      262144,
      524288,
      1048576,
      2097152
    ],
    "results": [
      469178.53236550814,
      1041402.5014483449,
      1401384.676472412,
      2020690.052799999,
      3257041.701875,
      682674.6948088515,
      1279061.9191486742,
      1652113.857677212,
      2257820.60826087,
      3528271.782000001,
      5621296.486666664,
      8800991.911666673,
      14778013.6,
      25485322.665,
      43999826.885,
      76535526.4,
      137527766.83,
      248295551.74,
      460380965.86,
      837405026.28,
      1555384664.3
    ],
    "stddev": [
      11874.35887739676,
      18611.10038473931,
      13232.627190355173,
      12439.814993335394,
      12076.457850862585,
      16824.53082929969,
      35892.88412519386,
      130877.01752102208,
      71754.13508976421,
      118122.53236573238,
      59095.58045206399,
      18707.883931980978,
      17756.62960157417,
      902902.7968803176,
      782686.8192830159,
      62995.50021596782,
      527410.3377206604,
      1558116.4381658107,
      1408126.1504589212,
      2204260.035943772,
      284009.22749553405
    ]
  },
  "fft": {
    "range": [
      2,
      4,
      8,
      16,
      32,
      64,
      128,
      256,
      512,
      1024,
      2048,
      4096,
      8192,
      16384,
      32768,
      65536,
      131072,
      262144,
      524288,
      1048576,
      2097152
    ],
    "results": [
      145.8979232205116,
      373.80851161074406,
      1026.975813320715,
      2803.3968100208504,
      7067.118189349982,
      45304.08614742904,
      44596.28262719215,
      72262.37896604589,
      210467.2212915613,
      315586.4971774416,
      505052.1871634658,
      888410.9300419942,
      1663684.180476912,
      3229963.1826245207,
      6460494.689174602,
      13345939.707749432,
      26976036.49203373,
      55715982.93521825,
      116591663.52527778,
      259394729.4,
      539607683.3
    ],
    "stddev": [
      0.08059843281942276,
      0.2680237069685019,
      0.17678505559917296,
      0.10866113820871834,
      1.0914454262871631,
      1070.6894667859974,
      441.8096319562144,
      242.76228015049722,
      610.0805691523119,
      1375.2191310200083,
      483.4681304985007,
      3480.199563393945,
      4081.7201132216323,
      11923.936459026932,
      30196.145786797282,
      106546.34975091582,
      247168.141863717,
      956572.7863704083,
      2793505.770436813,
      5752797.274483957,
      10982905.868835552
    ]
  }
}