{
  "add_ff": {
    "range": [
      1
    ],
    "results": [
      5.485208524013938
    ],
    "stddev": [
      0.003974845727255338
    ]
  },
  "mul_ff": {
    "range": [
      1
    ],
    "results": [
      26.593886780483132
    ],
    "stddev": [
      0.09308152442383036
    ]
  },
  "invert": {
    "range": [
      1
    ],
    "results": [
      9327.382139323561
    ],
    "stddev": [
      4.974126633329783
    ]
  },
  "add_G1": {
    "range": [
      1
    ],
    "results": [
      502.7010038719038
    ],
    "stddev": [
      0.5083648218912418
    ]
  },
  "mul_G1": {
    "range": [
      1
    ],
    "results": [
      189169.3804484114
    ],
    "stddev": [
      739.840229434034
    ]
  },
  "msm_G1": {
    "range": [
      2,
      4,
      8,
      16,
      32,
      64,
      128,
      256,
      512,
      1024,
      2048,
      4096,
      8192,
      16384,
      32768,
      65536,
      131072,
      262144,
      524288,
      1048576,
      2097152
    ],
    "results": [
      194034.40927151626,
      409428.14182393125,
      554496.8900982989,
      806232.2038086728,
      1294493.6565176605,
      2116991.0270833336,
      1492259.1700728578,
      1662447.598614171,
      2388927.5233333344,
      2741669.3536842107,
      3234377.87375,
      4708625.547272729,
      6871839.5375,
      11112996.741999999,
      14806896.1725,
      25452274.18,
      42471495.15,
      71927883.17,
      128216874.71,
      231240070.82,
      427762646.7
    ],
    "stddev": [
      3951.862237229896,
      6165.942901758596,
      5147.6394647654815,
      4939.363161816299,
      4814.991970046735,
      4152.199977536081,
      19489.741977548372,
      23353.934145801402,
      25377.159285542315,
      61906.73488023895,
      85338.97172523642,
      62415.22410205101,
      121437.99001470424,
      277379.39704550133,
      374143.74014793045,
      716123.2729415708,
      1517094.2402554555,
      2489990.087625198,
      4617104.810855919,
      3234890.7699837605,
      1520956.1042140762
    ]
  },
  "fft": {
    "range": [
      2,
      4,
      8,
      16,
      32,
      64,
      128,
      256,
      512,
      1024,
      2048,
      4096,
      8192,
      16384,
      32768,
      65536,
      131072,
      262144,
      524288,
      1048576,
      2097152
    ],
    "results": [
      72.74910219641761,
      165.8358262704309,
      430.15018196058344,
      1183.1640119992699,
      2870.424199270198,
      6826.885375354953,
      165328.72389024982,
      133725.38132132444,
      171243.14867509826,
      242347.45939399698,
      458879.0962984126,
      1003955.6589464505,
      1372487.5743609334,
      2050320.3253765434,
      3422131.910293945,
      6196140.7625,
      11358460.937366072,
      22459880.52940476,
      48617098.56900794,
      106656369.7101984,
      258309455.45
    ],
    "stddev": [
      0.014905730114139249,
      0.011041421078199361,
      0.06962648688328009,
      0.136822788390813,
      0.19372265695723997,
      1.761943007561343,
      5111.581022646052,
      6200.751446603233,
      2183.501496892924,
      3491.2136885118266,
      14229.887378226189,
      6119.180795733399,
      6181.097617692327,
      22171.9639004772,
      46415.50842411694,
      82210.66336701367,
      58815.88470098079,
      244410.72161131326,
      1008648.077551085,
      2306677.7754586637,
      3878789.962047458
    ]
  }
}