{
  "add_ff": {
    "range": [
      1
    ],
    "results": [
      4.56245078493982
    ]
  },
  "mul_ff": {
    "range": [
      1
    ],
    "results": [
      23.551426438959812
    ]
  },
  "invert": {
    "range": [
      1
    ],
    "results": [
      9585.840663217845
    ]
  },
  "add_G1": {
    "range": [
      1
    ],
    "results": [
      488.2723172152027
    ]
  },
  "mul_G1": {
    "range": [
      1
    ],
    "results": [
      184534.39636494766
    ]
  },
  "msm_G1": {
    "range": [
      2,
      4,
      8,
      16,
      32,
      64,
      128,
      256,
      512,
      1024,
      2048,
      4096,
      8192,
      16384,
      32768,
      65536,
      131072,
      262144,
      524288,
      1048576,
      2097152
    ],
    "results": [
      185977.70101583985,
      394816.5628682812,
      535308.3377205954,
      772473.5481179422,
      1237432.0459987957,
      607014.5208902,
      1083893.0481803415,
      1293713.125616342,
      1672885.9615798579,
      2517310.6359999995,
      3922606.0730769234,
      5931112.142222226,
      9913689.366666669,
      17056538.526666667,
      29574695.09,
      51487360.05,
      92858845.8,
      167181565.16,
      309233125.95,
      563261607.34,
      1045620159.8
    ]
  },
  "fft": {
    "range": [
      2,
      4,
      8,
      16,
      32,
      64,
      128,
      256,
      512,
      1024,
      2048,
      4096,
      8192,
      16384,
      32768,
      65536,
      131072,
      262144,
      524288,
      1048576,
      2097152
    ],
    "results": [
      64.22805852905667,
      157.41129172727443,
      416.25378252465634,
      1108.0702309263052,
      2714.689471474546,
      95855.5077906015,
      45152.255344830286,
      51551.64662192455,
      139868.22124367562,
      247579.03636753798,
      321475.1238155321,
      473408.62872830825,
      796115.0414537613,
      1420842.1792168897,
      2719214.9508578433,
      5427980.580357143,
      10570291.89453263,
      21385364.998936508,
      44635746.24369047,
      101789210.89638889,
      241550564.43333334
    ]
  }
}