{
  "add_ff": {
    "range": [
      1
    ],
    "results": [
      11.327927238493984
    ]
  },
  "mul_ff": {
    "range": [
      1
    ],
    "results": [
      81.70441610659522
    ]
  },
  "invert": {
    "range": [
      1
    ],
    "results": [
      24631.522519925027
    ]
  },
  "add_G1": {
    "range": [
      1
    ],
    "results": [
      1347.0862001368766
    ]
  },
  "mul_G1": {
    "range": [
      1
    ],
    "results": [
      492072.9815520826
    ]
  },
  "msm_G1": {
    "range": [
      2,
      4,
      8,
      16,
      32,
      64,
      128,
      256,
      512,
      1024,
      2048,
      4096,
      8192,
      16384,
      32768,
      65536,
      131072,
      262144,
      524288,
      1048576,
      2097152
    ],
    "results": [
      469178.53236550814,
      1041402.5014483449,
      1401384.676472412,
      2020690.052799999,
      3257041.701875,
      682674.6948088515,
      1279061.9191486742,
      1652113.857677212,
      2257820.60826087,
      3528271.782000001,
      5621296.486666664,
      8800991.911666673,
      14778013.6,
      25485322.665,
      43999826.885,
      76535526.4,
      137527766.83,
      248295551.74,
      460380965.86,
      837405026.28,
      1555384664.3
    ]
  },
  "fft": {
    "range": [
      2,
      4,
      8,
      16,
      32,
      64,
      128,
      256,
      512,
      1024,
      2048,
      4096,
      8192,
      16384,
      32768,
      65536,
      131072,
      262144,
      524288,
      1048576,
      2097152
    ],
    "results": [
      145.8979232205116,
      373.80851161074406,
      1026.975813320715,
      2803.3968100208504,
      7067.118189349982,
      45304.08614742904,
      44596.28262719215,
      72262.37896604589,
      210467.2212915613,
      315586.4971774416,
      505052.1871634658,
      888410.9300419942,
      1663684.180476912,
      3229963.1826245207,
      6460494.689174602,
      13345939.707749432,
      26976036.49203373,
      55715982.93521825,
      116591663.52527778,
      259394729.4,
      539607683.3
    ]
  }
}