{
  "add_ff": {
    "range": [
      1
    ],
    "results": [
      5.664539419114785
    ],
    "stddev": [
      0.034494849424388616
    ]
  },
  "mul_ff": {
    "range": [
      1
    ],
    "results": [
      33.72226631037213
    ],
    "stddev": [
      0.027899511836167505
    ]
  },
  "invert": {
    "range": [
      1
    ],
    "results": [
      11546.698176559228
    ],
    "stddev": [
      17.458082938123322
    ]
  },
  "add_G1": {
    "range": [
      1
    ],
    "results": [
      563.4127416090708
    ],
    "stddev": [
      2.1276850953060835
    ]
  },
  "mul_G1": {
    "range": [
      1
    ],
    "results": [
      212681.83083358206
    ],
    "stddev": [
      729.1956024911003
    ]
  },
  "msm_G1": {
    "range": [
      2,
      4,
      8,
      16,
      32,
      64,
      128,
      256,
      512,
      1024,
      2048,
      4096,
      8192,
      16384,
      32768,
      65536,
      131072,
      262144,
      524288,
      1048576,
      2097152
    ],
    "results": [
      217343.36223715154,
      455866.78862515953,
      615814.9842341392,
      556927.3993320604,
      1007191.9584954936,
      1281340.2447083874,
      1748096.9039626427,
      2727162.186315791,
      4388013.298333333,
      6852242.84125,
      11548458.472000001,
      19892500.30666667,
      34718099.465,
      60548401.49,
      109014012.69,
      196520934.01,
      364317143.3,
      665029893.59,
      1253417408.23,
      2414769047.46,
      4503479586.7
    ],
    "stddev": [
      5150.720397043103,
      7039.966909104084,
      5494.462207354413,
      14851.956688112045,
      14179.850119152048,
      24643.750186294452,
      21629.95791527233,
      21507.481875788348,
      29160.709599255413,
      55112.21023342076,
      57583.5967541002,
      188181.0315240599,
      228736.85217439564,
      85306.68914469662,
      134675.5318236906,
      275167.7122744053,
      880332.2189038581,
      786578.1776513265,
      1322192.618359858,
      1851303.9918347734,
      5791569.133483447
    ]
  },
  "fft": {
    "range": [
      2,
      4,
      8,
      16,
      32,
      64,
      128,
      256,
      512,
      1024,
      2048,
      4096,
      8192,
      16384,
      32768,
      65536,
      131072,
      262144,
      524288,
      1048576,
      2097152
    ],
    "results": [
      87.59123754686658,
      203.51161379229657,
      525.3181214141987,
      19228.37139072814,
      20587.37023342564,
      26538.08122015961,
      37882.96377712414,
      82125.75857531482,
      128258.12194489219,
      193029.00026348533,
      327191.892601411,
      589060.4244392572,
      1124036.4619527727,
      2219315.515611692,
      4616785.606871031,
      9443135.338154761,
      19700247.82253968,
      41545470.03690477,
      91249472.61498016,
      207677132.70000002,
      479564562.95
    ],
    "stddev": [
      0.12807452314132345,
      0.1451260213310718,
      0.15047970925958318,
      372.9711920230088,
      414.5725345424952,
      304.13973660363615,
      314.1467035473267,
      764.6910925219087,
      370.4591768556311,
      431.26209055290195,
      2879.2674425231453,
      8732.493059894412,
      5173.302967933377,
      9471.355204667469,
      23109.405497016294,
      41224.86154429681,
      125078.75764520036,
      460568.284814033,
      1284270.257103256,
      1616948.1142522192,
      8613680.889078585
    ]
  }
}