{
  "add_ff": {
    "range": [
      1
    ],
    "results": [
      5.3014409180528075
    ],
    "stddev": [
      0.05707720353437192
    ]
  },
  "mul_ff": {
    "range": [
      1
    ],
    "results": [
      23.84370003281387
    ],
    "stddev": [
      0.012400724384299615
    ]
  },
  "invert": {
    "range": [
      1
    ],
    "results": [
      10079.409731550279
    ],
    "stddev": [
      46.85777405100766
    ]
  },
  "add_G1": {
    "range": [
      1
    ],
    "results": [
      475.28143781162856
    ],
    "stddev": [
      1.5904272325614413
    ]
  },
  "mul_G1": {
    "range": [
      1
    ],
    "results": [
      182858.7223455845
    ],
    "stddev": [
      1319.0734296637556
    ]
  },
  "msm_G1": {
    "range": [
      2,
      4,
      8,
      16,
      32,
      64,
      128,
      256,
      512,
      1024,
      2048,
      4096,
      8192,
      16384,
      32768,
      65536,
      131072,
      262144,
      524288,
      1048576,
      2097152
    ],
    "results": [
      176485.18338373813,
      378296.86382574914,
      509365.7240891902,
      734323.6170677142,
      1177491.5243656363,
      453201.50207061,
      657262.320024827,
      799049.8831318787,
      1053249.4448900325,
      1631742.751521188,
      2517235.8455,
      3895884.5628571426,
      6453487.755,
      10635347.774,
      17663500.49333333,
      30639286.54,
      55135473.65,
      99269038.64,
      177668267.58,
      319433636.93,
      592741581.6
    ],
    "stddev": [
      4042.4910980832697,
      6229.230747566687,
      4407.828949975166,
      5632.970287214338,
      5536.898707225073,
      14598.691604827778,
      67357.66451373362,
      55284.020041077914,
      81286.87724892364,
      160583.09533793706,
      28744.009722160423,
      70766.39502773878,
      132688.57618040836,
      247369.7485877149,
      342820.4315706678,
      1356500.9656884337,
      336307.19625590456,
      685344.4018872777,
      7688294.413305777,
      348896.9633792835,
      491707.4438747496
    ]
  },
  "fft": {
    "range": [
      2,
      4,
      8,
      16,
      32,
      64,
      128,
      256,
      512,
      1024,
      2048,
      4096,
      8192,
      16384,
      32768,
      65536,
      131072,
      262144,
      524288,
      1048576,
      2097152
    ],
    "results": [
      52.48946089411769,
      138.88589023613628,
      373.94991139955494,
      1006.2201979515042,
      2477.1932785215477,
      39506.698402167276,
      51840.57048735926,
      63669.35594134864,
      115149.22829505996,
      202299.7185910449,
      327532.06534001057,
      526775.9677502882,
      953499.2550223215,
      1719703.6538110499,
      3251274.012383689,
      6130535.003240741,
      11901991.266021827,
      23525479.36611111,
      49344484.06023809,
      104585984.56789683,
      238439923.86666664
    ],
    "stddev": [
      0.06849961670806852,
      0.27063124555422635,
      0.2693310268557981,
      3.140775566956179,
      3.838506392518202,
      302.1848983924441,
      139.60741257249563,
      1401.4994600830323,
      9313.981725559903,
      3598.957311477022,
      13881.699097401317,
      24148.517347011097,
      25874.794069422296,
      18554.612834747215,
      12915.044195464776,
      33152.587327164336,
      66250.68954152206,
      226496.2959671627,
      706715.2635443686,
      1557415.0826014227,
      1815435.8891077337
    ]
  }
}