{
  "add_ff": {
    "range": [
      1
    ],
    "results": [
      6.406544301104926
    ],
    "stddev": [
      0.0030308044289050445
    ]
  },
  "mul_ff": {
    "range": [
      1
    ],
    "results": [
      31.627664754109205
    ],
    "stddev": [
      0.029635082805595844
    ]
  },
  "invert": {
    "range": [
      1
    ],
    "results": [
      12157.51159146202
    ],
    "stddev": [
      12.126412217069552
    ]
  },
  "add_G1": {
    "range": [
      1
    ],
    "results": [
      579.4930494611369
    ],
    "stddev": [
      0.1803982825222504
    ]
  },
  "mul_G1": {
    "range": [
      1
    ],
    "results": [
      218300.2005740063
    ],
    "stddev": [
      648.077158389711
    ]
  },
  "msm_G1": {
    "range": [
      2,
      4,
      8,
      16,
      32,
      64,
      128,
      256,
      512,
      1024,
      2048,
      4096,
      8192,
      16384,
      32768,
      65536,
      131072,
      262144,
      524288,
      1048576,
      2097152
    ],
    "results": [
      220621.8566069505,
      467649.32302689995,
      634012.1997597032,
      916200.78205152,
      1469715.9734330685,
      309875.73451183055,
      619783.8968197696,
      779458.5549517712,
      1055898.5188999446,
      1671284.9941649875,
      2608956.1939999997,
      3997841.9384615384,
      6759916.58,
      11599175.134000001,
      20234314.786666665,
      35158578.25,
      62903955.74,
      113720481.85,
      211385980.38,
      384772017.31,
      717598300.9
    ],
    "stddev": [
      5270.291907581807,
      7864.785364065773,
      5140.727181809396,
      6259.518196198379,
      5232.775426799959,
      34744.11371603539,
      56451.92007980669,
      90420.92125601904,
      60179.27836843013,
      204433.33716866802,
      27270.05916664396,
      74407.52096166323,
      81824.29049754939,
      206552.71165602843,
      578594.3295262955,
      977964.5481967061,
      216781.78924465127,
      258336.03042449866,
      780766.2171054506,
      1297667.9333184257,
      10625182.534930753
    ]
  },
  "fft": {
    "range": [
      2,
      4,
      8,
      16,
      32,
      64,
      128,
      256,
      512,
      1024,
      2048,
      4096,
      8192,
      16384,
      32768,
      65536,
      131072,
      262144,
      524288,
      1048576,
      2097152
    ],
    "results": [
      74.34235279831974,
      178.05789398420262,
      481.80822395997313,
      1307.5274644467245,
      3228.935285246306,
      19933.737146209725,
      31670.46539438063,
      46303.88748556627,
      73086.86765604847,
      197917.26619082052,
      301751.6050584726,
      475360.7776099538,
      826798.5612387387,
      1533494.7938088626,
      3021377.2244790066,
      6140317.282603174,
      12376071.848735118,
      24860769.206140876,
      52999038.45218254,
      123962096.58400793,
      286116059.1
    ],
    "stddev": [
      0.021764269009736974,
      0.030227405350789292,
      0.11517098921314435,
      0.16679683396102338,
      0.2924545795474667,
      499.66327275814774,
      62.11330233492547,
      573.4658385255588,
      340.99937207689374,
      404.26399173777526,
      864.391089115202,
      904.3718924462632,
      1453.1834905349651,
      6576.108264304966,
      19570.958367275292,
      23530.135270928728,
      135519.56531195162,
      221826.16071342572,
      1618423.5566686222,
      2251723.369186202,
      5950074.240479046
    ]
  }
}