{
  "add_ff": {
    "range": [
      1
    ],
    "results": [
      5.981002656850863
    ],
    "stddev": [
      0.0836262764187718
    ]
  },
  "mul_ff": {
    "range": [
      1
    ],
    "results": [
      31.06026832390046
    ],
    "stddev": [
      0.6876751414373672
    ]
  },
  "invert": {
    "range": [
      1
    ],
    "results": [
      10864.009169723871
    ],
    "stddev": [
      144.28570445034742
    ]
  },
  "add_G1": {
    "range": [
      1
    ],
    "results": [
      595.1337827014269
    ],
    "stddev": [
      11.510666027071876
    ]
  },
  "mul_G1": {
    "range": [
      1
    ],
    "results": [
      224858.81586035673
    ],
    "stddev": [
      9672.730824789132
    ]
  },
  "msm_G1": {
    "range": [
      2,
      4,
      8,
      16,
      32,
      64,
      128,
      256,
      512,
      1024,
      2048,
      4096,
      8192,
      16384,
      32768,
      65536,
      131072,
      262144,
      524288,
      1048576,
      2097152
    ],
    "results": [
      227278.13923570383,
      413843.64613307716,
      835844.475973545,
      1132019.5787956517,
      1623495.7005208377,
      2587152.7044999986,
      4229191.903333332,
      6781292.565,
      11521576.578000003,
      20120089.860000003,
      35124256.88,
      61405387.29,
      110186698.23,
      198983292.9,
      372347758.42,
      680543564.67,
      1284545126.82,
      2486327374.31,
      4725135919.26,
      9087738079.59,
      17901729723.5
    ],
    "stddev": [
      5651.3686163787615,
      8377.67532578666,
      13961.511874417922,
      42261.5122001837,
      41914.13656679009,
      7409.38473240223,
      16204.73992709175,
      30449.889968076448,
      158243.08102010877,
      325193.4472393392,
      292242.9785969555,
      1545845.5469360987,
      64560.11225034464,
      218179.101658729,
      2104808.0687272325,
      8189346.199371851,
      8799498.94833306,
      9370262.654577484,
      18197019.945342027,
      27669045.682050765,
      43346305.22444438
    ]
  },
  "fft": {
    "range": [
      2,
      4,
      8,
      16,
      32,
      64,
      128,
      256,
      512,
      1024,
      2048,
      4096,
      8192,
      16384,
      32768,
      65536,
      131072,
      262144,
      524288,
      1048576,
      2097152
    ],
    "results": [
      84.52473585114608,
      4834.558281778149,
      7328.976203318113,
      8411.646877918789,
      14102.069035183911,
      20809.687844619162,
      33223.55227217298,
      61531.27746732186,
      125940.12802845663,
      255285.6238506236,
      493380.8568967822,
      1007239.7024145297,
      2121092.440816722,
      4496860.165273999,
      9609167.54334127,
      21099767.780039683,
      47725286.02398808,
      108176809.17511907,
      242505085.06666666,
      529556299.8,
      1212972982.5
    ],
    "stddev": [
      0.25543461735774997,
      403.15000608117253,
      396.4521965736496,
      464.4533092772787,
      29.91310273890416,
      70.7247068834815,
      75.78761684783406,
      1694.793676818268,
      1495.4068589313542,
      6590.643952964369,
      1926.3619756460307,
      7176.216393939674,
      15959.024239475619,
      21315.79097930909,
      21845.67909181247,
      59795.21439335505,
      698922.8107831225,
      608506.5036167348,
      1798012.595240778,
      2268993.2713338663,
      4504358.540288977
    ]
  }
}