{
  "add_ff": {
    "range": [
      1
    ],
    "results": [
      6.168823222018797
    ],
    "stddev": [
      0.007095830466827955
    ]
  },
  "mul_ff": {
    "range": [
      1
    ],
    "results": [
      33.582947946715414
    ],
    "stddev": [
      0.1613110546088647
    ]
  },
  "invert": {
    "range": [
      1
    ],
    "results": [
      10833.001944848003
    ],
    "stddev": [
      7.69099266892702
    ]
  },
  "add_G1": {
    "range": [
      1
    ],
    "results": [
      583.6490748537075
    ],
    "stddev": [
      1.2040475296641102
    ]
  },
  "mul_G1": {
    "range": [
      1
    ],
    "results": [
      219534.12185528045
    ],
    "stddev": [
      1314.3314210687768
    ]
  },
  "msm_G1": {
    "range": [
      2,
      4,
      8,
      16,
      32,
      64,
      128,
      256,
      512,
      1024,
      2048,
      4096,
      8192,
      16384,
      32768,
      65536,
      131072,
      262144,
      524288,
      1048576,
      2097152
    ],
    "results": [
      228326.30408635532,
      470405.17303687043,
      640013.5115029429,
      542358.0905983204,
      1013240.1234866361,
      1303915.9185608404,
      1794002.8876895658,
      2782225.2611111104,
      4471536.732499999,
      6983658.6125,
      11796557.803999996,
      20280295.359999992,
      35390187.185,
      61994738.21,
      111083456.4,
      200300972.25,
      371205624.48,
      678089572.07,
      1276859432.14,
      2462116665.53,
      4595618600.0
    ],
    "stddev": [
      5390.685287747858,
      7587.559143361653,
      6282.245444716223,
      12026.697306940647,
      23867.792947610313,
      37143.68365015636,
      43055.10198816456,
      53605.26382219039,
      81220.63559210894,
      69558.97430719422,
      203420.8574634744,
      86261.25704064741,
      193131.95554697383,
      2192116.4541219897,
      125809.39494799265,
      435809.1924394293,
      394854.1956982724,
      810463.721122781,
      2840052.1262318376,
      3150616.8350737463,
      5644692.440802138
    ]
  },
  "fft": {
    "range": [
      2,
      4,
      8,
      16,
      32,
      64,
      128,
      256,
      512,
      1024,
      2048,
      4096,
      8192,
      16384,
      32768,
      65536,
      131072,
      262144,
      524288,
      1048576,
      2097152
    ],
    "results": [
      84.12636478551266,
      196.56550247607328,
      518.8421792536865,
      17321.408364722673,
      20158.994718552312,
      26050.419686023615,
      37188.71263397574,
      73468.30450336334,
      121175.14020974303,
      192809.00970995362,
      309139.41066342115,
      548620.8761103939,
      1064366.1553253043,
      2119422.5669444446,
      4394722.909554044,
      9128909.80700397,
      19058252.77914286,
      40664032.71443121,
      91282909.5357143,
      205140253.06666663,
      481449926.3
    ],
    "stddev": [
      0.011807301732995311,
      0.023379932744210307,
      0.14901553643893292,
      382.9818808221659,
      114.22380053808091,
      128.10977320264092,
      912.4588432090327,
      2749.0192587830225,
      393.27999541999645,
      767.6925510632753,
      3331.566923126375,
      2556.975537311841,
      9948.194648580615,
      5335.672351346662,
      15753.191167141318,
      84687.53763556379,
      106273.86752828474,
      428106.0691881856,
      2063604.964532959,
      3710477.591780001,
      7173049.017712685
    ]
  }
}