{
  "add_ff": {
    "range": [
      1
    ],
    "results": [
      5.664539419114785
    ]
  },
  "mul_ff": {
    "range": [
      1
    ],
    "results": [
      33.72226631037213
    ]
  },
  "invert": {
    "range": [
      1
    ],
    "results": [
      11546.698176559228
    ]
  },
  "add_G1": {
    "range": [
      1
    ],
    "results": [
      563.4127416090708
    ]
  },
  "mul_G1": {
    "range": [
      1
    ],
    "results": [
      212681.83083358206
    ]
  },
  "msm_G1": {
    "range": [
      2,
      4,
      8,
      16,
      32,
      64,
      128,
      256,
      512,
      1024,
      2048,
      4096,
      8192,
      16384,
      32768,
      65536,
      131072,
      262144,
      524288,
      1048576,
      2097152
    ],
    "results": [
      217343.36223715154,
      455866.78862515953,
      615814.9842341392,
      556927.3993320604,
      1007191.9584954936,
      1281340.2447083874,
      1748096.9039626427,
      2727162.186315791,
      4388013.298333333,
      6852242.84125,
      11548458.472000001,
      19892500.30666667,
      34718099.465,
      60548401.49,
      109014012.69,
      196520934.01,
      364317143.3,
      665029893.59,
      1253417408.23,
      2414769047.46,
      4503479586.7
    ]
  },
  "fft": {
    "range": [
      2,
      4,
      8,
      16,
      32,
      64,
      128,
      256,
      512,
      1024,
      2048,
      4096,
      8192,
      16384,
      32768,
      65536,
      131072,
      262144,
      524288,
      1048576,
      2097152
    ],
    "results": [
      87.59123754686658,
      203.51161379229657,
      525.3181214141987,
      19228.37139072814,
      20587.37023342564,
      26538.08122015961,
      37882.96377712414,
      82125.75857531482,
      128258.12194489219,
      193029.00026348533,
      327191.892601411,
      589060.4244392572,
      1124036.4619527727,
      2219315.515611692,
      4616785.606871031,
      9443135.338154761,
      19700247.82253968,
      41545470.03690477,
      91249472.61498016,
      207677132.70000002,
      479564562.95
    ]
  }
}