{
  "add_ff": {
    "range": [
      1
    ],
    "results": [
      5.981002656850863
    ]
  },
  "mul_ff": {
    "range": [
      1
    ],
    "results": [
      31.06026832390046
    ]
  },
  "invert": {
    "range": [
      1
    ],
    "results": [
      10864.009169723871
    ]
  },
  "add_G1": {
    "range": [
      1
    ],
    "results": [
      595.1337827014269
    ]
  },
  "mul_G1": {
    "range": [
      1
    ],
    "results": [
      224858.81586035673
    ]
  },
  "msm_G1": {
    "range": [
      2,
      4,
      8,
      16,
      32,
      64,
      128,
      256,
      512,
      1024,
      2048,
      4096,
      8192,
      16384,
      32768,
      65536,
      131072,
      262144,
      524288,
      1048576,
      2097152
    ],
    "results": [
      227278.13923570383,
      413843.64613307716,
      835844.475973545,
      1132019.5787956517,
      1623495.7005208377,
      2587152.7044999986,
      4229191.903333332,
      6781292.565,
      11521576.578000003,
      20120089.860000003,
      35124256.88,
      61405387.29,
      110186698.23,
      198983292.9,
      372347758.42,
      680543564.67,
      1284545126.82,
      2486327374.31,
      4725135919.26,
      9087738079.59,
      17901729723.5
    ]
  },
  "fft": {
    "range": [
      2,
      4,
      8,
      16,
      32,
      64,
      128,
      256,
      512,
      1024,
      2048,
      4096,
      8192,
      16384,
      32768,
      65536,
      131072,
      262144,
      524288,
      1048576,
      2097152
    ],
    "results": [
      84.52473585114608,
      4834.558281778149,
      7328.976203318113,
      8411.646877918789,
      14102.069035183911,
      20809.687844619162,
      33223.55227217298,
      61531.27746732186,
      125940.12802845663,
      255285.6238506236,
      493380.8568967822,
      1007239.7024145297,
      2121092.440816722,
      4496860.165273999,
      9609167.54334127,
      21099767.780039683,
      47725286.02398808,
      108176809.17511907,
      242505085.06666666,
      529556299.8,
      1212972982.5
    ]
  }
}