{
  "add_G1": {
    "range": [
      1
    ],
    "results": [
      527.2843447334377
    ],
    "stddev": [
      0.4649833707700768
    ]
  },
  "sub_G1": {
    "range": [
      1
    ],
    "results": [
      533.6502792839415
    ],
    "stddev": [
      0.8495950478313187
    ]
  },
  "double_G1": {
    "range": [
      1
    ],
    "results": [
      278.2310594155183
    ],
    "stddev": [
      0.28204266799125227
    ]
  },
  "mul_G1": {
    "range": [
      1
    ],
    "results": [
      91806.91845089744
    ],
    "stddev": [
      259.055432632575
    ]
  },
  "add_G2": {
    "range": [
      1
    ],
    "results": [
      1786.8997294059468
    ],
    "stddev": [
      2.017671170301477
    ]
  },
  "sub_G2": {
    "range": [
      1
    ],
    "results": [
      1797.8129205218283
    ],
    "stddev": [
      16.425858454209344
    ]
  },
  "double_G2": {
    "range": [
      1
    ],
    "results": [
      847.9110851743062
    ],
    "stddev": [
      0.965457537766647
    ]
  },
  "mul_G2": {
    "range": [
      1
    ],
    "results": [
      432007.07159253414
    ],
    "stddev": [
      965.4017106933944
    ]
  },
  "add_ff": {
    "range": [
      1
    ],
    "results": [
      8.93803546218026
    ],
    "stddev": [
      0.06250296344296094
    ]
  },
  "sub_ff": {
    "range": [
      1
    ],
    "results": [
      9.797650953553317
    ],
    "stddev": [
      0.0643542049590324
    ]
  },
  "neg_ff": {
    "range": [
      1
    ],
    "results": [
      4.902876316151772
    ],
    "stddev": [
      0.019165844997374955
    ]
  },
  "double_ff": {
    "range": [
      1
    ],
    "results": [
      4.310644723464481
    ],
    "stddev": [
      0.009947128054614092
    ]
  },
  "mul_ff": {
    "range": [
      1
    ],
    "results": [
      36.37279974789985
    ],
    "stddev": [
      0.03065042323901918
    ]
  },
  "square_ff": {
    "range": [
      1
    ],
    "results": [
      32.030860938330214
    ],
    "stddev": [
      0.027138951209879067
    ]
  },
  "inv_ff": {
    "range": [
      1
    ],
    "results": [
      6256.724941373914
    ],
    "stddev": [
      5.201554536678431
    ]
  },
  "ip_ff": {
    "range": [
      2
    ],
    "results": [
      50.821554630273056
    ],
    "stddev": [
      0.04700966556847705
    ]
  },
  "msm_G1": {
    "range": [
      2,
      4,
      8,
      16,
      32,
      64,
      128,
      256,
      512,
      1024,
      2048,
      4096,
      8192,
      16384,
      32768,
      65536,
      131072,
      262144,
      524288,
      1048576,
      2097152
    ],
    "results": [
      222698.78205097583,
      253979.33161546904,
      296688.8510597485,
      374587.12988305464,
      521674.6662223374,
      777721.777102552,
      1103961.097286557,
      1703643.542418233,
      2644435.2710526325,
      4357132.135833332,
      8189654.0171428565,
      14970569.535,
      27235165.395,
      44622043.985,
      88169217.85,
      169099079.11,
      309295997.69,
      641549324.59,
      1262491967.32,
      2432277873.49,
      4050471550.3
    ],
    "stddev": [
      4366.05134365776,
      4833.854885552197,
      3460.2549277874236,
      9018.749225887974,
      4876.536111822549,
      4334.12316003002,
      8629.965001348013,
      7751.618073084061,
      17313.38494347388,
      42877.10949238737,
      27924.652119392533,
      316235.2019721832,
      788597.2508897532,
      533495.5668748826,
      108514.2785879697,
      7633613.511744947,
      11258641.204388311,
      8871340.693467459,
      17335420.856218584,
      20556818.297259748,
      52490892.221475974
    ]
  },
  "msm_G2": {
    "range": [
      2,
      4,
      8,
      16,
      32,
      64,
      128,
      256,
      512,
      1024,
      2048,
      4096,
      8192,
      16384,
      32768,
      65536,
      131072,
      262144,
      524288,
      1048576,
      2097152
    ],
    "results": [
      514251.73831768706,
      606181.6836812169,
      719528.7528977629,
      927607.628242344,
      1296093.8224206348,
      1980235.6191243962,
      2865266.646107391,
      4649409.861220238,
      7478700.9958669115,
      12342797.86764881,
      23421070.84590278,
      42560016.43371693,
      77112759.10855158,
      128119694.84162697,
      254800985.1,
      459558068.05,
      865557392.8,
      1740797526.3,
      3455749031.5,
      6761790880.6,
      10746356040.4
    ],
    "stddev": [
      4478.616065925533,
      3638.9393193501337,
      2709.7960275611617,
      6121.830015094843,
      4288.538423230007,
      4999.847107423306,
      5321.33844414124,
      9892.986639531999,
      48703.422661694785,
      80807.61302362086,
      65749.46966325074,
      284168.06634372816,
      1078167.4843055375,
      705732.0958503848,
      483665.2616986153,
      6711071.902262474,
      7369633.779381928,
      8823232.160543744,
      14813982.893731173,
      43820789.38750961,
      36065953.48970962
    ]
  },
  "mul_Gt": {
    "range": [
      1
    ],
    "results": [
      660170.5005567141
    ],
    "stddev": [
      9347.06017414165
    ]
  },
  "msm_Gt": {
    "range": [
      2,
      4,
      8,
      16,
      32,
      64,
      128,
      256,
      512,
      1024,
      2048,
      4096,
      8192,
      16384,
      32768,
      65536,
      131072,
      262144
    ],
    "results": [
      1417909.5543504274,
      2062569.237950617,
      2662191.0018673474,
      4201457.253163781,
      6515883.250825396,
      12211078.72205357,
      23645125.755079366,
      46664344.605059534,
      92672041.18079364,
      184735374.0,
      368483819.15,
      779849681.3,
      1560535648.0,
      3116655634.2,
      6225697068.3,
      12441044498.5,
      24861350427.7,
      49785766931.4
    ],
    "stddev": [
      666.0711858345882,
      2057.5503629791715,
      8878.418701854327,
      184063.4852632875,
      27195.12383833753,
      85721.21679392306,
      32499.200980537968,
      98405.10556365967,
      119681.63888104177,
      216009.71799641143,
      260621.73699300774,
      467313.2978827052,
      482352.83924322453,
      1017484.1192164917,
      2430504.7213531616,
      3612060.7677317183,
      6796705.233519357,
      30537056.611665614
    ]
  },
  "pairing": {
    "range": [
      1
    ],
    "results": [
      1091942.520243292
    ],
    "stddev": [
      1006.4942118496941
    ]
  },
  "msm_ff": {
    "range": [
      1
    ],
    "results": [
      5046.458296410992
    ],
    "stddev": [
      4.715471874578891
    ]
  },
  "fft": {
    "range": [
      2,
      4,
      8,
      16,
      32,
      64,
      128,
      256,
      512,
      1024,
      2048,
      4096,
      8192,
      16384,
      32768,
      65536,
      131072,
      262144,
      524288,
      1048576,
      2097152
    ],
    "results": [
      146.25517250630577,
      17007.382575008873,
      34013.473711888684,
      49394.158161953565,
      62209.20001719395,
      82258.27986869481,
      114505.57704816468,
      166736.86610329154,
      259878.5370353412,
      383141.14184650464,
      558457.4643482519,
      802962.3712284182,
      1248260.2154424875,
      2123463.9313289034,
      3992368.1785196685,
      7875312.352337962,
      15396105.505575394,
      30422661.661970902,
      62209015.73664683,
      154343026.30619046,
      340806918.35
    ],