{
  "msm_G1": {
    "range": [
      2,
      4,
      8,
      16,
      32,
      64,
      128,
      256,
      512,
      1024,
      2048,
      4096,
      8192,
      16384,
      32768,
      65536,
      131072,
      262144,
      524288,
      1048576,
      2097152
    ],
    "results": [
      285199.2411315563,
      291905.61223978637,
      351945.34947510005,
      440159.1930709639,
      473115.34706049116,
      540528.6977835203,
      717213.8227316167,
      901888.9202527687,
      1062299.6106418816,
      1524768.3255080986,
      2470555.0000000005,
      4389768.895,
      7640433.162857141,
      14536985.01,
      28277932.835,
      55873076.44,
      106464035.58,
      229576984.41,
      438572059.04,
      807573372.02,
      1341265483.7
    ]
  },
  "msm_G2": {
    "range": [
      2,
      4,
      8,
      16,
      32,
      64,
      128,
      256,
      512,
      1024,
      2048,
      4096,
      8192,
      16384,
      32768,
      65536,
      131072,
      262144,
      524288,
      1048576,
      2097152
    ],
    "results": [
      461119.44580301177,
      481075.47796553886,
      563502.6792644032,
      699732.3512899878,
      803168.8235735171,
      983007.9785731353,
      1305203.4620476193,
      1817845.1912340492,
      2208452.4029062735,
      3343486.7560742632,
      5991981.629570933,
      11319187.974717813,
      20019814.49145238,
      39197171.9652381,
      78065667.34180555,
      154965044.925,
      291157090.95,
      545809697.7,
      1041886026.6,
      1958391030.8,
      2963760678.0
    ]
  },
  "mul_Gt": {
    "range": [
      1
    ],
    "results": [
      489520.570166624
    ]
  },
  "msm_Gt": {
    "range": [
      2,
      4,
      8,
      16,
      32,
      64,
      128,
      256,
      512,
      1024,
      2048,
      4096,
      8192,
      16384,
      32768,
      65536,
      131072,
      262144
    ],
    "results": [
      1104431.3170993496,
      1643958.9581462587,
      2063575.2629232805,
      2976091.6910560676,
      4819286.56133041,
      8812028.869357863,
      15592383.29162037,
      30432278.328809522,
      60207061.92214285,
      119706173.7681746,
      239168661.39999995,
      494746524.85,
      1016892434.8,
      2033786993.2,
      4063496034.9,
      8121842733.0,
      16220647248.4,
      32429188284.0
    ]
  },
  "pairing": {
    "range": [
      1
    ],
    "results": [
      832038.0938600289
    ]
  },
  "msm_ff": {
    "range": [
      1
    ],
    "results": [
      4652.754908857787
    ]
  },
  "fft": {
    "range": [
      2,
      4,
      8,
      16,
      32,
      64,
      128,
      256,
      512,
      1024,
      2048,
      4096,
      8192,
      16384,
      32768,
      65536,
      131072,
      262144,
      524288,
      1048576,
      2097152
    ],
    "results": [
      113.03826325900437,
      20002.15477556524,
      74861.91504118618,
      175644.88622962352,
      314871.2685192508,
      404767.4287275132,
      369959.159447832,
      417407.4760322921,
      588287.035046851,
      673632.959138154,
      832656.4471536797,
      1128382.3201523614,
      1341744.2933625118,
      1667316.332658009,
      2209976.8666581633,
      3405402.6961081713,
      5518264.8550350135,
      9636202.996130953,
      18100860.633710317,
      48713207.13845238,
      110873213.10365078
    ]
  }
}