{
  "add_G1": {
    "range": [
      1
    ],
    "results": [
      371.2620951775948
    ],
    "stddev": [
      1.296492100344396
    ]
  },
  "sub_G1": {
    "range": [
      1
    ],
    "results": [
      373.3016295189652
    ],
    "stddev": [
      0.35027445325960843
    ]
  },
  "double_G1": {
    "range": [
      1
    ],
    "results": [
      176.27761669892723
    ],
    "stddev": [
      0.1119365996197957
    ]
  },
  "mul_G1": {
    "range": [
      1
    ],
    "results": [
      66662.86193034083
    ],
    "stddev": [
      221.29331959035494
    ]
  },
  "add_G2": {
    "range": [
      1
    ],
    "results": [
      1136.5062570734099
    ],
    "stddev": [
      3.1801726255939533
    ]
  },
  "sub_G2": {
    "range": [
      1
    ],
    "results": [
      1166.3412521490363
    ],
    "stddev": [
      1.1007385545888453
    ]
  },
  "double_G2": {
    "range": [
      1
    ],
    "results": [
      486.1767645123346
    ],
    "stddev": [
      0.5831907751637804
    ]
  },
  "mul_G2": {
    "range": [
      1
    ],
    "results": [
      302991.9489902851
    ],
    "stddev": [
      657.2246501216612
    ]
  },
  "add_ff": {
    "range": [
      1
    ],
    "results": [
      4.039308847248869
    ],
    "stddev": [
      0.002696002302615786
    ]
  },
  "sub_ff": {
    "range": [
      1
    ],
    "results": [
      4.0905206738042645
    ],
    "stddev": [
      0.0020792350844180416
    ]
  },
  "neg_ff": {
    "range": [
      1
    ],
    "results": [
      3.632939124591968
    ],
    "stddev": [
      0.007585433629989081
    ]
  },
  "double_ff": {
    "range": [
      1
    ],
    "results": [
      3.4284470754866656
    ],
    "stddev": [
      0.0016645075954619753
    ]
  },
  "mul_ff": {
    "range": [
      1
    ],
    "results": [
      26.953122700269954
    ],
    "stddev": [
      0.024901253183179196
    ]
  },
  "square_ff": {
    "range": [
      1
    ],
    "results": [
      22.66436887355259
    ],
    "stddev": [
      0.03217894875515246
    ]
  },
  "inv_ff": {
    "range": [
      1
    ],
    "results": [
      4301.006514077637
    ],
    "stddev": [
      5.107388180348465
    ]
  },
  "ip_ff": {
    "range": [
      2
    ],
    "results": [
      37.31250953892513
    ],
    "stddev": [
      0.03477309633439121
    ]
  },
  "msm_G1": {
    "range": [
      2,
      4,
      8,
      16,
      32,
      64,
      128,
      256,
      512,
      1024,
      2048,
      4096,
      8192,
      16384,
      32768,
      65536,
      131072,
      262144,
      524288,
      1048576,
      2097152
    ],
    "results": [
      194666.81662316353,
      198513.5924984439,
      208653.82717325178,
      248791.4563324948,
      250411.57382007086,
      316943.98607817374,
      431956.40515278967,
      677996.0396042838,
      882302.3773851361,
      1443444.6762324655,
      2356751.830454544,
      4081326.578461538,
      7042590.782857142,
      12020000.115,
      20796810.47,
      35545080.795,
      52587998.94,
      131130820.04,
      248078567.81,
      469413190.23,
      963126414.1
    ],
    "stddev": [
      4217.9373531097635,
      6386.935135508695,
      10380.738762166684,
      10880.382854083085,
      8882.134105182466,
      14287.749535193692,
      10647.65975673615,
      17027.262840572654,
      45896.12717530207,
      46616.25233535377,
      24493.446774680044,
      52228.762333899365,
      173887.41807275763,
      423293.7316568742,
      350551.06143238116,
      1029745.3538841486,
      223067.22400450584,
      274777.993650726,
      2807440.1650274037,
      975053.5026022608,
      1269101.2320233914
    ]
  },
  "msm_G2": {
    "range": [
      2,
      4,
      8,
      16,
      32,
      64,
      128,
      256,
      512,
      1024,
      2048,
      4096,
      8192,
      16384,
      32768,
      65536,
      131072,
      262144,
      524288,
      1048576,
      2097152
    ],
    "results": [
      356473.85533449,
      372414.7899971892,
      416203.9034780273,
      469118.6072016537,
      513682.9197136243,
      657604.4479902624,
      823531.7987976191,
      1251815.5636339423,
      1482509.901297363,
      2385758.624340017,
      4020194.946601104,
      7253246.3188919425,
      12854529.637504961,
      23724839.794950396,
      44015765.32878307,
      80693362.3477381,
      146344879.75535712,
      298317618.95,
      586258377.8,
      1127007588.7,
      2314739373.5
    ],
    "stddev": [
      12609.688452589031,
      15540.876392007778,
      19535.387670248907,
      21261.279688598926,
      23716.489781462886,
      15624.100416851734,
      16304.827745329481,
      22536.363305885272,
      24456.194870460364,
      61772.64534596509,
      19269.522350935575,
      56413.75423685057,
      189031.71722404598,
      389227.06055199506,
      692982.3735609724,
      1294409.9357017279,
      1415431.4668452393,
      3478927.3103919937,
      2097853.9514820282,
      4503914.108887181,
      8778308.24699973
    ]
  },
  "mul_Gt": {
    "range": [
      1
    ],
    "results": [
      290623.4396548368
    ],
    "stddev": [
      5443.244502953311
    ]
  },
  "msm_Gt": {
    "range": [
      2,
      4,
      8,
      16,
      32,
      64,
      128,
      256,
      512,
      1024,
      2048,
      4096,
      8192,
      16384,
      32768,
      65536,
      131072,
      262144
    ],
    "results": [
      711613.0912366187,
      1312826.7920316341,
      1563945.7295466776,
      2603394.6684689154,
      4397659.439684429,
      7684096.5033201035,
      14567046.591575965,
      27693348.05564484,
      52825300.32210318,
      102543836.04412699,
      201478076.89999998,
      444868094.85,
      883469574.9,
      1757284762.0,
      3501074513.1,
      6983869719.2,
      13946043424.5,
      27872660148.7
    ],
    "stddev": [
      9770.278651413073,
      13330.774786894182,
      52386.716201609874,
      18748.740005344625,
      18071.686662306176,
      20695.895590164735,
      14326.211181014323,
      76493.7847890265,
      239752.28364650684,
      518604.3907081511,
      167386.45984415256,
      418340.49013184523,
      1386868.2717524725,
      1844090.3254145118,
      1903092.3718416009,
      3834579.294662866,
      10982640.441997765,
      18527069.390831195
    ]
  },
  "pairing": {
    "range": [
      1
    ],
    "results": [
      523109.8566595969
    ],
    "stddev": [
      2564.6775231015977
    ]
  },
  "msm_ff": {
    "range": [
      1
    ],
    "results": [
      3438.2707697247774
    ],
    "stddev": [
      2.706197483045043
    ]
  },
  "fft": {
    "range": [
      2,
      4,
      8,
      16,
      32,
      64,
      128,
      256,
      512,
      1024,
      2048,
      4096,
      8192,
      16384,
      32768,
      65536,
      131072,
      262144,
      524288,
      1048576,
      2097152
    ],
    "results": [
      93.27638283239749,
      14812.368812821474,
      47003.71722719369,
      74553.28727720564,
      142669.18439754186,
      176832.15616606915,
      153636.23105627703,
      205406.17923775438,
      377290.95258306025,
      490690.18064589164,
      717998.593979815,
      1061738.7221167027,
      1403672.51863937,
      1851624.2143587298,
      2552453.517670855,
      3972831.1084851623,
      6234731.049478836,
      10436771.371962082,
      19515554.301222228,
      57933708.75847222,
      101128699.23888889
    ],