{
  "add_G1": {
    "range": [
      1
    ],
    "results": [
      406.59369151332015
    ],
    "stddev": [
      0.6880140425005054
    ]
  },
  "sub_G1": {
    "range": [
      1
    ],
    "results": [
      410.6999704843704
    ],
    "stddev": [
      0.5688458563781446
    ]
  },
  "double_G1": {
    "range": [
      1
    ],
    "results": [
      189.7559981374101
    ],
    "stddev": [
      0.5428821054808302
    ]
  },
  "mul_G1": {
    "range": [
      1
    ],
    "results": [
      116143.96211173563
    ],
    "stddev": [
      250.2170589802381
    ]
  },
  "add_G2": {
    "range": [
      1
    ],
    "results": [
      1348.2678775739469
    ],
    "stddev": [
      3.8682355014684116
    ]
  },
  "sub_G2": {
    "range": [
      1
    ],
    "results": [
      1372.6167382993276
    ],
    "stddev": [
      4.273490692384668
    ]
  },
  "double_G2": {
    "range": [
      1
    ],
    "results": [
      629.3606395640662
    ],
    "stddev": [
      2.550481991430795
    ]
  },
  "mul_G2": {
    "range": [
      1
    ],
    "results": [
      340854.8783398126
    ],
    "stddev": [
      981.6975698607425
    ]
  },
  "add_ff": {
    "range": [
      1
    ],
    "results": [
      5.504288176602904
    ],
    "stddev": [
      0.005511718125239724
    ]
  },
  "sub_ff": {
    "range": [
      1
    ],
    "results": [
      5.594931760539688
    ],
    "stddev": [
      0.006227211186693561
    ]
  },
  "neg_ff": {
    "range": [
      1
    ],
    "results": [
      4.175514574282481
    ],
    "stddev": [
      0.0039925762532959895
    ]
  },
  "double_ff": {
    "range": [
      1
    ],
    "results": [
      3.5879371089378083
    ],
    "stddev": [
      0.002783693025464429
    ]
  },
  "mul_ff": {
    "range": [
      1
    ],
    "results": [
      28.04651434761934
    ],
    "stddev": [
      0.026512832185933876
    ]
  },
  "square_ff": {
    "range": [
      1
    ],
    "results": [
      22.983434683142928
    ],
    "stddev": [
      0.013081584251908479
    ]
  },
  "inv_ff": {
    "range": [
      1
    ],
    "results": [
      4444.473673617452
    ],
    "stddev": [
      23.482204846939347
    ]
  },
  "ip_ff": {
    "range": [
      2
    ],
    "results": [
      39.571414260788984
    ],
    "stddev": [
      0.031349021084162314
    ]
  },
  "msm_G1": {
    "range": [
      2,
      4,
      8,
      16,
      32,
      64,
      128,
      256,
      512,
      1024,
      2048,
      4096,
      8192,
      16384,
      32768,
      65536,
      131072,
      262144,
      524288,
      1048576,
      2097152
    ],
    "results": [
      284989.00045641983,
      290804.95683715545,
      350049.00452509033,
      438705.15018571826,
      474084.31249139755,
      538455.34947257,
      710477.9446527995,
      894216.0675231431,
      1057223.3860005096,
      1497285.4226632726,
      2442133.829999999,
      4287892.413333334,
      7496261.947142855,
      14210423.2025,
      27950008.395,
      54534850.75,
      103875621.15,
      226387645.84,
      425062681.17,
      796007787.88,
      1304886675.3
    ],
    "stddev": [
      2562.9391617334727,
      3295.7666932132033,
      3948.3516039415967,
      4132.684574607125,
      6580.801833966214,
      11333.751329473333,
      4448.817495775159,
      7010.947356264276,
      20769.651918520536,
      24026.898463783673,
      28220.992057983945,
      45409.388062358885,
      85410.02727553726,
      49867.538935084,
      495781.08961202466,
      100047.57174138461,
      202911.9880675055,
      517204.96966198477,
      15576238.956094733,
      5870975.475887119,
      26927128.72733755
    ]
  },
  "msm_G2": {
    "range": [
      2,
      4,
      8,
      16,
      32,
      64,
      128,
      256,
      512,
      1024,
      2048,
      4096,
      8192,
      16384,
      32768,
      65536,
      131072,
      262144,
      524288,
      1048576,
      2097152
    ],
    "results": [
      457146.59927075857,
      476999.8488984459,
      562073.7267746914,
      694505.9314727978,
      798141.0766997355,
      975599.7562989698,
      1294937.7258573663,
      1801743.518739496,
      2184391.8652664395,
      3309182.33553288,
      5907832.862472719,
      11129646.91940476,
      19974060.731182538,
      38503788.642526455,
      76309418.69986112,
      151404309.64892858,
      287681634.15,
      541663819.6,
      1015169761.9,
      1922999239.2,
      2885751990.7
    ],
    "stddev": [
      1219.2152911911087,
      1509.1762877582473,
      2890.8953128673816,
      1901.998301064501,
      3200.380508903159,
      2133.2590970775855,
      2280.7917683215146,
      6135.802072747774,
      9320.77388231296,
      26204.093736299503,
      27643.89261153113,
      102422.88717314968,
      536291.1821529785,
      55635.83688948898,
      428444.2358394439,
      1247009.8686109192,
      752457.8377627896,
      9392994.75527896,
      8683187.521633774,
      12347758.869314227,
      15017725.230710529
    ]
  },
  "mul_Gt": {
    "range": [
      1
    ],
    "results": [
      491174.1251079536
    ],
    "stddev": [
      10289.475398715967
    ]
  },
  "msm_Gt": {
    "range": [
      2,
      4,
      8,
      16,
      32,
      64,
      128,
      256,
      512,
      1024,
      2048,
      4096,
      8192,
      16384,
      32768,
      65536,
      131072,
      262144
    ],
    "results": [
      1105289.4730522088,
      1642949.9018700398,
      2062666.4006798943,
      2969521.3996658986,
      4836357.133796992,
      8808200.988647187,
      15612011.678710317,
      30488947.66679894,
      60283261.452083334,
      119743178.73436508,
      239311830.06666666,
      507935910.0,
      1018032118.8,
      2035429449.4,
      4065399993.8,
      8126492197.7,
      16230616371.3,
      32439287913.9
    ],
    "stddev": [
      1839.565148139394,
      2163.079025350397,
      3856.9902182561154,
      3872.411574621708,
      48827.17386760859,
      10894.141756142368,
      6305.363238197926,
      12441.213119509584,
      42857.283961384586,
      134708.9627040318,
      243688.38934871857,
      395165.4498938388,
      291310.791991234,
      524513.6850516294,
      839473.1029512262,
      1402638.1505041884,
      3125085.0601716125,
      5463011.597719712
    ]
  },
  "pairing": {
    "range": [
      1
    ],
    "results": [
      833200.4749181097
    ],
    "stddev": [
      3832.9387910878295
    ]
  },
  "msm_ff": {
    "range": [
      1
    ],
    "results": [
      4625.460069108031
    ],
    "stddev": [
      5.11568175033243
    ]
  },
  "fft": {
    "range": [
      2,
      4,
      8,
      16,
      32,
      64,
      128,
      256,
      512,
      1024,
      2048,
      4096,
      8192,
      16384,
      32768,
      65536,
      131072,
      262144,
      524288,
      1048576,
      2097152
    ],
    "results": [
      110.61415483650933,
      20561.9396653023,
      74775.3857569558,
      174484.2809858536,
      312448.7774820613,
      402103.1527412557,
      372149.89089692297,
      417565.26746324333,
      586866.8685524833,
      675788.3222222222,
      825389.6106709957,
      1119342.5831591175,
      1337946.243252818,
      1657688.2247056277,
      2203405.5932208993,
      3414588.1897148737,
      5598375.205739962,
      9772450.115654761,
      18373063.307777777,
      49189819.001250006,
      110593727.30186507
    ],