{
  "add_G1": {
    "range": [
      1
    ],
    "results": [
      316.22188704077814
    ],
    "stddev": [
      4.104803624955776
    ]
  },
  "sub_G1": {
    "range": [
      1
    ],
    "results": [
      316.89271147380373
    ],
    "stddev": [
      4.923413006350096
    ]
  },
  "double_G1": {
    "range": [
      1
    ],
    "results": [
      146.3201513967218
    ],
    "stddev": [
      2.872746854081136
    ]
  },
  "mul_G1": {
    "range": [
      1
    ],
    "results": [
      59555.027763129474
    ],
    "stddev": [
      511.1786336428412
    ]
  },
  "add_G2": {
    "range": [
      1
    ],
    "results": [
      1058.470778031177
    ],
    "stddev": [
      17.92598547615723
    ]
  },
  "sub_G2": {
    "range": [
      1
    ],
    "results": [
      1070.3965168375455
    ],
    "stddev": [
      18.149788083190746
    ]
  },
  "double_G2": {
    "range": [
      1
    ],
    "results": [
      502.1739078035157
    ],
    "stddev": [
      7.47487902241117
    ]
  },
  "mul_G2": {
    "range": [
      1
    ],
    "results": [
      276700.6278223762
    ],
    "stddev": [
      4544.0424162833515
    ]
  },
  "add_ff": {
    "range": [
      1
    ],
    "results": [
      4.667006795398585
    ],
    "stddev": [
      0.0465714390068066
    ]
  },
  "sub_ff": {
    "range": [
      1
    ],
    "results": [
      4.502374864722109
    ],
    "stddev": [
      0.08066071565876744
    ]
  },
  "neg_ff": {
    "range": [
      1
    ],
    "results": [
      4.14600915366458
    ],
    "stddev": [
      0.06940914486038995
    ]
  },
  "double_ff": {
    "range": [
      1
    ],
    "results": [
      4.000525824528008
    ],
    "stddev": [
      0.07764873947980927
    ]
  },
  "mul_ff": {
    "range": [
      1
    ],
    "results": [
      22.632307038258105
    ],
    "stddev": [
      0.3062299350319291
    ]
  },
  "square_ff": {
    "range": [
      1
    ],
    "results": [
      17.971360453816427
    ],
    "stddev": [
      0.32287680317224093
    ]
  },
  "inv_ff": {
    "range": [
      1
    ],
    "results": [
      4766.517988546527
    ],
    "stddev": [
      78.05188491630979
    ]
  },
  "ip_ff": {
    "range": [
      2
    ],
    "results": [
      33.51670040245872
    ],
    "stddev": [
      0.5306110348109004
    ]
  },
  "msm_G1": {
    "range": [
      2,
      4,
      8,
      16,
      32,
      64,
      128,
      256,
      512,
      1024,
      2048,
      4096,
      8192,
      16384,
      32768,
      65536,
      131072,
      262144,
      524288,
      1048576,
      2097152
    ],
    "results": [
      358366.8976856097,
      348677.6949196434,
      375285.9564814182,
      464232.22331644426,
      410235.36422028264,
      624760.2484735257,
      790886.2462803532,
      1209150.9432795062,
      1394991.8358273052,
      1811462.5526715007,
      2724836.186842105,
      4393057.003333334,
      6915525.26125,
      12392854.32,
      23092956.03333334,
      44188197.06,
      82355509.0,
      188147346.95,
      368322988.8,
      672961247.25,
      1089650584.1
    ],
    "stddev": [
      84016.98967630693,
      83873.42517694748,
      126904.41329502597,
      108201.28924070686,
      118618.25597536072,
      137036.4244230785,
      231974.62532862753,
      230433.48590415262,
      260048.18667771848,
      289784.0368883544,
      209615.0935312022,
      180372.0416060795,
      234729.4316079347,
      331117.4640809053,
      423232.84199425287,
      689317.5573089346,
      1257008.2119957292,
      2146229.8919458203,
      6022757.58265674,
      22256931.375364315,
      43225559.2073102
    ]
  },
  "msm_G2": {
    "range": [
      2,
      4,
      8,
      16,
      32,
      64,
      128,
      256,
      512,
      1024,
      2048,
      4096,
      8192,
      16384,
      32768,
      65536,
      131072,
      262144,
      524288,
      1048576,
      2097152
    ],
    "results": [
      513082.8301527564,
      521977.29300613067,
      647778.969530001,
      642197.1918909131,
      901578.4692662474,
      1064816.6632497353,
      1452647.3004669312,
      2054124.6761596121,
      2249645.355262897,
      3188890.6866762447,
      5235076.171820988,
      9092965.130992064,
      15523840.433366403,
      29483679.24829365,
      56479582.506051585,
      111281065.63107142,
      209846222.56666666,
      444829560.3,
      850348606.0,
      1571131067.8,
      2490634189.3
    ],
    "stddev": [
      50439.000848579824,
      63800.13396441171,
      99835.20211611435,
      56356.882350258216,
      132207.13039906367,
      213731.84147704497,
      223022.7222004586,
      148118.03015451832,
      145329.5538560057,
      199091.11592259794,
      152342.92824544417,
      143513.77064697415,
      377883.8982751997,
      363356.34245437477,
      849118.2236357006,
      998615.7997233093,
      1270278.5215537075,
      5635025.324871651,
      30476817.36804781,
      28116645.55015224,
      68007158.19279099
    ]
  },
  "mul_Gt": {
    "range": [
      1
    ],
    "results": [
      403265.99178660015
    ],
    "stddev": [
      5730.502968909204
    ]
  },
  "msm_Gt": {
    "range": [
      2,
      4,
      8,
      16,
      32,
      64,
      128,
      256,
      512,
      1024,
      2048,
      4096,
      8192,
      16384,
      32768,
      65536,
      131072,
      262144
    ],
    "results": [
      894368.2114344072,
      1315498.5657556937,
      2257838.5005361983,
      3028864.0374179897,
      4760105.556031746,
      7588091.632866299,
      12888560.340987105,
      24415243.338432543,
      47443509.74704365,
      93342373.80087301,
      185466329.8333333,
      397391401.7,
      792342020.1,
      1579260720.7,
      3153798033.4,
      6286453688.2,
      12526356484.1,
      25024203334.9
    ],
    "stddev": [
      2399.6494675087642,
      3557.239834067263,
      11422.539037002894,
      6947.4631229746155,
      32690.85080788947,
      63490.445908668116,
      59112.07524126208,
      184278.11066141952,
      221768.3015722249,
      454992.322834628,
      441012.44054564723,
      685519.3234090196,
      2331509.12707304,
      2930845.9395893207,
      5584319.6763546085,
      10050399.361816194,
      18700404.46654358,
      22353801.19444716
    ]
  },
  "pairing": {
    "range": [
      1
    ],
    "results": [
      680165.3614848377
    ],
    "stddev": [
      2302.4854059823697
    ]
  },
  "msm_ff": {
    "range": [
      1
    ],
    "results": [
      2984.81769103801
    ],
    "stddev": [
      3.840144552680727
    ]
  },
  "fft": {
    "range": [
      2,
      4,
      8,
      16,
      32,
      64,
      128,
      256,
      512,
      1024,
      2048,
      4096,
      8192,
      16384,
      32768,
      65536,
      131072,
      262144,
      524288,
      1048576,
      2097152
    ],
    "results": [
      75.2462470271569,
      22047.692143034754,
      37402.110059090075,
      58298.26871426052,
      80636.738544572,
      99989.32103069621,
      112079.937587008,
      154196.99852910955,
      267247.097116284,
      360074.1072087666,
      688300.4458162845,
      978432.3727842566,
      1435265.166425519,
      1986030.398376393,
      2524072.6489253542,
      3420800.998923993,
      5644363.082441643,
      9480230.801912699,
      17315519.181541007,
      45423548.36649471,
      97511386.67503968
    ],