{
  "msm_G1": {
    "range": [
      2,
      4,
      8,
      16,
      32,
      64,
      128,
      256,
      512,
      1024,
      2048,
      4096,
      8192,
      16384,
      32768,
      65536,
      131072,
      262144,
      524288,
      1048576,
      2097152
    ],
    "results": [
      294584.1068244919,
      462457.8239145562,
      549398.3608202712,
      797167.3903701982,
      1286158.2448941267,
      2114836.4545833315,
      3193149.563125,
      5383053.130000001,
      9363409.493333338,
      15560005.345,
      27931619.1,
      50151721.64,
      91805148.35,
      169074728.74,
      313303243.23,
      585944564.37,
      1131444345.47,
      2219434348.21,
      4276739829.91,
      8328803105.82,
      16275381029.6
    ],
    "stddev": [
      5759.085417048114,
      21181.98256400713,
      13741.814631097472,
      17068.098306033375,
      34220.473418530564,
      12111.434487717832,
      16851.03089144209,
      54983.320713833724,
      673287.2573040349,
      92582.62624339799,
      133280.78777509532,
      264761.013176469,
      792587.6342298985,
      2535478.7039139443,
      9458575.265013758,
      7814858.604235549,
      25071534.772794172,
      29106841.522471614,
      49270072.82231468,
      143467386.9189058,
      80655367.52822044
    ]
  },
  "msm_G2": {
    "range": [
      2,
      4,
      8,
      16,
      32,
      64,
      128,
      256,
      512,
      1024,
      2048,
      4096,
      8192,
      16384,
      32768,
      65536,
      131072,
      262144,
      524288,
      1048576,
      2097152
    ],
    "results": [
      730457.8469444443,
      1033825.1871031746,
      1465346.9831223232,
      2221888.948539489,
      3692340.893779366,
      6006645.629005456,
      9202474.731130952,
      15658026.125873018,
      27138327.01420635,
      45884089.39545635,
      82669141.89867064,
      148555197.54321426,
      270899329.45,
      495170722.75,
      924528392.8,
      1705843395.4,
      3265039988.7,
      6252194464.2,
      11505999236.0,
      22395491954.1,
      42064931675.8
    ],
    "stddev": [
      770.5405157425582,
      1050.1558149242085,
      1827.4598141158904,
      1467.0494786085267,
      172848.23343479622,
      19238.259248369643,
      11702.263732111927,
      12129.929891383346,
      113220.95890145132,
      113335.12129562387,
      187554.6484739902,
      349842.25109303626,
      971631.5725476259,
      1160104.2690226005,
      4244548.412848151,
      5165853.43463326,
      31736546.73615932,
      35992152.87014427,
      44533593.02840424,
      81210551.23053809,
      113279177.51536393
    ]
  },
  "mul_Gt": {
    "range": [
      1
    ],
    "results": [
      628527.0417294974
    ],
    "stddev": [
      9017.062603937387
    ]
  },
  "msm_Gt": {
    "range": [
      2,
      4,
      8,
      16,
      32,
      64,
      128,
      256,
      512,
      1024,
      2048,
      4096,
      8192,
      16384,
      32768,
      65536,
      131072,
      262144
    ],
    "results": [
      1363555.3902819236,
      2019998.538842305,
      3249982.1014129817,
      5889390.036148314,
      11153904.068395061,
      21573110.239063494,
      42571871.06787037,
      83622942.26857144,
      165481025.68150792,
      328529175.3,
      656768765.0,
      1338494414.8,
      2728273849.2,
      5449063942.4,
      10904800963.1,
      21810620073.8,
      43620984528.5,
      87308431124.5
    ],
    "stddev": [
      2599.114845190959,
      102506.80425946703,
      13352.33027273318,
      45353.94385670112,
      93610.83345306647,
      272686.68323539564,
      144824.62313905,
      183063.46086906036,
      299582.70848410553,
      83106.73038304418,
      181164.2898470888,
      283326.5311688265,
      24386026.155838225,
      3223847.28398875,
      23460389.995468285,
      29798575.157167498,
      57629624.98544725,
      123562013.57555005
    ]
  },
  "pairing": {
    "range": [
      1
    ],
    "results": [
      1046408.7843719211
    ],
    "stddev": [
      1600.987544320041
    ]
  },
  "msm_ff": {
    "range": [
      1
    ],
    "results": [
      5202.997426937308
    ],
    "stddev": [
      16.389594898640034
    ]
  },
  "fft": {
    "range": [
      2,
      4,
      8,
      16,
      32,
      64,
      128,
      256,
      512,
      1024,
      2048,
      4096,
      8192,
      16384,
      32768,
      65536,
      131072,
      262144,
      524288,
      1048576,
      2097152
    ],
    "results": [
      155.5026685351466,
      6168.7754165309725,
      11799.073994677474,
      18436.446851970635,
      35667.86922556946,
      56469.09560114617,
      86718.69108700876,
      126514.18748732365,
      224256.72318776572,
      394504.0776335241,
      682975.4072953216,
      1297739.1411893584,
      2486064.5866344916,
      5089555.850359348,
      10823460.264766315,
      22728817.418283734,
      48518424.24194445,
      104258026.22174604,
      225177179.9333333,
      509263332.0,
      1077719957.9
    ],
    "stddev": [
      6.125999318522229,
      256.35882529440954,
      371.33920491302536,
      968.6092841739118,
      516.4806337539713,
      264.939581323222,
      259.0872749326184,
      854.5073143472418,
      485.2687672233335,
      3324.486276412757,
      4431.3736862672795,
      7005.430437670123,
      5089.498763410772,
      3838.7801384419063,
      327947.12991256407,
      25448.465691340698,
      205996.69059029786,
      364377.6661304425,
      1072624.1343048979,
      1212465.2996577674,
      1874458.5077326437
    ]
  }
}