{
  "add_G1": {
    "range": [
      1
    ],
    "results": [
      1511.080340383958
    ],
    "stddev": [
      0.4726321314646656
    ]
  },
  "sub_G1": {
    "range": [
      1
    ],
    "results": [
      1522.4496878725936
    ],
    "stddev": [
      0.39177636228752055
    ]
  },
  "double_G1": {
    "range": [
      1
    ],
    "results": [
      715.8719432797677
    ],
    "stddev": [
      0.4969100398207014
    ]
  },
  "mul_G1": {
    "range": [
      1
    ],
    "results": [
      370609.2469037215
    ],
    "stddev": [
      1724.8388660592052
    ]
  },
  "add_G2": {
    "range": [
      1
    ],
    "results": [
      4713.222185919753
    ],
    "stddev": [
      2.259999687165448
    ]
  },
  "sub_G2": {
    "range": [
      1
    ],
    "results": [
      4747.646579659842
    ],
    "stddev": [
      3.416055185175608
    ]
  },
  "double_G2": {
    "range": [
      1
    ],
    "results": [
      2013.47460690923
    ],
    "stddev": [
      0.5806527400726537
    ]
  },
  "mul_G2": {
    "range": [
      1
    ],
    "results": [
      1090668.8660740322
    ],
    "stddev": [
      7480.474031223364
    ]
  },
  "add_ff": {
    "range": [
      1
    ],
    "results": [
      21.033254929489647
    ],
    "stddev": [
      0.017351099883219753
    ]
  },
  "sub_ff": {
    "range": [
      1
    ],
    "results": [
      19.58290761108228
    ],
    "stddev": [
      0.05169079746626195
    ]
  },
  "neg_ff": {
    "range": [
      1
    ],
    "results": [
      11.52821706280389
    ],
    "stddev": [
      0.008157988775223415
    ]
  },
  "double_ff": {
    "range": [
      1
    ],
    "results": [
      6.4951692576954345
    ],
    "stddev": [
      0.007081771924150899
    ]
  },
  "mul_ff": {
    "range": [
      1
    ],
    "results": [
      107.49618666143834
    ],
    "stddev": [
      0.054138326375806456
    ]
  },
  "square_ff": {
    "range": [
      1
    ],
    "results": [
      87.24889094567159
    ],
    "stddev": [
      0.058156161757313266
    ]
  },
  "inv_ff": {
    "range": [
      1
    ],
    "results": [
      5572.072420981484
    ],
    "stddev": [
      2.320879636784016
    ]
  },
  "ip_ff": {
    "range": [
      2
    ],
    "results": [
      154.43633015071833
    ],
    "stddev": [
      0.054172733647225815
    ]
  }
}