{
  "add_G1": {
    "range": [
      1
    ],
    "results": [
      1511.080340383958
    ]
  },
  "sub_G1": {
    "range": [
      1
    ],
    "results": [
      1522.4496878725936
    ]
  },
  "double_G1": {
    "range": [
      1
    ],
    "results": [
      715.8719432797677
    ]
  },
  "mul_G1": {
    "range": [
      1
    ],
    "results": [
      370609.2469037215
    ]
  },
  "add_G2": {
    "range": [
      1
    ],
    "results": [
      4713.222185919753
    ]
  },
  "sub_G2": {
    "range": [
      1
    ],
    "results": [
      4747.646579659842
    ]
  },
  "double_G2": {
    "range": [
      1
    ],
    "results": [
      2013.47460690923
    ]
  },
  "mul_G2": {
    "range": [
      1
    ],
    "results": [
      1090668.8660740322
    ]
  },
  "add_ff": {
    "range": [
      1
    ],
    "results": [
      21.033254929489647
    ]
  },
  "sub_ff": {
    "range": [
      1
    ],
    "results": [
      19.58290761108228
    ]
  },
  "neg_ff": {
    "range": [
      1
    ],
    "results": [
      11.52821706280389
    ]
  },
  "double_ff": {
    "range": [
      1
    ],
    "results": [
      6.4951692576954345
    ]
  },
  "mul_ff": {
    "range": [
      1
    ],
    "results": [
      107.49618666143834
    ]
  },
  "square_ff": {
    "range": [
      1
    ],
    "results": [
      87.24889094567159
    ]
  },
  "inv_ff": {
    "range": [
      1
    ],
    "results": [
      5572.072420981484
    ]
  },
  "ip_ff": {
    "range": [
      2
    ],
    "results": [
      154.43633015071833
    ]
  }
}