{
  "msm_G1": {
    "range": [
      1851326,
      14707066,
      1982,
      3283,
      4385,
      13697,
      22502,
      61380
    ],
    "results": [
      3701498626.2,
      30736704961.8,
      8115104.625939153,
      12602853.142559525,
      15962778.555264547,
      39115742.752738096,
      64179037.72170635,
      160753806.7822222
    ],
    "stddev": [
      68916880.19668144,
      453136725.65331656,
      7395.839068004912,
      54250.48320364494,
      96229.49855511075,
      365712.6178254226,
      69367.17438086351,
      2139066.268888156
    ]
  },
  "msm_G2": {
    "range": [
      1982,
      4087,
      6158,
      12825,
      29484,
      35860
    ],
    "results": [
      22978377.79670635,
      42460104.94021164,
      59740968.51944444,
      103939815.52626982,
      233632790.6666667,
      276251500.65
    ],
    "stddev": [
      119206.14919392006,
      572221.9931185,
      652287.5581545699,
      472171.8523605744,
      720229.2624784941,
      8618533.3987159
    ]
  },
  "mul_Gt": {
    "range": [
      1
    ],
    "results": [
      628270.0398589065
    ],
    "stddev": [
      8556.554934338994
    ]
  },
  "msm_Gt": {
    "range": [
      2
    ],
    "results": [
      1361465.6156556504
    ],
    "stddev": [
      506.6648480203912
    ]
  }
}