{
  "msm_G1": {
    "range": [
      2,
      4,
      8,
      16,
      32,
      64,
      128,
      256,
      512,
      1024,
      2048,
      4096,
      8192,
      16384,
      32768,
      65536,
      131072,
      262144,
      524288,
      1048576,
      2097152
    ],
    "results": [
      294584.1068244919,
      462457.8239145562,
      549398.3608202712,
      797167.3903701982,
      1286158.2448941267,
      2114836.4545833315,
      3193149.563125,
      5383053.130000001,
      9363409.493333338,
      15560005.345,
      27931619.1,
      50151721.64,
      91805148.35,
      169074728.74,
      313303243.23,
      585944564.37,
      1131444345.47,
      2219434348.21,
      4276739829.91,
      8328803105.82,
      16275381029.6
    ]
  },
  "msm_G2": {
    "range": [
      2,
      4,
      8,
      16,
      32,
      64,
      128,
      256,
      512,
      1024,
      2048,
      4096,
      8192,
      16384,
      32768,
      65536,
      131072,
      262144,
      524288,
      1048576,
      2097152
    ],
    "results": [
      730457.8469444443,
      1033825.1871031746,
      1465346.9831223232,
      2221888.948539489,
      3692340.893779366,
      6006645.629005456,
      9202474.731130952,
      15658026.125873018,
      27138327.01420635,
      45884089.39545635,
      82669141.89867064,
      148555197.54321426,
      270899329.45,
      495170722.75,
      924528392.8,
      1705843395.4,
      3265039988.7,
      6252194464.2,
      11505999236.0,
      22395491954.1,
      42064931675.8
    ]
  },
  "mul_Gt": {
    "range": [
      1
    ],
    "results": [
      628527.0417294974
    ]
  },
  "msm_Gt": {
    "range": [
      2,
      4,
      8,
      16,
      32,
      64,
      128,
      256,
      512,
      1024,
      2048,
      4096,
      8192,
      16384,
      32768,
      65536,
      131072,
      262144
    ],
    "results": [
      1363555.3902819236,
      2019998.538842305,
      3249982.1014129817,
      5889390.036148314,
      11153904.068395061,
      21573110.239063494,
      42571871.06787037,
      83622942.26857144,
      165481025.68150792,
      328529175.3,
      656768765.0,
      1338494414.8,
      2728273849.2,
      5449063942.4,
      10904800963.1,
      21810620073.8,
      43620984528.5,
      87308431124.5
    ]
  },
  "pairing": {
    "range": [
      1
    ],
    "results": [
      1046408.7843719211
    ]
  },
  "msm_ff": {
    "range": [
      1
    ],
    "results": [
      5202.997426937308
    ]
  },
  "fft": {
    "range": [
      2,
      4,
      8,
      16,
      32,
      64,
      128,
      256,
      512,
      1024,
      2048,
      4096,
      8192,
      16384,
      32768,
      65536,
      131072,
      262144,
      524288,
      1048576,
      2097152
    ],
    "results": [
      155.5026685351466,
      6168.7754165309725,
      11799.073994677474,
      18436.446851970635,
      35667.86922556946,
      56469.09560114617,
      86718.69108700876,
      126514.18748732365,
      224256.72318776572,
      394504.0776335241,
      682975.4072953216,
      1297739.1411893584,
      2486064.5866344916,
      5089555.850359348,
      10823460.264766315,
      22728817.418283734,
      48518424.24194445,
      104258026.22174604,
      225177179.9333333,
      509263332.0,
      1077719957.9
    ]
  }
}