{
  "add_G1": {
    "range": [
      1
    ],
    "results": [
      455.6147073989065
    ],
    "stddev": [
      0.2621128415786247
    ]
  },
  "sub_G1": {
    "range": [
      1
    ],
    "results": [
      460.54854271394464
    ],
    "stddev": [
      0.2370710726587126
    ]
  },
  "double_G1": {
    "range": [
      1
    ],
    "results": [
      242.06320867355055
    ],
    "stddev": [
      0.18953867547037523
    ]
  },
  "mul_G1": {
    "range": [
      1
    ],
    "results": [
      79509.75452002046
    ],
    "stddev": [
      201.95607462962056
    ]
  },
  "add_G2": {
    "range": [
      1
    ],
    "results": [
      1566.8617066111678
    ],
    "stddev": [
      13.574391159635772
    ]
  },
  "sub_G2": {
    "range": [
      1
    ],
    "results": [
      1576.0547973333166
    ],
    "stddev": [
      2.1588461685952667
    ]
  },
  "double_G2": {
    "range": [
      1
    ],
    "results": [
      735.1466981254553
    ],
    "stddev": [
      0.3310787821362246
    ]
  },
  "mul_G2": {
    "range": [
      1
    ],
    "results": [
      374611.5283976323
    ],
    "stddev": [
      962.7652580698453
    ]
  },
  "add_ff": {
    "range": [
      1
    ],
    "results": [
      7.747910596408808
    ],
    "stddev": [
      0.09155179272539073
    ]
  },
  "sub_ff": {
    "range": [
      1
    ],
    "results": [
      9.968664019091653
    ],
    "stddev": [
      0.033744432508202984
    ]
  },
  "neg_ff": {
    "range": [
      1
    ],
    "results": [
      4.471551669576382
    ],
    "stddev": [
      0.0031055406431668747
    ]
  },
  "double_ff": {
    "range": [
      1
    ],
    "results": [
      3.793322073620838
    ],
    "stddev": [
      0.013008414708802362
    ]
  },
  "mul_ff": {
    "range": [
      1
    ],
    "results": [
      31.05418938027635
    ],
    "stddev": [
      0.03293609983410762
    ]
  },
  "square_ff": {
    "range": [
      1
    ],
    "results": [
      27.519274544645587
    ],
    "stddev": [
      0.0169408108575652
    ]
  },
  "inv_ff": {
    "range": [
      1
    ],
    "results": [
      5353.8725977925715
    ],
    "stddev": [
      3.617873205334469
    ]
  },
  "ip_ff": {
    "range": [
      2
    ],
    "results": [
      43.7960026111402
    ],
    "stddev": [
      0.044134635318171175
    ]
  },
  "msm_G1": {
    "range": [
      2,
      4,
      8,
      16,
      32,
      64,
      128,
      256,
      512,
      1024,
      2048,
      4096,
      8192,
      16384,
      32768,
      65536,
      131072,
      262144,
      524288,
      1048576,
      2097152
    ],
    "results": [
      443706.7868683689,
      500939.9228677231,
      546358.0590861731,
      594547.3966014949,
      643361.7245072167,
      711058.5390964937,
      781142.475106187,
      954202.8975344086,
      1372702.343186086,
      2050933.3659999997,
      3101207.3164705876,
      5042166.290999997,
      8522118.743333334,
      15654304.1,
      29439852.705,
      53598833.42,
      98700911.29,
      218820697.4,
      366990347.53,
      691161032.32,
      1351619795.0
    ],
    "stddev": [
      27267.202586065938,
      29630.86491835931,
      44199.419615561645,
      33695.76467789739,
      14321.438351306388,
      19897.993380851538,
      24952.42092153509,
      27102.688234283814,
      45171.07116462227,
      22905.562121184375,
      32008.545097776434,
      135350.29179496737,
      97835.33682526473,
      449841.9705996346,
      1920906.6113908233,
      8547940.471718866,
      18502052.4864335,
      32356878.250954706,
      29718395.45591194,
      36339577.45053546,
      55244482.604495145
    ]
  },
  "msm_G2": {
    "range": [
      2,
      4,
      8,
      16,
      32,
      64,
      128,
      256,
      512,
      1024,
      2048,
      4096,
      8192,
      16384,
      32768,
      65536,
      131072,
      262144,
      524288,
      1048576,
      2097152
    ],
    "results": [
      875769.4592422161,
      889181.0884150099,
      915602.9078309524,
      968455.9360488722,
      1058998.1730560167,
      1249059.0227739727,
      1418494.5216697194,
      1756202.8744177348,
      2585276.804796076,
      3946988.8333531744,
      6618988.249299887,
      11820145.147524802,
      20454061.746634923,
      38125212.340211645,
      70328526.10738096,
      134292265.38960317,
      202014273.1666667,
      409894088.9,
      817329382.0,
      1527124480.8,
      3185569660.6
    ],
    "stddev": [
      6116.0616729625035,
      2265.4999441643718,
      3030.251029044658,
      6700.618782873362,
      11109.589811277516,
      10624.377153996136,
      6192.2324668477,
      12692.775120753704,
      12352.925448477448,
      9835.175996499924,
      30166.86883732771,
      159073.9617488698,
      428003.4459542541,
      1794507.202932309,
      5960109.85954041,
      16882934.135277763,
      16691527.052742817,
      18598696.38339346,
      45571670.93255723,
      50924549.68440687,
      64059051.82183796
    ]
  },
  "mul_Gt": {
    "range": [
      1
    ],
    "results": [
      570298.6443565937
    ],
    "stddev": [
      8149.973993204698
    ]
  },
  "msm_Gt": {
    "range": [
      2,
      4,
      8,
      16,
      32,
      64,
      128,
      256,
      512,
      1024,
      2048,
      4096,
      8192,
      16384,
      32768,
      65536,
      131072,
      262144
    ],
    "results": [
      1233948.7467760616,
      1791467.375987395,
      2320882.5310902777,
      3258118.6060119043,
      5152125.358924162,
      9001716.704249639,
      16775421.759279098,
      31865122.901058204,
      62121506.679067455,
      121721477.99075396,
      241862218.83333334,
      522507401.6,
      1050614143.8,
      2097115224.7,
      4192370020.5,
      8375541567.0,
      16713660842.2,
      33402065782.7
    ],
    "stddev": [
      860.2191161073955,
      1868.5474687498747,
      1339.7039975638047,
      3158.004519752173,
      6299.7400943266075,
      18184.455021623733,
      13891.36218172905,
      52521.626402449154,
      16178.415265094525,
      88368.49941893565,
      88666.37392248044,
      661919.9656907473,
      806274.831891806,
      810642.987951916,
      1976981.2612774684,
      2951720.5234043077,
      7230993.677437684,
      13655153.6625672
    ]
  },
  "pairing": {
    "range": [
      1
    ],
    "results": [
      949419.9435205851
    ],
    "stddev": [
      1250.8101555656253
    ]
  },
  "msm_ff": {
    "range": [
      1
    ],
    "results": [
      4585.275700975968
    ],
    "stddev": [
      10.178282256352382
    ]
  },
  "fft": {
    "range": [
      2,
      4,
      8,
      16,
      32,
      64,
      128,
      256,
      512,
      1024,
      2048,
      4096,
      8192,
      16384,
      32768,
      65536,
      131072,
      262144,
      524288,
      1048576,
      2097152
    ],
    "results": [
      128.593080318994,
      36460.726845526115,
      122009.43895639728,
      263175.6291558232,
      421748.63625,
      604021.7649793756,
      723058.5175108507,
      690218.4735175532,
      914834.4786720101,
      1251189.1760736029,
      1764342.630164072,
      2160639.2314295163,
      3232635.5945320195,
      4497942.176179138,
      5986528.586537698,
      8386210.6810930725,
      11813635.005238093,
      17789104.19228175,
      30049437.412619047,
      78501441.23577382,
      149924104.93670636
    ],