{
  "add_G1": {
    "range": [
      1
    ],
    "results": [
      505.3422423543637
    ],
    "stddev": [
      5.861370675027085
    ]
  },
  "sub_G1": {
    "range": [
      1
    ],
    "results": [
      511.62199412566923
    ],
    "stddev": [
      2.143064530000326
    ]
  },
  "double_G1": {
    "range": [
      1
    ],
    "results": [
      269.5608072298435
    ],
    "stddev": [
      0.2974382908537972
    ]
  },
  "mul_G1": {
    "range": [
      1
    ],
    "results": [
      137426.09352396126
    ],
    "stddev": [
      270.3291198151847
    ]
  },
  "add_G2": {
    "range": [
      1
    ],
    "results": [
      1670.5158634391169
    ],
    "stddev": [
      20.555077940555115
    ]
  },
  "sub_G2": {
    "range": [
      1
    ],
    "results": [
      1682.5515625702874
    ],
    "stddev": [
      1.8601470059832532
    ]
  },
  "double_G2": {
    "range": [
      1
    ],
    "results": [
      785.4401701850512
    ],
    "stddev": [
      0.6577742871958949
    ]
  },
  "mul_G2": {
    "range": [
      1
    ],
    "results": [
      405351.08656446123
    ],
    "stddev": [
      1130.3583996600476
    ]
  },
  "add_ff": {
    "range": [
      1
    ],
    "results": [
      6.603078575092116
    ],
    "stddev": [
      0.005638141776109277
    ]
  },
  "sub_ff": {
    "range": [
      1
    ],
    "results": [
      6.5559438960318674
    ],
    "stddev": [
      0.02209756498524582
    ]
  },
  "neg_ff": {
    "range": [
      1
    ],
    "results": [
      5.2099905583464965
    ],
    "stddev": [
      0.02149691731039548
    ]
  },
  "double_ff": {
    "range": [
      1
    ],
    "results": [
      4.23226526402951
    ],
    "stddev": [
      0.006913437337363979
    ]
  },
  "mul_ff": {
    "range": [
      1
    ],
    "results": [
      36.6196908632118
    ],
    "stddev": [
      0.02618214070978586
    ]
  },
  "square_ff": {
    "range": [
      1
    ],
    "results": [
      30.074245467020692
    ],
    "stddev": [
      0.022585756398944605
    ]
  },
  "inv_ff": {
    "range": [
      1
    ],
    "results": [
      5699.806737241921
    ],
    "stddev": [
      15.17966787437395
    ]
  },
  "ip_ff": {
    "range": [
      2
    ],
    "results": [
      47.311641385250766
    ],
    "stddev": [
      0.03027983981278326
    ]
  },
  "msm_G1": {
    "range": [
      2,
      4,
      8,
      16,
      32,
      64,
      128,
      256,
      512,
      1024,
      2048,
      4096,
      8192,
      16384,
      32768,
      65536,
      131072,
      262144,
      524288,
      1048576,
      2097152
    ],
    "results": [
      241648.44236960847,
      263138.1650783297,
      323224.2703665624,
      405106.5776844253,
      550126.3118336708,
      819417.2838800809,
      1139509.227303003,
      1760059.4926030154,
      2714397.88736842,
      4437730.445,
      8326177.411428572,
      15105831.59,
      27461850.19,
      45856215.595,
      89168745.78,
      169429522.69,
      314315016.56,
      641363312.08,
      1286433337.73,
      2484179220.41,
      4230038611.7
    ],
    "stddev": [
      5920.93891712927,
      3020.6353857487793,
      4451.703331387948,
      8061.5898755080925,
      6147.506151751946,
      5899.853204476064,
      9148.421164925912,
      8369.511773228192,
      23052.871885726585,
      52937.52205610486,
      40494.761964593476,
      292962.47198431304,
      864454.3886473819,
      859698.0870421508,
      273314.23489392496,
      7829327.136986269,
      10120069.21868809,
      8599166.11132228,
      14932283.78019483,
      25273106.428160496,
      88736876.21318135
    ]
  },
  "msm_G2": {
    "range": [
      2,
      4,
      8,
      16,
      32,
      64,
      128,
      256,
      512,
      1024,
      2048,
      4096,
      8192,
      16384,
      32768,
      65536,
      131072,
      262144,
      524288,
      1048576,
      2097152
    ],
    "results": [
      528034.609895862,
      605987.819749471,
      740723.5553765001,
      951077.3318555721,
      1337566.9224334736,
      2037829.7054391536,
      2930466.652517361,
      4723244.3715496035,
      7513294.49474359,
      12419770.059241071,
      23595986.37719246,
      42721216.55863756,
      78071977.41049603,
      129269924.7902778,
      255906727.75,
      450110375.1,
      853028307.9,
      1721379776.6,
      3485985780.5,
      6719952913.3,
      10800963542.7
    ],
    "stddev": [
      2013.8768123231325,
      1875.3291778366033,
      2027.383938450443,
      1876.8637292941428,
      3538.161198227891,
      4765.867772527794,
      8780.679353813497,
      17005.558198699087,
      27155.498169309394,
      82600.49767526955,
      101288.28876655811,
      609644.515643343,
      1124035.6506794465,
      1075599.3164419397,
      1849954.9469683883,
      8724519.530951548,
      13897146.709914984,
      9671747.728815494,
      10187612.581677988,
      26375659.15736786,
      49326626.498623826
    ]
  },
  "mul_Gt": {
    "range": [
      1
    ],
    "results": [
      628299.4272563932
    ],
    "stddev": [
      8931.703343524647
    ]
  },
  "msm_Gt": {
    "range": [
      2,
      4,
      8,
      16,
      32,
      64,
      128,
      256,
      512,
      1024,
      2048,
      4096,
      8192,
      16384,
      32768,
      65536,
      131072,
      262144
    ],
    "results": [
      1359597.3778760957,
      1981732.2203519666,
      2580859.823047839,
      3913146.525257936,
      6332068.03287037,
      11901463.519191468,
      23068077.50810516,
      45435258.92989419,
      90317058.1060516,
      180048255.96126986,
      383700020.95,
      767526527.2,
      1532634217.9,
      3064444709.1,
      6115780141.5,
      12224856461.0,
      24457479431.4,
      48912880609.1
    ],
    "stddev": [
      479.03631019923705,
      338.5671521707391,
      1844.1255537660813,
      176643.82686101538,
      21519.7895542967,
      60389.64780947612,
      59861.47272546713,
      66174.62262912406,
      125429.27305184168,
      152553.29683172455,
      213347.70576894542,
      1112423.9703617322,
      532422.9359359812,
      2391008.6316148024,
      4350762.716218853,
      6716106.507702643,
      12942059.295016503,
      17587890.773548957
    ]
  },
  "pairing": {
    "range": [
      1
    ],
    "results": [
      1043096.5483928572
    ],
    "stddev": [
      1145.7592825012255
    ]
  },
  "msm_ff": {
    "range": [
      1
    ],
    "results": [
      5241.192856595842
    ],
    "stddev": [
      7.634294297310743
    ]
  },
  "fft": {
    "range": [
      2,
      4,
      8,
      16,
      32,
      64,
      128,
      256,
      512,
      1024,
      2048,
      4096,
      8192,
      16384,
      32768,
      65536,
      131072,
      262144,
      524288,
      1048576,
      2097152
    ],
    "results": [
      150.75896284610627,
      14487.911283182071,
      33321.08369150555,
      48687.883156888514,
      63652.47967139038,
      85661.03377857665,
      117835.58243230626,
      179581.35721072688,
      277614.39881300053,
      398663.3006271567,
      605431.8645470899,
      820696.4864191919,
      1259567.436389991,
      2120054.5981664862,
      3973358.195491071,
      7783926.413267197,
      15701052.618584657,
      30760817.932261903,
      63410221.30468254,
      159689435.14035714,
      348749972.5
    ],