{
  "add_G1": {
    "range": [
      1
    ],
    "results": [
      505.3422423543637
    ]
  },
  "sub_G1": {
    "range": [
      1
    ],
    "results": [
      511.62199412566923
    ]
  },
  "double_G1": {
    "range": [
      1
    ],
    "results": [
      269.5608072298435
    ]
  },
  "mul_G1": {
    "range": [
      1
    ],
    "results": [
      137426.09352396126
    ]
  },
  "add_G2": {
    "range": [
      1
    ],
    "results": [
      1670.5158634391169
    ]
  },
  "sub_G2": {
    "range": [
      1
    ],
    "results": [
      1682.5515625702874
    ]
  },
  "double_G2": {
    "range": [
      1
    ],
    "results": [
      785.4401701850512
    ]
  },
  "mul_G2": {
    "range": [
      1
    ],
    "results": [
      405351.08656446123
    ]
  },
  "add_ff": {
    "range": [
      1
    ],
    "results": [
      6.603078575092116
    ]
  },
  "sub_ff": {
    "range": [
      1
    ],
    "results": [
      6.5559438960318674
    ]
  },
  "neg_ff": {
    "range": [
      1
    ],
    "results": [
      5.2099905583464965
    ]
  },
  "double_ff": {
    "range": [
      1
    ],
    "results": [
      4.23226526402951
    ]
  },
  "mul_ff": {
    "range": [
      1
    ],
    "results": [
      36.6196908632118
    ]
  },
  "square_ff": {
    "range": [
      1
    ],
    "results": [
      30.074245467020692
    ]
  },
  "inv_ff": {
    "range": [
      1
    ],
    "results": [
      5699.806737241921
    ]
  },
  "ip_ff": {
    "range": [
      2
    ],
    "results": [
      47.311641385250766
    ]
  },
  "msm_G1": {
    "range": [
      1851326,
      14707066,
      1982,
      3283,
      4385,
      13697,
      22502,
      61380,
      2,
      4,
      8,
      16,
      32,
      64,
      128,
      256,
      512,
      1024,
      2048,
      4096,
      8192,
      16384,
      32768,
      65536,
      131072,
      262144,
      524288,
      1048576,
      2097152
    ],
    "results": [
      3701498626.2,
      30736704961.8,
      8115104.625939153,
      12602853.142559525,
      15962778.555264547,
      39115742.752738096,
      64179037.72170635,
      160753806.7822222,
      241648.44236960847,
      263138.1650783297,
      323224.2703665624,
      405106.5776844253,
      550126.3118336708,
      819417.2838800809,
      1139509.227303003,
      1760059.4926030154,
      2714397.88736842,
      4437730.445,
      8326177.411428572,
      15105831.59,
      27461850.19,
      45856215.595,
      89168745.78,
      169429522.69,
      314315016.56,
      641363312.08,
      1286433337.73,
      2484179220.41,
      4230038611.7
    ]
  },
  "msm_G2": {
    "range": [
      1982,
      4087,
      6158,
      12825,
      29484,
      35860,
      2,
      4,
      8,
      16,
      32,
      64,
      128,
      256,
      512,
      1024,
      2048,
      4096,
      8192,
      16384,
      32768,
      65536,
      131072,
      262144,
      524288,
      1048576,
      2097152
    ],
    "results": [
      22978377.79670635,
      42460104.94021164,
      59740968.51944444,
      103939815.52626982,
      233632790.6666667,
      276251500.65,
      528034.609895862,
      605987.819749471,
      740723.5553765001,
      951077.3318555721,
      1337566.9224334736,
      2037829.7054391536,
      2930466.652517361,
      4723244.3715496035,
      7513294.49474359,
      12419770.059241071,
      23595986.37719246,
      42721216.55863756,
      78071977.41049603,
      129269924.7902778,
      255906727.75,
      450110375.1,
      853028307.9,
      1721379776.6,
      3485985780.5,
      6719952913.3,
      10800963542.7
    ]
  },
  "mul_Gt": {
    "range": [
      1
    ],
    "results": [
      628299.4272563932
    ]
  },
  "msm_Gt": {
    "range": [
      2,
      4,
      8,
      16,
      32,
      64,
      128,
      256,
      512,
      1024,
      2048,
      4096,
      8192,
      16384,
      32768,
      65536,
      131072,
      262144
    ],
    "results": [
      1359597.3778760957,
      1981732.2203519666,
      2580859.823047839,
      3913146.525257936,
      6332068.03287037,
      11901463.519191468,
      23068077.50810516,
      45435258.92989419,
      90317058.1060516,
      180048255.96126986,
      383700020.95,
      767526527.2,
      1532634217.9,
      3064444709.1,
      6115780141.5,
      12224856461.0,
      24457479431.4,
      48912880609.1
    ]
  },
  "pairing": {
    "range": [
      1
    ],
    "results": [
      1043096.5483928572
    ]
  },
  "msm_ff": {
    "range": [
      1
    ],
    "results": [
      5241.192856595842
    ]
  },
  "fft": {
    "range": [
      2,
      4,
      8,
      16,
      32,
      64,
      128,
      256,
      512,
      1024,
      2048,
      4096,
      8192,
      16384,
      32768,
      65536,
      131072,
      262144,
      524288,
      1048576,
      2097152
    ],
    "results": [
      150.75896284610627,
      14487.911283182071,
      33321.08369150555,
      48687.883156888514,
      63652.47967139038,
      85661.03377857665,
      117835.58243230626,
      179581.35721072688,
      277614.39881300053,
      398663.3006271567,
      605431.8645470899,
      820696.4864191919,
      1259567.436389991,
      2120054.5981664862,
      3973358.195491071,
      7783926.413267197,
      15701052.618584657,
      30760817.932261903,
      63410221.30468254,
      159689435.14035714,
      348749972.5
    ]
  }
}