{
  "add_G1": {
    "range": [
      1
    ],
    "results": [
      544.4972375557971
    ],
    "stddev": [
      0.2263639851669634
    ]
  },
  "sub_G1": {
    "range": [
      1
    ],
    "results": [
      550.6583016205875
    ],
    "stddev": [
      0.2511346226824972
    ]
  },
  "double_G1": {
    "range": [
      1
    ],
    "results": [
      272.1698154003104
    ],
    "stddev": [
      0.9991920000252776
    ]
  },
  "mul_G1": {
    "range": [
      1
    ],
    "results": [
      92119.60023544962
    ],
    "stddev": [
      261.7832125860231
    ]
  },
  "add_G2": {
    "range": [
      1
    ],
    "results": [
      1645.7868813751745
    ],
    "stddev": [
      0.6425247599141418
    ]
  },
  "sub_G2": {
    "range": [
      1
    ],
    "results": [
      1683.7670473486714
    ],
    "stddev": [
      0.5808327807515152
    ]
  },
  "double_G2": {
    "range": [
      1
    ],
    "results": [
      775.6602543917382
    ],
    "stddev": [
      0.4920129393395447
    ]
  },
  "mul_G2": {
    "range": [
      1
    ],
    "results": [
      401274.0910993447
    ],
    "stddev": [
      1053.0750643500462
    ]
  },
  "add_ff": {
    "range": [
      1
    ],
    "results": [
      5.680049722932975
    ],
    "stddev": [
      0.0090303745777238
    ]
  },
  "sub_ff": {
    "range": [
      1
    ],
    "results": [
      10.793757937198004
    ],
    "stddev": [
      0.019306277991684367
    ]
  },
  "neg_ff": {
    "range": [
      1
    ],
    "results": [
      7.364807232461264
    ],
    "stddev": [
      0.019190801239993664
    ]
  },
  "double_ff": {
    "range": [
      1
    ],
    "results": [
      4.250108728438473
    ],
    "stddev": [
      0.0068368384566336645
    ]
  },
  "mul_ff": {
    "range": [
      1
    ],
    "results": [
      35.61062483179667
    ],
    "stddev": [
      0.012866616482189015
    ]
  },
  "square_ff": {
    "range": [
      1
    ],
    "results": [
      30.77802746512209
    ],
    "stddev": [
      0.039222684260212616
    ]
  },
  "inv_ff": {
    "range": [
      1
    ],
    "results": [
      5722.647196735641
    ],
    "stddev": [
      4.297694215300362
    ]
  },
  "ip_ff": {
    "range": [
      2
    ],
    "results": [
      49.37212690634514
    ],
    "stddev": [
      0.02020528428648248
    ]
  },
  "msm_G1": {
    "range": [
      2,
      4,
      8,
      16,
      32,
      64,
      128,
      256,
      512,
      1024,
      2048,
      4096,
      8192,
      16384,
      32768,
      65536,
      131072,
      262144,
      524288,
      1048576,
      2097152
    ],
    "results": [
      223950.30581059723,
      229034.60482495528,
      242639.33152947892,
      259584.55995403152,
      259841.8478441853,
      310682.42814113793,
      419781.1069642052,
      632237.2484830997,
      706945.2109468734,
      1039561.486465766,
      1749663.6641671658,
      3158812.670625,
      5611437.664444444,
      10518874.413999997,
      20536390.89333333,
      39421292.605,
      73828960.52,
      162291799.6,
      318251864.54,
      617092869.43,
      1282275424.8
    ],
    "stddev": [
      1954.6710945597556,
      1513.6193140248124,
      2247.7373586516865,
      3008.5711766743434,
      3272.6441342099647,
      3048.357964208221,
      4662.1417442577895,
      3811.933566565008,
      36086.77907844133,
      52740.38746436731,
      7026.197112266034,
      14759.948986178713,
      50252.68766973169,
      48951.597111458985,
      54686.58384373187,
      137271.9596996833,
      127244.05022550013,
      220776.87072118765,
      448801.55682656495,
      728688.8886962015,
      3666777.446280993
    ]
  },
  "msm_G2": {
    "range": [
      2,
      4,
      8,
      16,
      32,
      64,
      128,
      256,
      512,
      1024,
      2048,
      4096,
      8192,
      16384,
      32768,
      65536,
      131072,
      262144,
      524288,
      1048576,
      2097152
    ],
    "results": [
      481141.8549953809,
      502817.0164884205,
      522456.60101144866,
      525080.5356194125,
      540150.3057380014,
      697002.1704334787,
      877995.9697645757,
      1379231.5019564694,
      1444320.6859441926,
      2250035.2375542005,
      3890623.713713625,
      7279430.711190477,
      12980525.164866071,
      24981630.685555555,
      49271184.58244047,
      97354064.27067462,
      185658026.3,
      381903403.85,
      777145479.7,
      1510932790.9,
      3072654775.0
    ],
    "stddev": [
      5985.734268932485,
      6502.499256222781,
      2389.0776154493565,
      2191.1135038921107,
      2223.1628996854797,
      3573.425760374746,
      1634.8486963167165,
      1125.9724974217245,
      11447.099971393587,
      39457.08053096334,
      5682.491780092703,
      57250.675131825265,
      74445.77417089735,
      29996.317789013996,
      37310.26005391719,
      158071.46721645058,
      136127.9298699448,
      217296.88696194545,
      599411.6851388618,
      782585.3844536645,
      1747652.3203201487
    ]
  },
  "mul_Gt": {
    "range": [
      1
    ],
    "results": [
      575935.4555419931
    ],
    "stddev": [
      6746.920703438233
    ]
  },
  "msm_Gt": {
    "range": [
      2,
      4,
      8,
      16,
      32,
      64,
      128,
      256,
      512,
      1024,
      2048,
      4096,
      8192,
      16384,
      32768,
      65536,
      131072,
      262144
    ],
    "results": [
      1239791.0418221797,
      1838947.9446888887,
      2310709.4327063495,
      3308633.4554804415,
      5300462.652802027,
      9270393.638019841,
      16994748.407275133,
      33297632.459179897,
      65975793.07839286,
      131291098.76341268,
      262033143.35,
      547505562.1,
      1094075757.4,
      2179810838.4,
      4346239669.3,
      8676538657.3,
      17330285783.9,
      34645058661.8
    ],
    "stddev": [
      2039.5672264522086,
      2462.9333606940877,
      4817.181215652247,
      6301.029799144213,
      4856.116085532192,
      7564.195730625237,
      6676.604673102403,
      8025.291791241477,
      27365.13774646772,
      45279.6580129162,
      54167.51069093447,
      350555.0407323934,
      564960.6232735517,
      1051407.9101717088,
      707164.8760825229,
      571220.6755456335,
      1698340.6260622425,
      2748084.8894842314
    ]
  },
  "pairing": {
    "range": [
      1
    ],
    "results": [
      939344.5060219277
    ],
    "stddev": [
      2065.429042177833
    ]
  },
  "msm_ff": {
    "range": [
      1
    ],
    "results": [
      5209.193917517073
    ],
    "stddev": [
      5.681347578629602
    ]
  },
  "fft": {
    "range": [
      2,
      4,
      8,
      16,
      32,
      64,
      128,
      256,
      512,
      1024,
      2048,
      4096,
      8192,
      16384,
      32768,
      65536,
      131072,
      262144,
      524288,
      1048576,
      2097152
    ],
    "results": [
      141.04187752037487,
      17022.323670868176,
      41086.80444330717,
      68186.14676141884,
      92488.24941606271,
      88827.23508585195,
      81202.24539398342,
      118329.1724930113,
      277038.2519873987,
      367249.5022741795,
      490058.10269476613,
      681765.8844020355,
      973068.3542153097,
      1321074.7729563494,
      1838152.3288301588,
      2734252.5693475725,
      4313847.442732425,
      7320253.818409646,
      13356451.6292517,
      34401166.398267195,
      72512822.86386904
    ],