{
  "add_G1": {
    "range": [
      1
    ],
    "results": [
      406.6463759401393
    ],
    "stddev": [
      1.5324208618079473
    ]
  },
  "sub_G1": {
    "range": [
      1
    ],
    "results": [
      410.3047267649633
    ],
    "stddev": [
      2.7005277371505376
    ]
  },
  "double_G1": {
    "range": [
      1
    ],
    "results": [
      187.73722702147148
    ],
    "stddev": [
      0.5519536228901968
    ]
  },
  "mul_G1": {
    "range": [
      1
    ],
    "results": [
      117789.49559365757
    ],
    "stddev": [
      306.4353485628912
    ]
  },
  "add_G2": {
    "range": [
      1
    ],
    "results": [
      1341.110955437777
    ],
    "stddev": [
      3.8479388574088595
    ]
  },
  "sub_G2": {
    "range": [
      1
    ],
    "results": [
      1350.1009798751097
    ],
    "stddev": [
      3.7315054026767274
    ]
  },
  "double_G2": {
    "range": [
      1
    ],
    "results": [
      625.7803572979597
    ],
    "stddev": [
      2.9166266133096252
    ]
  },
  "mul_G2": {
    "range": [
      1
    ],
    "results": [
      340538.06408254756
    ],
    "stddev": [
      938.5583299024106
    ]
  },
  "add_ff": {
    "range": [
      1
    ],
    "results": [
      5.4993025838849245
    ],
    "stddev": [
      0.0036236444030313007
    ]
  },
  "sub_ff": {
    "range": [
      1
    ],
    "results": [
      5.5891787934157415
    ],
    "stddev": [
      0.0028495010836740277
    ]
  },
  "neg_ff": {
    "range": [
      1
    ],
    "results": [
      4.205495526317704
    ],
    "stddev": [
      0.0016408010604059527
    ]
  },
  "double_ff": {
    "range": [
      1
    ],
    "results": [
      3.580780479891688
    ],
    "stddev": [
      0.0024307033815420833
    ]
  },
  "mul_ff": {
    "range": [
      1
    ],
    "results": [
      28.10691018702247
    ],
    "stddev": [
      0.11858890448896593
    ]
  },
  "square_ff": {
    "range": [
      1
    ],
    "results": [
      22.716497306634814
    ],
    "stddev": [
      0.04791130648207002
    ]
  },
  "inv_ff": {
    "range": [
      1
    ],
    "results": [
      4520.501174730043
    ],
    "stddev": [
      15.41228721021771
    ]
  },
  "ip_ff": {
    "range": [
      2
    ],
    "results": [
      39.41608370379765
    ],
    "stddev": [
      0.04044207831598439
    ]
  },
  "msm_G1": {
    "range": [
      2,
      4,
      8,
      16,
      32,
      64,
      128,
      256,
      512,
      1024,
      2048,
      4096,
      8192,
      16384,
      32768,
      65536,
      131072,
      262144,
      524288,
      1048576,
      2097152,
      2,
      4,
      8,
      16,
      32,
      64,
      128,
      256,
      512,
      1024,
      2048,
      4096,
      8192,
      16384,
      32768,
      65536,
      131072,
      262144,
      524288,
      1048576,
      2097152
    ],
    "results": [
      285886.3549987629,
      293368.4971408591,
      352945.807606848,
      440374.30712994904,
      469568.1211983685,
      534314.2095343184,
      717281.3785480665,
      903369.1184845384,
      1067462.0192001807,
      1526081.711011598,
      2488230.6104761907,
      4371810.096666668,
      7640385.038571427,
      14592205.7625,
      28357840.485,
      55856287.37,
      107388644.51,
      230920643.1,
      443273875.29,
      817660321.74,
      1332896749.8,
      285199.2411315563,
      291905.61223978637,
      351945.34947510005,
      440159.1930709639,
      473115.34706049116,
      540528.6977835203,
      717213.8227316167,
      901888.9202527687,
      1062299.6106418816,
      1524768.3255080986,
      2470555.0000000005,
      4389768.895,
      7640433.162857141,
      14536985.01,
      28277932.835,
      55873076.44,
      106464035.58,
      229576984.41,
      438572059.04,
      807573372.02,
      1341265483.7
    ],
    "stddev": [
      2424.8994713538614,
      5533.913453672981,
      4594.043689591452,
      3830.4579356776344,
      7783.902169924147,
      5830.517918821962,
      6202.488101564845,
      5262.859804779502,
      33090.47626728009,
      50297.57186091542,
      23425.111549422214,
      38424.10825497039,
      135271.93951914852,
      73696.23339021791,
      70255.77297626348,
      91291.59839652882,
      2151166.895067277,
      2322564.0916505293,
      12398574.646279914,
      7923725.798292045,
      64598917.757886484,
      2402.4226413877477,
      4440.307695686734,
      4831.270544108541,
      4702.96572034684,
      6690.9055892735905,
      6434.42152859748,
      7361.623325819959,
      4313.536647639698,
      14643.99525984609,
      33064.741491871144,
      28059.94924254326,
      34129.40468025424,
      72361.42028281174,
      31952.298957487394,
      48510.55057052305,
      323783.5266267053,
      502173.5878062123,
      3494862.714449267,
      15805996.869521989,
      9804968.452622928,
      63772978.34042871
    ]
  },
  "msm_G2": {
    "range": [
      2,
      4,
      8,
      16,
      32,
      64,
      128,
      256,
      512,
      1024,
      2048,
      4096,
      8192,
      16384,
      32768,
      65536,
      131072,
      262144,
      524288,
      1048576,
      2097152,
      2,
      4,
      8,
      16,
      32,
      64,
      128,
      256,
      512,
      1024,
      2048,
      4096,
      8192,
      16384,
      32768,
      65536,
      131072,
      262144,
      524288,
      1048576,
      2097152
    ],
    "results": [
      460678.40622174117,
      480693.9502408247,
      563875.0877113952,
      701412.1396398046,
      798301.0875428154,
      982387.4683410138,
      1308230.4352312924,
      1821723.891248833,
      2204631.9741827287,
      3360655.6936213993,
      5953510.000873016,
      11243999.636419753,
      19877322.139658727,
      38875191.01526455,
      77061988.77246031,
      153226041.60988095,
      288119745.7,
      544440063.7,
      1043033682.1,
      1963386457.2,
      3014051606.7,
      461119.44580301177,
      481075.47796553886,
      563502.6792644032,
      699732.3512899878,
      803168.8235735171,
      983007.9785731353,
      1305203.4620476193,
      1817845.1912340492,
      2208452.4029062735,
      3343486.7560742632,
      5991981.629570933,
      11319187.974717813,
      20019814.49145238,
      39197171.9652381,
      78065667.34180555,
      154965044.925,
      291157090.95,
      545809697.7,
      1041886026.6,
      1958391030.8,
      2963760678.0
    ],
    "stddev": [
      1209.7684978374077,
      1136.995615363694,
      2498.2472866362073,
      1779.011563898536,
      2524.793198529417,
      3180.24814092604,
      3081.2733898005076,
      7909.116581135102,
      10618.394616083908,
      16567.97706639751,
      42867.17303173359,
      98852.3210020837,
      97874.96098416393,
      158419.76012017037,
      667142.6215384445,
      171672.75399364848,
      5562937.840208356,
      5406519.946052841,
      4426338.626079153,
      16242573.334009903,
      48888861.04600482,
      3166.3414257222444,
      1550.0172634651817,
      1613.4446197361517,
      2071.3918045990995,
      3042.98166012765,
      3407.930091520612,
      3346.6445586816626,
      6147.277651472549,
      6591.99368491459,
      21310.14210469253,
      35387.419552141175,
      83514.71819684704,
      127862.3250843512,
      212699.92521418107,
      775690.4859015164,
      83630.50936161929,
      1178447.541762582,
      4952182.394758054,
      14119939.031544415,
      18330908.96686606,
      18529674.486530766
    ]
  },
  "mul_Gt": {
    "range": [
      1,
      1
    ],
    "results": [
      487931.8984116373,
      489520.570166624
    ],
    "stddev": [
      7269.995840045032,
      7920.175693677047
    ]
  },