{"mul_ec": {"range": [1], "results": [144320]}, "add_ff": {"range": [1], "results": [3]}, "add_ec": {"range": [1], "results": [549]}, "msm_G1": {"range": [1, 2, 4, 8, 16, 32, 64, 128, 256, 512, 1024, 2048, 4096, 8192, 16384, 32768, 65536, 131072, 262144, 524288, 1048576, 2097152], "results": [267807.07903098594, 353056.65024142014, 361405.87748055323, 438322.14773324283, 722024.4741718605, 1002232.431269592, 881104.1470098393, 1778034.2757896099, 1834037.852105263, 3132865.149285713, 4076937.2192307673, 6121632.088888887, 16438454.244000003, 16522088.755, 29477194.795, 57980363.75, 99930741.27, 184801406.19, 354024702.99, 666661562.07, 1303727607.87, 2873326605.81]}, "msm_G2": {"range": [1, 2, 4, 8, 16, 32, 64, 128, 256, 512, 1024, 2048, 4096, 8192, 16384, 32768, 65536, 131072, 262144, 524288, 1048576, 2097152], "results": [634417.6173736887, 578158.5407595745, 776376.8524756315, 826428.1916466798, 1501348.605057367, 1699148.1613882768, 2322320.1540909093, 2867028.8678571433, 3592964.6483333325, 5838427.874444443, 8958416.950000005, 16021486.106666667, 26594647.295, 49190287.285, 89281619.58, 172956564.94, 277371057.07, 503365343.7, 1042389602.98, 2657821442.14, 4047558783.34, 7782898723.36]}, "invert": {"range": [1], "results": [1847]}, "pairing": {"range": [1], "results": [941022]}, "pairing_product": {"range": [16, 32, 64, 128, 256, 512, 1024], "results": [3198053.2025, 5042863.293000001, 9195988.059999997, 17694263.21666667, 34317554.59, 67274714.6, 134876716.2]}}