{
  "add_ff": {
    "range": [
      1
    ],
    "results": [
      5.050434144124532
    ],
    "stddev": [
      0.0038255510691367887
    ]
  },
  "mul_ff": {
    "range": [
      1
    ],
    "results": [
      27.54297415090973
    ],
    "stddev": [
      0.08281926867788621
    ]
  },
  "invert": {
    "range": [
      1
    ],
    "results": [
      9961.079129409341
    ],
    "stddev": [
      4.889151140966118
    ]
  },
  "add_G1": {
    "range": [
      1
    ],
    "results": [
      914.6529465116006
    ],
    "stddev": [
      1.1443331731247681
    ]
  },
  "mul_G1": {
    "range": [
      1
    ],
    "results": [
      389085.4593734859
    ],
    "stddev": [
      336.28670050503956
    ]
  },
  "pairing": {
    "range": [
      1
    ],
    "results": [
      1440335.9339454267
    ],
    "stddev": [
      843.0707175641405
    ]
  },
  "msm_Gt": {
    "range": [
      2,
      4,
      8,
      16,
      32,
      64,
      128,
      256,
      512,
      1024
    ],
    "results": [
      1508193.7035643212,
      1946065.4935747257,
      2819315.807777779,
      4565854.754545456,
      8062074.324285717,
      15056774.4025,
      29104086.275,
      57475141.42,
      116220501.06,
      233976872.12
    ],
    "stddev": [
      4154.820373262171,
      828.3397056244005,
      668.9053257679456,
      1496.145642880609,
      2871.4337129914925,
      8397.17800126142,
      12306.355307192905,
      96671.2206549788,
      251669.17582234103,
      114900.54479089993
    ]
  }
}