{
  "add_ff": {
    "range": [
      1
    ],
    "results": [
      3.9482842727152696
    ],
    "stddev": [
      0.01579487836429343
    ]
  },
  "mul_ff": {
    "range": [
      1
    ],
    "results": [
      20.506100792891164
    ],
    "stddev": [
      0.08315412903959672
    ]
  },
  "invert": {
    "range": [
      1
    ],
    "results": [
      8035.8447986360125
    ],
    "stddev": [
      42.215793179559576
    ]
  },
  "add_G1": {
    "range": [
      1
    ],
    "results": [
      708.7845057558931
    ],
    "stddev": [
      5.353435205862049
    ]
  },
  "mul_G1": {
    "range": [
      1
    ],
    "results": [
      300540.37768277095
    ],
    "stddev": [
      1388.3354153746393
    ]
  },
  "pairing": {
    "range": [
      1
    ],
    "results": [
      1121186.7370043204
    ],
    "stddev": [
      5611.991281717833
    ]
  },
  "msm_Gt": {
    "range": [
      2,
      4,
      8,
      16,
      32,
      64,
      128,
      256,
      512,
      1024
    ],
    "results": [
      1170108.3573151904,
      1506371.0994674861,
      2173880.10875,
      3484888.908666668,
      6082698.459999999,
      11288334.504,
      21950414.44333334,
      44836543.99,
      90366359.7,
      180649828.46
    ],
    "stddev": [
      5326.334738691319,
      4760.511753540085,
      5925.803586533807,
      10475.954530912506,
      19883.99265461774,
      99612.1118316703,
      131473.95435319794,
      836008.283191641,
      525883.8007729939,
      773749.2648292781
    ]
  }
}