{
  "add_ff": {
    "range": [
      1
    ],
    "results": [
      6.0897674539312625
    ]
  },
  "mul_ff": {
    "range": [
      1
    ],
    "results": [
      32.86151029605591
    ]
  },
  "invert": {
    "range": [
      1
    ],
    "results": [
      12017.537273333317
    ]
  },
  "add_G1": {
    "range": [
      1
    ],
    "results": [
      1112.9601497150154
    ]
  },
  "mul_G1": {
    "range": [
      1
    ],
    "results": [
      466708.1282147491
    ]
  },
  "pairing": {
    "range": [
      1
    ],
    "results": [
      1777767.4226580525
    ]
  },
  "msm_Gt": {
    "range": [
      2,
      4,
      8,
      16,
      32,
      64,
      128,
      256,
      512,
      1024
    ],
    "results": [
      1865692.3288787266,
      2412090.683333332,
      3500891.0980000007,
      5683327.034444444,
      10051164.333999999,
      18878660.373333324,
      36670137.165,
      73917231.02,
      147121793.98,
      293190230.57
    ]
  }
}