{
  "add_ff": {
    "range": [
      1
    ],
    "results": [
      6.793649876538889
    ],
    "stddev": [
      0.0387272040837902
    ]
  },
  "mul_ff": {
    "range": [
      1
    ],
    "results": [
      33.94379050116133
    ],
    "stddev": [
      0.038147281328615286
    ]
  },
  "invert": {
    "range": [
      1
    ],
    "results": [
      11214.47409239788
    ],
    "stddev": [
      12.190063966043427
    ]
  },
  "add_G1": {
    "range": [
      1
    ],
    "results": [
      1101.7875143801568
    ],
    "stddev": [
      1.5322921553705682
    ]
  },
  "mul_G1": {
    "range": [
      1
    ],
    "results": [
      462425.2549448203
    ],
    "stddev": [
      950.6457599591329
    ]
  },
  "pairing": {
    "range": [
      1
    ],
    "results": [
      1809597.6527013474
    ],
    "stddev": [
      2122.332252189897
    ]
  },
  "msm_Gt": {
    "range": [
      2,
      4,
      8,
      16,
      32,
      64,
      128,
      256,
      512,
      1024
    ],
    "results": [
      1903320.5003574428,
      2451741.413333333,
      3553366.274000001,
      5751004.10111111,
      10172819.908,
      19070826.686666664,
      36905599.275,
      73291501.34,
      147710309.58,
      294866513.82
    ],
    "stddev": [
      4486.337322504687,
      1954.3359107180231,
      2318.257747435821,
      2857.403571495256,
      6090.400615685076,
      23867.42307282848,
      196462.49448868574,
      747805.0743284405,
      279799.05256126873,
      203150.45179523376
    ]
  }
}