{
  "add_ff": {
    "range": [
      1
    ],
    "results": [
      6.612227909864999
    ]
  },
  "mul_ff": {
    "range": [
      1
    ],
    "results": [
      34.07817089985914
    ]
  },
  "invert": {
    "range": [
      1
    ],
    "results": [
      11272.922634570808
    ]
  },
  "add_G1": {
    "range": [
      1
    ],
    "results": [
      1117.6819363297398
    ]
  },
  "mul_G1": {
    "range": [
      1
    ],
    "results": [
      467397.28599545785
    ]
  },
  "pairing": {
    "range": [
      1
    ],
    "results": [
      1794290.5130550698
    ]
  },
  "msm_Gt": {
    "range": [
      2,
      4,
      8,
      16,
      32,
      64,
      128,
      256,
      512,
      1024
    ],
    "results": [
      1886848.7832833317,
      2449428.9728571423,
      3580727.2792857126,
      5829196.745555557,
      10346290.988000002,
      20051597.47333333,
      39054795.42,
      76768287.71,
      152175228.36,
      303496681.76
    ]
  }
}