{"add_ff": {"range": [1], "results": [5.050434144124532]}, "mul_ff": {"range": [1], "results": [27.54297415090973]}, "invert": {"range": [1], "results": [9961.079129409341]}, "add_G1": {"range": [1], "results": [914.6529465116006]}, "mul_G1": {"range": [1], "results": [389085.4593734859]}, "pairing": {"range": [1], "results": [1440335.9339454267]}, "msm_Gt": {"range": [2, 4, 8, 16, 32, 64, 128, 256, 512, 1024], "results": [1508193.7035643212, 1946065.4935747257, 2819315.807777779, 4565854.754545456, 8062074.324285717, 15056774.4025, 29104086.275, 57475141.42, 116220501.06, 233976872.12]}}