{
  "add_ff": {
    "range": [
      1
    ],
    "results": [
      5.219428316977908
    ],
    "stddev": [
      0.02732271617943803
    ]
  },
  "mul_ff": {
    "range": [
      1
    ],
    "results": [
      25.158989520880418
    ],
    "stddev": [
      0.07017223100990742
    ]
  },
  "invert": {
    "range": [
      1
    ],
    "results": [
      9685.001038618746
    ],
    "stddev": [
      8.22741557105783
    ]
  },
  "add_G1": {
    "range": [
      1
    ],
    "results": [
      843.7004685950021
    ],
    "stddev": [
      1.5453968302402588
    ]
  },
  "mul_G1": {
    "range": [
      1
    ],
    "results": [
      351566.2710192515
    ],
    "stddev": [
      383.2051529873704
    ]
  },
  "pairing": {
    "range": [
      1
    ],
    "results": [
      1339982.4637140175
    ],
    "stddev": [
      997.6366228848714
    ]
  },
  "msm_Gt": {
    "range": [
      2,
      4,
      8,
      16,
      32,
      64,
      128,
      256,
      512,
      1024
    ],
    "results": [
      1409210.6418194792,
      1826825.4660554752,
      2660162.8552631573,
      4326758.4925,
      7667760.108571427,
      14393483.5925,
      27899968.7,
      55303006.83,
      110640487.76,
      220744335.4
    ],
    "stddev": [
      833.8909545328996,
      1502.815411051298,
      1583.4743009227657,
      2569.060765146129,
      6492.049033134354,
      15929.513870393808,
      48438.779543770506,
      172927.23314868915,
      373139.92405935656,
      337539.59541618224
    ]
  }
}