{
  "add_ff": {
    "range": [
      1
    ],
    "results": [
      6.0897674539312625
    ],
    "stddev": [
      0.008860093529182987
    ]
  },
  "mul_ff": {
    "range": [
      1
    ],
    "results": [
      32.86151029605591
    ],
    "stddev": [
      0.04901139467052093
    ]
  },
  "invert": {
    "range": [
      1
    ],
    "results": [
      12017.537273333317
    ],
    "stddev": [
      51.865530141122726
    ]
  },
  "add_G1": {
    "range": [
      1
    ],
    "results": [
      1112.9601497150154
    ],
    "stddev": [
      0.7754636215642559
    ]
  },
  "mul_G1": {
    "range": [
      1
    ],
    "results": [
      466708.1282147491
    ],
    "stddev": [
      378.6794682120694
    ]
  },
  "pairing": {
    "range": [
      1
    ],
    "results": [
      1777767.4226580525
    ],
    "stddev": [
      1334.369130819996
    ]
  },
  "msm_Gt": {
    "range": [
      2,
      4,
      8,
      16,
      32,
      64,
      128,
      256,
      512,
      1024
    ],
    "results": [
      1865692.3288787266,
      2412090.683333332,
      3500891.0980000007,
      5683327.034444444,
      10051164.333999999,
      18878660.373333324,
      36670137.165,
      73917231.02,
      147121793.98,
      293190230.57
    ],
    "stddev": [
      1508.6028523890877,
      965.5266717205984,
      2806.1972789359047,
      5207.64358231417,
      9123.153311834898,
      14844.366073383546,
      162945.51441854812,
      229437.2407323179,
      241875.1157605089,
      251782.5795260766
    ]
  }
}