{
  "add_ff": {
    "range": [
      1
    ],
    "results": [
      11.440471824275853
    ],
    "stddev": [
      0.012219736467699268
    ]
  },
  "mul_ff": {
    "range": [
      1
    ],
    "results": [
      92.941740973904
    ],
    "stddev": [
      0.1502342248953115
    ]
  },
  "invert": {
    "range": [
      1
    ],
    "results": [
      25554.9699570579
    ],
    "stddev": [
      17.63105545339396
    ]
  },
  "add_G1": {
    "range": [
      1
    ],
    "results": [
      2986.1670729979646
    ],
    "stddev": [
      0.625119347970381
    ]
  },
  "mul_G1": {
    "range": [
      1
    ],
    "results": [
      1233681.1397397034
    ],
    "stddev": [
      328.8056702431289
    ]
  },
  "pairing": {
    "range": [
      1
    ],
    "results": [
      4353299.766666668
    ],
    "stddev": [
      621.6926693623656
    ]
  },
  "msm_Gt": {
    "range": [
      2,
      4,
      8,
      16,
      32,
      64,
      128,
      256,
      512,
      1024
    ],
    "results": [
      4599346.147272727,
      6010310.986666666,
      8831611.341666669,
      14475931.9175,
      25765466.815,
      48371249.635,
      93910549.41,
      184704877.39,
      366530573.19,
      731311930.54
    ],
    "stddev": [
      563.160548102238,
      828.6262905869182,
      1315.2705892652082,
      1747.5331188045475,
      4032.28368958274,
      20849.002155601476,
      110819.47810796574,
      133844.95973042058,
      71938.97741026,
      183870.44751386347
    ]
  }
}