{
  "add_ff": {
    "range": [
      1
    ],
    "results": [
      11.440471824275853
    ]
  },
  "mul_ff": {
    "range": [
      1
    ],
    "results": [
      92.941740973904
    ]
  },
  "invert": {
    "range": [
      1
    ],
    "results": [
      25554.9699570579
    ]
  },
  "add_G1": {
    "range": [
      1
    ],
    "results": [
      2986.1670729979646
    ]
  },
  "mul_G1": {
    "range": [
      1
    ],
    "results": [
      1233681.1397397034
    ]
  },
  "pairing": {
    "range": [
      1
    ],
    "results": [
      4353299.766666668
    ]
  },
  "msm_Gt": {
    "range": [
      2,
      4,
      8,
      16,
      32,
      64,
      128,
      256,
      512,
      1024
    ],
    "results": [
      4599346.147272727,
      6010310.986666666,
      8831611.341666669,
      14475931.9175,
      25765466.815,
      48371249.635,
      93910549.41,
      184704877.39,
      366530573.19,
      731311930.54
    ]
  }
}