{
  "add_ff": {
    "range": [
      1
    ],
    "results": [
      5.842951375586141
    ],
    "stddev": [
      0.007357513389213286
    ]
  },
  "mul_ff": {
    "range": [
      1
    ],
    "results": [
      29.270197488281696
    ],
    "stddev": [
      0.7689982706602164
    ]
  },
  "invert": {
    "range": [
      1
    ],
    "results": [
      9653.669654192263
    ],
    "stddev": [
      5.219945378655714
    ]
  },
  "add_G1": {
    "range": [
      1
    ],
    "results": [
      947.5873398655301
    ],
    "stddev": [
      0.7351999507969981
    ]
  },
  "mul_G1": {
    "range": [
      1
    ],
    "results": [
      404674.2742862971
    ],
    "stddev": [
      271.8091078542729
    ]
  },
  "pairing": {
    "range": [
      1
    ],
    "results": [
      1570705.7249058466
    ],
    "stddev": [
      1051.6622083607747
    ]
  },
  "msm_Gt": {
    "range": [
      2,
      4,
      8,
      16,
      32,
      64,
      128,
      256,
      512,
      1024
    ],
    "results": [
      1654036.5206188574,
      2129103.610416667,
      3083446.582352941,
      4994067.990909092,
      8814484.843333332,
      16563459.57,
      31951014.36,
      62797980.14,
      124623191.96,
      248509526.34
    ],
    "stddev": [
      3047.3936152415745,
      893.3434839359279,
      1968.4738035140824,
      2323.2793490671097,
      6421.8950078279895,
      6736.395957045577,
      21324.60716837241,
      30660.77663922426,
      60000.632099323746,
      414494.49141872127
    ]
  }
}