{
  "add_ff": {
    "range": [
      1
    ],
    "results": [
      6.612227909864999
    ],
    "stddev": [
      0.13581554580094812
    ]
  },
  "mul_ff": {
    "range": [
      1
    ],
    "results": [
      34.07817089985914
    ],
    "stddev": [
      0.8460306316146554
    ]
  },
  "invert": {
    "range": [
      1
    ],
    "results": [
      11272.922634570808
    ],
    "stddev": [
      224.07931754967603
    ]
  },
  "add_G1": {
    "range": [
      1
    ],
    "results": [
      1117.6819363297398
    ],
    "stddev": [
      6.612859797471616
    ]
  },
  "mul_G1": {
    "range": [
      1
    ],
    "results": [
      467397.28599545785
    ],
    "stddev": [
      14501.588958386199
    ]
  },
  "pairing": {
    "range": [
      1
    ],
    "results": [
      1794290.5130550698
    ],
    "stddev": [
      1862.976324026338
    ]
  },
  "msm_Gt": {
    "range": [
      2,
      4,
      8,
      16,
      32,
      64,
      128,
      256,
      512,
      1024
    ],
    "results": [
      1886848.7832833317,
      2449428.9728571423,
      3580727.2792857126,
      5829196.745555557,
      10346290.988000002,
      20051597.47333333,
      39054795.42,
      76768287.71,
      152175228.36,
      303496681.76
    ],
    "stddev": [
      3156.1974854790737,
      5473.358240744981,
      28150.88054300505,
      9592.260108285845,
      17219.552357475968,
      44588.67490932301,
      36937.203081359585,
      87915.97051165334,
      388257.7558383482,
      892920.5494095444
    ]
  }
}