{
  "add_ff": {
    "range": [
      1
    ],
    "results": [
      6.700865045961182
    ],
    "stddev": [
      0.014242206673606771
    ]
  },
  "mul_ff": {
    "range": [
      1
    ],
    "results": [
      32.5405019728193
    ],
    "stddev": [
      0.05065140816647917
    ]
  },
  "invert": {
    "range": [
      1
    ],
    "results": [
      12354.462657543163
    ],
    "stddev": [
      12.807784736314058
    ]
  },
  "add_G1": {
    "range": [
      1
    ],
    "results": [
      1110.9834681887933
    ],
    "stddev": [
      0.6393208602897068
    ]
  },
  "mul_G1": {
    "range": [
      1
    ],
    "results": [
      462302.4778379172
    ],
    "stddev": [
      163.5779592290569
    ]
  },
  "pairing": {
    "range": [
      1
    ],
    "results": [
      1768195.8494695087
    ],
    "stddev": [
      797.672526226087
    ]
  },
  "msm_Gt": {
    "range": [
      2,
      4,
      8,
      16,
      32,
      64,
      128,
      256,
      512,
      1024
    ],
    "results": [
      1880073.0301020753,
      2472571.2633333327,
      3656593.2164285695,
      6025206.433333333,
      10762421.59,
      20239689.53333334,
      39205045.135,
      77111820.43,
      152973561.82,
      305017806.37
    ],
    "stddev": [
      241.7692847794507,
      300.55133031175404,
      393.27302888770276,
      882.7885119968455,
      1949.880142444613,
      3508.797214621015,
      9506.575930074665,
      11204.885093792796,
      49629.304632924286,
      226510.53883762914
    ]
  }
}