{"mul_ff": {"range": [1], "results": [21.748630150559137]}, "mul_G1": {"range": [1], "results": [90509.39133709602]}, "mul_G2": {"range": [1], "results": [190384.00489270373]}, "mul_Gt": {"range": [1], "results": [735397.9596922564]}, "add_ff": {"range": [1], "results": [8.359101543234399]}, "add_G1": {"range": [1], "results": [716.8960426972603]}, "add_G2": {"range": [1], "results": [2068.740429704719]}, "add_Gt": {"range": [1], "results": [2429.4524350118672]}, "msm_G1": {"range": [2, 4, 8, 16, 32, 64, 128, 256, 512, 1024, 2048, 4096, 8192, 16384, 32768, 65536, 131072, 262144, 524288, 1048576, 2097152], "results": [262739.77834205073, 372805.30658960936, 546147.6124812035, 897813.8650330302, 226994.20747019962, 279765.01353246527, 373119.8513501986, 626827.8810185723, 922570.4739334759, 1573094.745212389, 2443512.8442857144, 4489147.822499999, 7999936.980000001, 15989891.72, 30998689.305, 61238876.57, 121182287.95, 235041984.11, 355855204.08, 604398919.48, 1042711743.7]}, "msm_G2": {"range": [2, 4, 8, 16, 32, 64, 128, 256, 512, 1024, 2048, 4096, 8192, 16384, 32768, 65536, 131072, 262144, 524288, 1048576, 2097152], "results": [693057.8164965402, 1006604.7873739578, 1486284.9842339095, 2458904.1461904775, 524129.521924819, 669226.1431907179, 932664.2635050629, 1356272.8431662957, 2590691.8189999997, 4353679.772499997, 6234999.37625, 11999808.496000001, 21711294.769999992, 41206327.705, 81718882.72, 162582167.64, 312800591.61, 565212491.01, 810078099.61, 1499263865.68, 2675397846.0]}, "invert": {"range": [1], "results": [1593.1665393359262]}, "pairing": {"range": [1], "results": [706932.2585711821]}, "msm_Gt": {"range": [16, 32, 64, 128, 256, 512, 1024], "results": [3910121.5623076935, 7417950.501428571, 14432891.2475, 28467220.16, 56522631.79, 112659146.83, 224896316.31]}}