{"mul_ff": {"range": [1], "results": [118.13602120915556]}, "mul_G1": {"range": [1], "results": [468415.7200036163]}, "mul_G2": {"range": [1], "results": [973507.9552325323]}, "mul_Gt": {"range": [1], "results": [3226900.78375]}, "add_ff": {"range": [1], "results": [17.0149329003432]}, "add_G1": {"range": [1], "results": [4226.589177471205]}, "add_G2": {"range": [1], "results": [10925.474544909708]}, "add_Gt": {"range": [1], "results": [10441.286507493687]}, "msm_G1": {"range": [2, 4, 8, 16, 32, 64, 128, 256, 512, 1024, 2048, 4096, 8192, 16384, 32768, 65536, 131072, 262144, 524288, 1048576, 2097152], "results": [1438908.1003380418, 2033319.4407999995, 3065741.7358823526, 4924647.412727272, 1422314.2395050495, 2158353.4475000007, 3118379.032941178, 5168393.061999998, 8843717.365000006, 14017935.24, 25473425.595, 45536815.87, 76144271.47, 137953777.95, 275175235.51, 550747594.13, 1095420614.13, 1629293534.95, 2979706626.15, 8136734847.74, 11116599808.4]}, "msm_G2": {"range": [2, 4, 8, 16, 32, 64, 128, 256, 512, 1024, 2048, 4096, 8192, 16384, 32768, 65536, 131072, 262144, 524288, 1048576, 2097152], "results": [3642951.481428572, 5178032.866000002, 7823871.462857144, 12596308.78, 3934443.5923076924, 5292614.4690000005, 7746106.160000001, 12714267.645, 22173807.576666694, 34868604.855, 64863972.13, 115694977.82, 193553680.85, 351392125.91, 705727221.48, 1412338382.75, 2811400251.14, 4219895450.51, 7692498322.75, 20868366799.61, 28576258989.7]}, "invert": {"range": [1], "results": [3943.3820530348294]}, "pairing": {"range": [1], "results": [3279148.523125]}, "msm_Gt": {"range": [16, 32, 64, 128, 256, 512, 1024], "results": [18237498.059999984, 34603075.59, 67468229.59, 132950940.18, 264056874.45, 526883826.79, 1050760543.68]}}