{"mul_ff": {"range": [1], "results": [24.219196799862694]}, "mul_G1": {"range": [1], "results": [100470.85240867615]}, "mul_G2": {"range": [1], "results": [212258.70538976678]}, "mul_Gt": {"range": [1], "results": [822774.1863717984]}, "add_ff": {"range": [1], "results": [9.297552794904606]}, "add_G1": {"range": [1], "results": [799.4357342430704]}, "add_G2": {"range": [1], "results": [2303.5892747747494]}, "add_Gt": {"range": [1], "results": [2679.287463244127]}, "msm_G1": {"range": [2, 4, 8, 16, 32, 64, 128, 256, 512, 1024, 2048, 4096, 8192, 16384, 32768, 65536, 131072, 262144, 524288, 1048576, 2097152], "results": [300755.4797346179, 415256.3126555902, 628330.1443075569, 975893.4022676973, 468735.9279056784, 681069.0047242194, 1088264.916715294, 1790741.9949625419, 3003699.5711764707, 4916937.055454544, 9480515.635000002, 16494614.445, 28557155.445, 52260428.91, 103320927.68, 188506608.14, 358194375.3, 610827237.89, 1126000267.72, 2615720706.66, 4243941422.1]}, "msm_G2": {"range": [2, 4, 8, 16, 32, 64, 128, 256, 512, 1024, 2048, 4096, 8192, 16384, 32768, 65536, 131072, 262144, 524288, 1048576, 2097152], "results": [788769.9290675091, 1111167.7808865248, 1710195.8534112624, 2678012.3478947366, 1227905.5728932554, 1739591.3043934002, 2824723.035555554, 4758776.20090909, 8044088.462857145, 13192491.32, 25517007.75, 45282228.25, 77268945.02, 140444973.23, 274996305.68, 489471658.38, 948144649.79, 1658006306.17, 3030195042.07, 7078762146.37, 11312844318.7]}, "invert": {"range": [1], "results": [1786.0409025481792]}, "pairing": {"range": [1], "results": [783998.6995879554]}, "msm_Gt": {"range": [16, 32, 64, 128, 256, 512, 1024], "results": [4344780.722499999, 8236702.345714288, 16023863.845, 31624256.415, 62816509.22, 125292466.48, 249955057.74]}}