{"mul_ff": {"range": [1], "results": [21]}, "mul_ec": {"range": [1], "results": [91470]}, "add_ff": {"range": [1], "results": [8]}, "add_ec": {"range": [1], "results": [715]}, "msm_G1": {"range": [2, 4, 8, 16, 32, 64, 128, 256, 512, 1024, 2048, 4096, 8192, 16384, 32768, 65536, 131072, 262144, 524288, 1048576, 2097152, 4194304, 8388608, 16777216, 33554432, 67108864], "results": [276688.6268363682, 363400.04666896147, 558422.8011721722, 897701.3541322253, 226561.1913965353, 279413.5613225232, 373672.622271542, 626065.8987143185, 922327.9703833461, 1563651.0796257786, 2456803.6999999993, 4474950.660833333, 7999873.484285712, 16009719.07, 30882897.015, 61223961.26, 120986015.63, 232520725.27, 352803998.04, 600457498.07, 1040260943.2, 2026562547.1, 3849598574.5, 7957292776.6, 14649131173.1, 27704331217.3]}, "msm_G2": {"range": [2, 4, 8, 16, 32, 64, 128, 256, 512, 1024, 2048, 4096, 8192, 16384, 32768, 65536, 131072, 262144, 524288, 1048576, 2097152, 4194304, 8388608, 16777216, 33554432, 67108864], "results": [735015.090532227, 978459.2437260777, 1525328.3953718513, 2462158.911428572, 523260.1740036844, 670627.8572013539, 933684.2281469534, 1357639.0421441684, 2579012.1414999994, 4358906.4475, 6293173.1675, 12000037.000000006, 21479361.60333333, 41143825.06, 81961247.22, 162830837.64, 312164117.39, 565721938.44, 803830307.61, 1498684310.1, 2674988111.5, 5130127528.4, 10446973104.1, 20380598661.1, 37582018304.5, 71509791193.0]}, "invert": {"range": [1], "results": [1603]}, "pairing": {"range": [1], "results": [715585]}, "pairing_product": {"range": [16, 32, 64, 128, 256, 512, 1024], "results": [3906978.553846153, 7415257.238571431, 14424000.1525, 28444290.43, 56490431.83, 112568952.07, 224739302.41]}}