{"add_ff": {"range": [1], "results": [4]}, "add_ec": {"range": [1], "results": [750]}, "msm_G1": {"range": [1, 2, 4, 8, 16, 32, 64, 128, 256, 512, 1024, 2048, 4096, 8192, 16384, 32768, 65536, 131072, 262144, 524288, 1048576, 2097152], "results": [309700.1512172192, 207925.3801971877, 279965.8103139931, 431990.9336345066, 689653.4644331059, 264107.05589860067, 350571.8002059747, 489378.1914925067, 761145.7930695043, 1225265.2166855303, 2177183.099130434, 3615176.762857143, 5757546.6677777795, 10475169.588, 20682871.789999995, 39648923.735, 69324509.56, 126004815.02, 234934224.99, 463657363.75, 1432288020.78, 1831043975.05]}, "msm_G2": {"range": [1, 2, 4, 8, 16, 32, 64, 128, 256, 512, 1024, 2048, 4096, 8192, 16384, 32768, 65536, 131072, 262144, 524288, 1048576, 2097152], "results": [591418.3708898209, 510120.2692236167, 707751.3133375619, 1109538.1942229592, 1792041.5256857104, 581114.6295462666, 779724.2332536201, 1143618.1862293712, 1923828.2738615586, 3170960.966875, 5793761.01777778, 9458203.331666667, 15788316.875, 29198708.56, 56536454.5, 98949318.32, 174145913.78, 329675310.04, 633927984.6, 1389498642.93, 2314839373.73, 4553127168.33]}, "invert": {"range": [1], "results": [1464]}, "pairing": {"range": [1], "results": [485550]}, "pairing_product": {"range": [16, 32, 64, 128, 256, 512, 1024], "results": [2675051.3352631587, 5369596.090999999, 9889057.845, 20086258.896666676, 38812849.84, 79948806.58, 154320496.2]}}