{"mul_ff": {"range": [1], "results": [25]}, "mul_ec": {"range": [1], "results": [99823]}, "add_ff": {"range": [1], "results": [8]}, "add_ec": {"range": [1], "results": [792]}, "msm_G1": {"range": [2, 4, 8, 16, 32, 64, 128, 256, 512, 1024, 2048, 4096, 8192, 16384, 32768, 65536, 131072, 262144, 524288, 1048576, 2097152], "results": [327019.2715365802, 477823.8074849916, 701365.8295544483, 1242516.833585288, 864392.5046088317, 1347103.765014497, 2168774.067499999, 3656410.4742857153, 6271037.62125, 11251526.642, 19126297.496666666, 36300137.065, 62711316.35, 114334458.42, 209854522.54, 390730570.46, 754908271.01, 1401165136.53, 2592128486.03, 4967005914.63, 9585859131.7]}, "msm_G2": {"range": [2, 4, 8, 16, 32, 64, 128, 256, 512, 1024, 2048, 4096, 8192, 16384, 32768, 65536, 131072, 262144, 524288, 1048576, 2097152], "results": [754772.0122778473, 1126776.3414706162, 1627412.4748127598, 2754101.862631579, 2219044.793043479, 3444579.4100000006, 5715713.721111111, 9711786.336666668, 16700658.245, 30004349.06, 51583724.74, 97828687.02, 167078467.59, 305224593.29, 570690919.74, 1051360477.84, 2018998711.04, 3771853663.43, 6921826589.61, 13190908811.53, 25638452127.3]}, "invert": {"range": [1], "results": [1776]}, "pairing": {"range": [1], "results": [792700]}, "pairing_product": {"range": [16, 32, 64, 128, 256, 512, 1024], "results": [4354168.699166668, 8240654.150000003, 16002330.855, 31503609.735, 62722204.1, 124698096.17, 248834394.82]}}