{
  "add_ff": {
    "range": [
      1
    ],
    "results": [
      1.6269361675069574
    ],
    "stddev": [
      0.008671920457686761
    ]
  },
  "mul_ff": {
    "range": [
      1
    ],
    "results": [
      17.058676256639735
    ],
    "stddev": [
      0.07962625740584152
    ]
  },
  "pairing": {
    "range": [
      1,
      1,
      1
    ],
    "results": [
      362.0265552539487,
      97980.4680858981,
      1094475.1355014825
    ],
    "stddev": [
      3.528874867656368,
      473.7329053645885,
      4909.370807297553
    ]
  }
}