{
  "msm_G1": {
    "range": [
      1,
      2,
      4,
      8,
      16,
      32,
      64,
      128,
      256,
      512,
      1024,
      2048,
      4096,
      8192,
      16384,
      32768,
      65536,
      131072,
      262144,
      524288,
      1048576
    ],
    "results": [
      167426.9684055561,
      176821.06214362718,
      186800.14405691062,
      199447.66374206648,
      214520.97619209182,
      246774.3978288923,
      303408.35531641974,
      385959.426109546,
      580537.5252802729,
      922791.7413530899,
      1495204.0366079984,
      2029780.1755999995,
      3877882.7853846145,
      7544132.562857146,
      13745001.28,
      27339867.275,
      54742048.97,
      104594210.28,
      212657104.25,
      436651362.64,
      853198868.84
    ]
  },
  "msm_G2": {
    "range": [
      1,
      2,
      4,
      8,
      16,
      32,
      64,
      128,
      256,
      512,
      1024,
      2048,
      4096,
      8192,
      16384,
      32768,
      65536,
      131072,
      262144,
      524288,
      1048576
    ],
    "results": [
      406410.4286849003,
      440399.654283234,
      490641.54316136247,
      536776.9013896985,
      610388.2851057992,
      689337.5073066333,
      920366.3394866278,
      1237167.9987864373,
      1819990.7509780487,
      3211390.036875,
      5166139.249000001,
      7200856.63625,
      13427012.5625,
      26515435.805,
      47979102.56,
      95682958.49,
      191823634.26,
      364704069.29,
      736289735.93,
      1507449372.87,
      2912717051.37
    ]
  }
}