{
  "add_ff": {
    "range": [
      1
    ],
    "results": [
      3.2694364271536425
    ]
  },
  "mul_ff": {
    "range": [
      1
    ],
    "results": [
      27.91616621865507
    ]
  },
  "pairing": {
    "range": [
      1
    ],
    "results": [
      1649553.0944316862
    ]
  },
  "msm_G1": {
    "range": [
      1,
      2,
      4,
      8,
      16,
      32,
      64,
      128,
      256,
      512,
      1024,
      2048,
      4096,
      8192,
      16384,
      32768,
      65536,
      131072,
      262144,
      524288,
      1048576
    ],
    "results": [
      202918.91971237038,
      241982.629866879,
      301715.1013722371,
      349092.8555590742,
      468195.5918015957,
      589540.3347744809,
      842076.2686824936,
      1286977.1718652272,
      1943709.9054391312,
      3252932.42875,
      5535900.770999999,
      9156117.658333333,
      17259119.87333333,
      31853194.42,
      58601006.11,
      100509390.75,
      201128627.97,
      385208102.76,
      670616764.19,
      1406646714.66,
      2756770186.64
    ]
  },
  "msm_G2": {
    "range": [
      1,
      2,
      4,
      8,
      16,
      32,
      64,
      128,
      256,
      512,
      1024,
      2048,
      4096,
      8192,
      16384,
      32768,
      65536,
      131072,
      262144,
      524288,
      1048576
    ],
    "results": [
      632902.6716613182,
      727386.1123148389,
      932861.5932772498,
      1137115.2746212066,
      1481408.458988644,
      1959145.1539177531,
      2794748.2194444444,
      4124570.3530769227,
      6838678.9925,
      11503506.232000005,
      19490857.22,
      32584569.415,
      61287162.39,
      113164140.28,
      206028798.54,
      354462351.11,
      723641175.0,
      1382457715.08,
      2374948286.25,
      4883416913.96,
      9554559873.42
    ]
  }
}