{
  "msm_G1": {
    "range": [
      1,
      2,
      4,
      8,
      16,
      32,
      64,
      128,
      256,
      512,
      1024,
      2048,
      4096,
      8192,
      16384,
      32768,
      65536,
      131072,
      262144,
      524288,
      1048576
    ],
    "results": [
      557415.9915176735,
      744885.9849394197,
      1032399.0839101358,
      1277417.1279935553,
      1598516.0804296818,
      2046801.4436000003,
      2978654.632941177,
      4462207.809166666,
      7209765.64714286,
      12166379.832,
      20703824.783333328,
      35982264.36,
      64571486.95,
      116636293.55,
      215906239.3,
      390321766.54,
      741327933.9,
      1414604236.47,
      2716646520.51,
      5110421392.22,
      10697699835.2
    ],
    "stddev": [
      15207.692729403343,
      10304.012020354585,
      5081.640503895332,
      4338.21807757537,
      41885.98824097172,
      2203.4982663544415,
      16541.22727221117,
      5102.380908897854,
      6245.222106847741,
      13437.22670862468,
      21249.03324945387,
      42172.64311488431,
      69641.91701574206,
      103519.56222380146,
      486328.8636866107,
      735265.5641451654,
      9051004.100767633,
      7006744.903322894,
      18636181.506083556,
      62419549.204177625,
      320556573.6052957
    ]
  },
  "msm_G2": {
    "range": [
      1,
      2,
      4,
      8,
      16,
      32,
      64,
      128,
      256,
      512,
      1024,
      2048,
      4096,
      8192,
      16384,
      32768,
      65536,
      131072,
      262144,
      524288,
      1048576
    ],
    "results": [
      1330716.2312574529,
      1697896.5716389853,
      2328175.0259090913,
      3107742.697647061,
      4216806.427499999,
      6251556.641111111,
      9876748.61,
      15152830.92,
      25274060.755,
      43367666.455,
      73550652.35,
      128890925.07,
      229937643.29,
      416539936.67,
      762762783.96,
      1384666820.85,
      2635391615.01,
      5006341976.39,
      9593119410.21,
      18318935334.41,
      35838091323.05
    ],
    "stddev": [
      12511.55900071493,
      5868.858642293766,
      2437.467226134869,
      11551.666693191502,
      4352.819842907967,
      72051.3314472549,
      12194.22742574041,
      13477.447277715464,
      46394.5885608707,
      37314.41077680948,
      64725.81193208393,
      5840121.1752130715,
      522379.4135708316,
      6455216.691678875,
      6858050.400161433,
      10142048.58187386,
      27081162.03770023,
      48945650.25828925,
      106699179.3180511,
      221621079.26860514,
      282253429.92642486
    ]
  }
}