{
  "add_ff": {
    "range": [
      1
    ],
    "results": [
      2.8293777209996636
    ],
    "stddev": [
      0.026446021855157327
    ]
  },
  "mul_ff": {
    "range": [
      1
    ],
    "results": [
      24.008085612372494
    ],
    "stddev": [
      0.019913770263314975
    ]
  },
  "pairing": {
    "range": [
      1,
      1,
      1
    ],
    "results": [
      491.970599094437,
      129992.37723820355,
      1432450.4123996152
    ],
    "stddev": [
      0.4407524770503092,
      232.87529657885764,
      494.03536327419147
    ]
  }
}