{
  "add_ff": {
    "range": [
      1
    ],
    "results": [
      1.865126936363533
    ],
    "stddev": [
      0.000988686656450644
    ]
  },
  "mul_ff": {
    "range": [
      1
    ],
    "results": [
      21.409318182051607
    ],
    "stddev": [
      0.016236105742210932
    ]
  },
  "pairing": {
    "range": [
      1,
      1,
      1
    ],
    "results": [
      421.06236302317103,
      116485.37257778816,
      1005625.2280209688
    ],
    "stddev": [
      0.3013887044845605,
      95.41853990812322,
      12131.601394606663
    ]
  }
}