{
  "msm_G1": {
    "range": [
      1,
      2,
      4,
      8,
      16,
      32,
      64,
      128,
      256,
      512,
      1024,
      2048,
      4096,
      8192,
      16384,
      32768,
      65536,
      131072,
      262144,
      524288,
      1048576
    ],
    "results": [
      557415.9915176735,
      744885.9849394197,
      1032399.0839101358,
      1277417.1279935553,
      1598516.0804296818,
      2046801.4436000003,
      2978654.632941177,
      4462207.809166666,
      7209765.64714286,
      12166379.832,
      20703824.783333328,
      35982264.36,
      64571486.95,
      116636293.55,
      215906239.3,
      390321766.54,
      741327933.9,
      1414604236.47,
      2716646520.51,
      5110421392.22,
      10697699835.2
    ]
  },
  "msm_G2": {
    "range": [
      1,
      2,
      4,
      8,
      16,
      32,
      64,
      128,
      256,
      512,
      1024,
      2048,
      4096,
      8192,
      16384,
      32768,
      65536,
      131072,
      262144,
      524288,
      1048576
    ],
    "results": [
      1330716.2312574529,
      1697896.5716389853,
      2328175.0259090913,
      3107742.697647061,
      4216806.427499999,
      6251556.641111111,
      9876748.61,
      15152830.92,
      25274060.755,
      43367666.455,
      73550652.35,
      128890925.07,
      229937643.29,
      416539936.67,
      762762783.96,
      1384666820.85,
      2635391615.01,
      5006341976.39,
      9593119410.21,
      18318935334.41,
      35838091323.05
    ]
  }
}