{
  "add_ff": {
    "range": [
      1
    ],
    "results": [
      2.3115760805263483
    ],
    "stddev": [
      0.006394382549792314
    ]
  },
  "mul_ff": {
    "range": [
      1
    ],
    "results": [
      26.175209225288267
    ],
    "stddev": [
      0.017963541177081207
    ]
  },
  "pairing": {
    "range": [
      1,
      1,
      1
    ],
    "results": [
      555.60385037138,
      144953.3994521832,
      1492272.707190434
    ],
    "stddev": [
      0.2927316957849835,
      65.58774892561587,
      719.2359644809652
    ]
  }
}