{
  "add_ff": {
    "range": [
      1
    ],
    "results": [
      3.4075489148427063
    ],
    "stddev": [
      0.030000762332169677
    ]
  },
  "mul_ff": {
    "range": [
      1
    ],
    "results": [
      27.875381628084153
    ],
    "stddev": [
      0.02590345136431614
    ]
  },
  "pairing": {
    "range": [
      1,
      1,
      1
    ],
    "results": [
      567.2688991444251,
      152802.56452783506,
      1697164.1861087647
    ],
    "stddev": [
      0.35434295033509006,
      697.7022507440904,
      871.1117271454794
    ]
  }
}