{
  "msm_G1": {
    "range": [
      1,
      2,
      4,
      8,
      16,
      32,
      64,
      128,
      256,
      512,
      1024,
      2048,
      4096,
      8192,
      16384,
      32768,
      65536,
      131072,
      262144,
      524288,
      1048576
    ],
    "results": [
      167426.9684055561,
      176821.06214362718,
      186800.14405691062,
      199447.66374206648,
      214520.97619209182,
      246774.3978288923,
      303408.35531641974,
      385959.426109546,
      580537.5252802729,
      922791.7413530899,
      1495204.0366079984,
      2029780.1755999995,
      3877882.7853846145,
      7544132.562857146,
      13745001.28,
      27339867.275,
      54742048.97,
      104594210.28,
      212657104.25,
      436651362.64,
      853198868.84
    ],
    "stddev": [
      1073.6973951195469,
      1065.9675060449592,
      1701.8243868205907,
      1775.7226896461325,
      2625.5511477056234,
      2928.436717495221,
      4554.8617040017425,
      15860.804142418841,
      32187.11170738601,
      34623.73744652153,
      44155.03970797016,
      1744.4289885864239,
      123098.2610626451,
      8781.966768113698,
      7620.872054371469,
      24942.781254139947,
      38385.402991099356,
      64351.703325565504,
      186792.0034438506,
      1064170.803900685,
      1179277.1347179147
    ]
  },
  "msm_G2": {
    "range": [
      1,
      2,
      4,
      8,
      16,
      32,
      64,
      128,
      256,
      512,
      1024,
      2048,
      4096,
      8192,
      16384,
      32768,
      65536,
      131072,
      262144,
      524288,
      1048576
    ],
    "results": [
      406410.4286849003,
      440399.654283234,
      490641.54316136247,
      536776.9013896985,
      610388.2851057992,
      689337.5073066333,
      920366.3394866278,
      1237167.9987864373,
      1819990.7509780487,
      3211390.036875,
      5166139.249000001,
      7200856.63625,
      13427012.5625,
      26515435.805,
      47979102.56,
      95682958.49,
      191823634.26,
      364704069.29,
      736289735.93,
      1507449372.87,
      2912717051.37
    ],
    "stddev": [
      1838.1976043314532,
      2297.7133183833257,
      9759.196348440006,
      11334.254556037366,
      7605.291735254456,
      9692.000293881605,
      20861.319519429504,
      4169.6278854455995,
      82254.90927192102,
      144110.15372634798,
      4991.130916926404,
      1023266.1951623617,
      13709.74377611481,
      24592.402605468928,
      50510.79152152934,
      96580.01764086557,
      146533.22530058635,
      111118.78655792592,
      743572.3672241493,
      5552894.889645507,
      7697680.64287439
    ]
  }
}