{
  "add_ff": {
    "range": [
      1
    ],
    "results": [
      3.2694364271536425
    ],
    "stddev": [
      0.014670899590054576
    ]
  },
  "mul_ff": {
    "range": [
      1
    ],
    "results": [
      27.91616621865507
    ],
    "stddev": [
      0.05212322304272388
    ]
  },
  "pairing": {
    "range": [
      1,
      1,
      1
    ],
    "results": [
      567.083629910449,
      156012.97114912447,
      1649553.0944316862
    ],
    "stddev": [
      0.6423160832476148,
      311.67914884629994,
      2252.42173375383
    ]
  },
  "msm_G1": {
    "range": [
      1,
      2,
      4,
      8,
      16,
      32,
      64,
      128,
      256,
      512,
      1024,
      2048,
      4096,
      8192,
      16384,
      32768,
      65536,
      131072,
      262144,
      524288,
      1048576
    ],
    "results": [
      202918.91971237038,
      241982.629866879,
      301715.1013722371,
      349092.8555590742,
      468195.5918015957,
      589540.3347744809,
      842076.2686824936,
      1286977.1718652272,
      1943709.9054391312,
      3252932.42875,
      5535900.770999999,
      9156117.658333333,
      17259119.87333333,
      31853194.42,
      58601006.11,
      100509390.75,
      201128627.97,
      385208102.76,
      670616764.19,
      1406646714.66,
      2756770186.64
    ],
    "stddev": [
      3234.024148899271,
      1511.1951696916208,
      19179.25556094936,
      7767.265611158439,
      28140.58765526254,
      10806.633549454084,
      32303.56462275266,
      94932.74222526092,
      120620.21169665887,
      169470.21334926292,
      262688.3951928087,
      12262.524322376566,
      18739.9902697579,
      308013.85233617097,
      1657129.8199267483,
      2950081.5687262826,
      174533.08550652824,
      276357.085834437,
      4109857.2039886336,
      17378953.84315169,
      27718303.802308444
    ]
  },
  "msm_G2": {
    "range": [
      1,
      2,
      4,
      8,
      16,
      32,
      64,
      128,
      256,
      512,
      1024,
      2048,
      4096,
      8192,
      16384,
      32768,
      65536,
      131072,
      262144,
      524288,
      1048576
    ],
    "results": [
      632902.6716613182,
      727386.1123148389,
      932861.5932772498,
      1137115.2746212066,
      1481408.458988644,
      1959145.1539177531,
      2794748.2194444444,
      4124570.3530769227,
      6838678.9925,
      11503506.232000005,
      19490857.22,
      32584569.415,
      61287162.39,
      113164140.28,
      206028798.54,
      354462351.11,
      723641175.0,
      1382457715.08,
      2374948286.25,
      4883416913.96,
      9554559873.42
    ],
    "stddev": [
      17487.038873665493,
      35662.0433842793,
      43674.436312524755,
      73315.22750540485,
      100619.00489165648,
      114948.07454617748,
      42858.79994445685,
      4790.0610535706455,
      262838.5431105198,
      13068.994381014054,
      22120.37691411944,
      407967.99813884334,
      474424.41974518733,
      104140.45776028451,
      183666.10428429194,
      5647477.729152721,
      3083826.3377679265,
      5218218.533829153,
      14724391.541411307,
      14531637.573420987,
      19874789.20162186
    ]
  }
}