{
  "add_ff": {
    "range": [
      "range",
      "results"
    ],
    "results": [
      [
        1,
        1
      ],
      [
        517.5469296395436,
        711.7212292038024
      ]
    ]
  },
  "invert": {
    "range": [
      "range",
      "results"
    ],
    "results": [
      [
        1,
        1
      ],
      [
        12502.951100321454,
        11913.201180432825
      ]
    ]
  },
  "mul_G1": {
    "range": [
      "range",
      "results"
    ],
    "results": [
      [
        1,
        1
      ],
      [
        2669694.9838957884,
        822231.7291402268
      ]
    ]
  },
  "mul_G2": {
    "range": [
      "range",
      "results"
    ],
    "results": [
      [
        1,
        1
      ],
      [
        18588821.92660261,
        6113202.184075263
      ]
    ]
  },
  "pairing": {
    "range": [
      "range",
      "results"
    ],
    "results": [
      [
        1,
        1
      ],
      [
        7226.533437243844,
        10692667.108901003
      ]
    ]
  },
  "add_G1": {
    "range": [
      "range",
      "results"
    ],
    "results": [
      [
        1,
        1
      ],
      [
        11981.310539085409,
        7097.852784032059
      ]
    ]
  },
  "add_G2": {
    "range": [
      "range",
      "results"
    ],
    "results": [
      [
        1,
        1
      ],
      [
        35304.46375433961,
        18554.134859287293
      ]
    ]
  },
  "msm_G1": {
    "range": [
      "range",
      "results"
    ],
    "results": [
      [
        10,
        11,
        12,
        13,
        14,
        15,
        16,
        17,
        18,
        19,
        20,
        10,
        11,
        12,
        13,
        14,
        15,
        16,
        17,
        18,
        19,
        20
      ],
      [
        72572.11697983983,
        72835.89965395918,
        72168.4746290461,
        72073.76913039476,
        72122.64073474504,
        72260.45118332599,
        72148.36837529551,
        72053.42137246723,
        71976.11122933055,
        71969.28032716253,
        72024.77159305073,
        74151.82164333067,
        72894.3601641641,
        72308.02996384434,
        72267.74345451842,
        72307.62451003618,
        72209.40002465507,
        72342.3832570444,
        71985.0372845935,
        72029.41787170767,
        72066.16245853333,
        71710.18069689335
      ]
    ]
  },
  "msm_G2": {
    "range": [
      "range",
      "results"
    ],
    "results": [
      [
        10,
        11,
        12,
        13,
        14,
        15,
        16,
        17,
        18,
        19,
        20,
        10,
        11,
        12,
        13,
        14,
        15,
        16,
        17,
        18,
        19,
        20
      ],
      [
        72002.92553551511,
        71916.10207716099,
        71851.26096545528,
        71939.52545024152,
        71862.11662735874,
        71837.55184792014,
        71736.85783378706,
        71803.6292057692,
        71845.59907978294,
        71810.68347066396,
        71686.12186199448,
        71790.57515531842,
        71692.25852549289,
        71747.25343685338,
        72050.02268384445,
        71873.5145549245,
        71883.92874836715,
        72005.40545555303,
        71924.82098817002,
        72101.12257921703,
        72307.68670333887,
        72322.21326956972
      ]
    ]
  },
  "fft": {
    "range": [
      "range",
      "results"
    ],
    "results": [
      [
        10,
        11,
        12,
        13,
        14,
        15,
        16,
        17,
        18,
        19,
        20,
        10,
        11,
        12,
        13,
        14,
        15,
        16,
        17,
        18,
        19,
        20
      ],
      [
        307373.67596594046,
        546918.0276885824,
        1076494.9824220391,
        2767857.1159009775,
        3709357.788238455,
        11216257.353623709,
        16304929.614067078,
        36903740.21232128,
        72331165.00377655,
        164076385.99574566,
        337892864.4031286,
        408572.8227118262,
        760056.9061051748,
        1450328.678065452,
        2826370.966804903,
        6182714.231493996,
        13531896.100193262,
        26147049.66403189,
        53713252.00254267,
        72415875.00274181,
        193036607.1999073,
        323192055.59790134
      ]
    ]
  }
}