{
  "add_ff": {
    "range": [
      1
    ],
    "results": [
      577.9464876056553
    ]
  },
  "invert": {
    "range": [
      1
    ],
    "results": [
      9722.338600390303
    ]
  },
  "mul_G1": {
    "range": [
      1
    ],
    "results": [
      1034981.857277145
    ]
  },
  "mul_G2": {
    "range": [
      1
    ],
    "results": [
      6999790.222280556
    ]
  },
  "pairing": {
    "range": [
      1
    ],
    "results": [
      5634518.699699572
    ]
  },
  "add_G1": {
    "range": [
      1
    ],
    "results": [
      5613.806938886019
    ]
  },
  "add_G2": {
    "range": [
      1
    ],
    "results": [
      13462.37265599255
    ]
  },
  "msm_G1": {
    "range": [
      2,
      4,
      8,
      16,
      32,
      64,
      128,
      256,
      512,
      1024,
      2048,
      4096,
      8192,
      16384,
      32768,
      65536,
      131072,
      262144,
      524288,
      1048576
    ],
    "results": [
      16991468.835870426,
      13995830.468005605,
      14415374.141931534,
      11043378.109517304,
      11690659.003202306,
      15964364.99711126,
      24098328.19160961,
      37151190.49804551,
      62597705.39999008,
      105316918.30158234,
      183321682.79588223,
      326667363.8045788,
      588051592.206955,
      1079165998.4976053,
      1999022176.7038107,
      3650617243.7042,
      6799144628.995657,
      13282948287.898302,
      24808572748.79217,
      46321057057.69956
    ]
  },
  "msm_G2": {
    "range": [
      2,
      4,
      8,
      16,
      32,
      64,
      128,
      256,
      512,
      1024,
      2048,
      4096,
      8192,
      16384,
      32768,
      65536,
      131072,
      262144,
      524288,
      1048576
    ],
    "results": [
      19123263.702348426,
      19685459.500321977,
      22740412.52421296,
      22814309.496771205,
      29280887.112021446,
      43578869.665662445,
      71290888.40186596,
      125690978.50620747,
      198878899.00505543,
      345935808.8940382,
      596998979.1989326,
      1083312316.5994883,
      1948086238.3037806,
      3558496786.3976955,
      6577321817.103028,
      12060281305.503845,
      22653617816.403507,
      43425087574.29421,
      78905815978.59561,
      147209562740.69547
    ]
  },
  "fft": {
    "range": [
      2,
      4,
      8,
      16,
      32,
      64,
      128,
      256,
      512,
      1024,
      2048,
      4096,
      8192,
      16384,
      32768,
      65536,
      131072,
      262144,
      524288,
      1048576
    ],
    "results": [
      89831.1933077964,
      99828.1183167117,
      76433.66551971405,
      209927.04720481118,
      217874.6638734356,
      272670.4700725029,
      354064.3196070523,
      521823.9853603375,
      909561.0598542475,
      1696653.7560446789,
      3336921.000679334,
      6891365.068007822,
      14093602.030641504,
      29893320.180037443,
      63732825.100421906,
      133412762.50481606,
      277481252.7060509,
      603405515.5932903,
      1290460622.0066547,
      2705168114.298582
    ]
  }
}