{
  "add_ff": {
    "range": [
      1
    ],
    "results": [
      501.1523648768521
    ]
  },
  "invert": {
    "range": [
      1
    ],
    "results": [
      12446.983731361877
    ]
  },
  "mul_G1": {
    "range": [
      1
    ],
    "results": [
      2533351.6441210355
    ]
  },
  "mul_G2": {
    "range": [
      1
    ],
    "results": [
      17712021.32003061
    ]
  },
  "pairing": {
    "range": [
      1
    ],
    "results": [
      7154.320542369679
    ]
  },
  "add_G1": {
    "range": [
      1
    ],
    "results": [
      11779.565846206391
    ]
  },
  "add_G2": {
    "range": [
      1
    ],
    "results": [
      36035.50046467581
    ]
  },
  "msm_G1": {
    "range": [
      10,
      11,
      12,
      13,
      14,
      15,
      16,
      17,
      18,
      19,
      20
    ],
    "results": [
      72910.59724858358,
      72554.4410532322,
      71995.43234768148,
      72061.52528760619,
      71981.099289545,
      71808.25567067432,
      71767.98735216563,
      71959.24988649342,
      71822.17629707191,
      71749.98986223266,
      71738.96598679094
    ]
  },
  "msm_G2": {
    "range": [
      10,
      11,
      12,
      13,
      14,
      15,
      16,
      17,
      18,
      19,
      20
    ],
    "results": [
      71794.87811004354,
      71946.06116349749,
      71814.19169579227,
      71879.12583916596,
      71605.73361272647,
      71700.43910065934,
      71814.40791778313,
      71596.83412156427,
      71804.69232787352,
      71797.00368955164,
      71631.96612592925
    ]
  },
  "fft": {
    "range": [
      10,
      11,
      12,
      13,
      14,
      15,
      16,
      17,
      18,
      19,
      20
    ],
    "results": [
      293684.1755912924,
      621999.1024453841,
      1118341.2972401837,
      2203315.3276086375,
      5155138.846039772,
      7634766.693368102,
      22033386.622865994,
      29777315.05912893,
      86815791.8035984,
      167464324.5100975,
      311603030.782938
    ]
  }
}