{
  "add_ff": {
    "range": [
      1
    ],
    "results": [
      730.9764097975179
    ],
    "stddev": [
      2083.835595007895
    ]
  },
  "mul_ff": {
    "range": [
      1
    ],
    "results": [
      994.0832574003441
    ],
    "stddev": [
      605.775714265888
    ]
  },
  "invert": {
    "range": [
      1
    ],
    "results": [
      11731.457468049262
    ],
    "stddev": [
      1635.848681071386
    ]
  },
  "mul_G1": {
    "range": [
      1
    ],
    "results": [
      2570542.5893649077
    ],
    "stddev": [
      115077.96030747738
    ]
  },
  "mul_G2": {
    "range": [
      1
    ],
    "results": [
      18478134.96419362
    ],
    "stddev": [
      827052.5660311623
    ]
  },
  "pairing": {
    "range": [
      1
    ],
    "results": [
      13643212.294256365
    ],
    "stddev": [
      615486.8554899216
    ]
  },
  "add_G1": {
    "range": [
      1
    ],
    "results": [
      12050.73732149747
    ],
    "stddev": [
      13130.244577621595
    ]
  },
  "add_G2": {
    "range": [
      1
    ],
    "results": [
      34897.071794549025
    ],
    "stddev": [
      37782.55594604393
    ]
  },
  "msm_G1": {
    "range": [
      2,
      4,
      8,
      16,
      32,
      64,
      128,
      256,
      512,
      1024,
      2048,
      4096,
      8192,
      16384,
      32768,
      65536,
      131072,
      262144,
      524288,
      1048576
    ],
    "results": [
      10603649.98007814,
      11067968.001832133,
      11216813.33515379,
      6344830.785748325,
      4874857.6156795025,
      4738544.801777264,
      5150771.490165165,
      7488149.686535792,
      11347425.91049936,
      19170280.774434406,
      22018679.819677185,
      42455855.33479849,
      63587579.00297642,
      124438350.3973484,
      242852870.9948063,
      487068886.9923353,
      750046877.6017427,
      1640095079.395175,
      3487006741.794944,
      7659826722.3984
    ],
    "stddev": [
      1899737.5333032245,
      1612942.2046331398,
      1298719.6939952013,
      948761.0584982876,
      913293.250332218,
      598591.9121015889,
      542034.2756684008,
      699300.2324282044,
      620434.0412370329,
      1873346.233763649,
      3768424.5331672477,
      6833966.1731081335,
      2782109.490983682,
      3757831.848208594,
      5525410.364187787,
      7410069.272439137,
      12267619.9455307,
      34363432.39971244,
      72732000.68690573,
      41614241.957730256
    ]
  },
  "msm_G2": {
    "range": [
      2,
      4,
      8,
      16,
      32,
      64,
      128,
      256,
      512,
      1024,
      2048,
      4096,
      8192,
      16384,
      32768,
      65536,
      131072,
      262144,
      524288,
      1048576
    ],
    "results": [
      16966223.804155983,
      18400485.318686284,
      19479056.728573944,
      11874605.578045513,
      10332021.488218892,
      11076757.067571515,
      13603867.269851064,
      20883622.869849205,
      35930607.92556831,
      58691158.694028854,
      64025807.99460411,
      129008191.70475006,
      210515564.10491467,
      422313934.89539623,
      817280002.7936697,
      1660950003.6001205,
      2508468586.2004757,
      5511782233.196497,
      11727162488.093973,
      25759658232.897522
    ],
    "stddev": [
      1001030.0082127557,
      1093444.2238264875,
      1278212.999011566,
      827390.6680660619,
      567230.1939207626,
      592057.9080220847,
      645142.6996035486,
      987047.5328827254,
      1687902.0423420973,
      2555513.295889094,
      10179011.545353718,
      10988279.116413182,
      5484708.472502963,
      7275174.856590542,
      12939933.51843193,
      13607407.543331306,
      17603611.498668935,
      68511592.46214558,
      51184931.88220521,
      55669504.49211907
    ]
  },
  "fft": {
    "range": [
      2,
      4,
      8,
      16,
      32,
      64,
      128,
      256,
      512,
      1024,
      2048,
      4096,
      8192,
      16384,
      32768,
      65536,
      131072,
      262144,
      524288,
      1048576
    ],
    "results": [
      74394.10155274616,
      78905.63392481142,
      88658.71038948391,
      191186.0235399974,
      351085.940780847,
      714128.5972316322,
      1453658.4577588148,
      3321681.648887546,
      3422230.0267543923,
      3642417.261349982,
      3942264.6202440336,
      4632024.7343920795,
      6214382.841631219,
      10209651.368004937,
      17119331.70258999,
      34385444.202025734,
      62840867.40016937,
      118147206.99489117,
      249319871.50609493,
      480198996.4991808
    ],
    "stddev": [
      19013.37926088811,
      14227.805437984192,
      15120.247796817906,
      36315.556878811265,
      70736.39397708511,
      113445.75179219802,
      204269.29454172455,
      376227.51371333684,
      451691.20951492834,
      446733.4797961248,
      381085.8537862938,
      349435.8441075419,
      332240.56979861663,
      2475644.028477582,
      1116897.4775167247,
      2671645.1186522725,
      4959158.122883069,
      3823565.1486677197,
      8725373.72706873,
      8935913.51137407
    ]
  }
}