{
  "add_ff": {
    "range": [
      1
    ],
    "results": [
      517.5469296395436
    ]
  },
  "invert": {
    "range": [
      1
    ],
    "results": [
      12502.951100321454
    ]
  },
  "mul_G1": {
    "range": [
      1
    ],
    "results": [
      2669694.9838957884
    ]
  },
  "mul_G2": {
    "range": [
      1
    ],
    "results": [
      18588821.92660261
    ]
  },
  "pairing": {
    "range": [
      1
    ],
    "results": [
      7226.533437243844
    ]
  },
  "add_G1": {
    "range": [
      1
    ],
    "results": [
      11981.310539085409
    ]
  },
  "add_G2": {
    "range": [
      1
    ],
    "results": [
      35304.46375433961
    ]
  },
  "msm_G1": {
    "range": [
      10,
      11,
      12,
      13,
      14,
      15,
      16,
      17,
      18,
      19,
      20
    ],
    "results": [
      72572.11697983983,
      72835.89965395918,
      72168.4746290461,
      72073.76913039476,
      72122.64073474504,
      72260.45118332599,
      72148.36837529551,
      72053.42137246723,
      71976.11122933055,
      71969.28032716253,
      72024.77159305073
    ]
  },
  "msm_G2": {
    "range": [
      10,
      11,
      12,
      13,
      14,
      15,
      16,
      17,
      18,
      19,
      20
    ],
    "results": [
      72002.92553551511,
      71916.10207716099,
      71851.26096545528,
      71939.52545024152,
      71862.11662735874,
      71837.55184792014,
      71736.85783378706,
      71803.6292057692,
      71845.59907978294,
      71810.68347066396,
      71686.12186199448
    ]
  },
  "fft": {
    "range": [
      10,
      11,
      12,
      13,
      14,
      15,
      16,
      17,
      18,
      19,
      20
    ],
    "results": [
      307373.67596594046,
      546918.0276885824,
      1076494.9824220391,
      2767857.1159009775,
      3709357.788238455,
      11216257.353623709,
      16304929.614067078,
      36903740.21232128,
      72331165.00377655,
      164076385.99574566,
      337892864.4031286
    ]
  }
}