{
  "add_ff": {
    "range": [
      "range",
      "results"
    ],
    "results": [
      [
        1,
        1
      ],
      [
        418.612327497181,
        577.9464876056553
      ]
    ]
  },
  "invert": {
    "range": [
      "range",
      "results"
    ],
    "results": [
      [
        1,
        1
      ],
      [
        9687.48563538801,
        9722.338600390303
      ]
    ]
  },
  "mul_G1": {
    "range": [
      "range",
      "results"
    ],
    "results": [
      [
        1,
        1
      ],
      [
        372678.77956527536,
        1034981.857277145
      ]
    ]
  },
  "mul_G2": {
    "range": [
      "range",
      "results"
    ],
    "results": [
      [
        1,
        1
      ],
      [
        2769422.563235404,
        6999790.222280556
      ]
    ]
  },
  "pairing": {
    "range": [
      "range",
      "results"
    ],
    "results": [
      [
        1,
        1
      ],
      [
        4739950.112576755,
        5634518.699699572
      ]
    ]
  },
  "add_G1": {
    "range": [
      "range",
      "results"
    ],
    "results": [
      [
        1,
        1
      ],
      [
        3867.1403218599094,
        5613.806938886019
      ]
    ]
  },
  "add_G2": {
    "range": [
      "range",
      "results"
    ],
    "results": [
      [
        1,
        1
      ],
      [
        8696.516384424483,
        13462.37265599255
      ]
    ]
  },
  "msm_G1": {
    "range": [
      "range",
      "results"
    ],
    "results": [
      [
        2,
        4,
        8,
        16,
        32,
        64,
        128,
        256,
        512,
        1024,
        2048,
        4096,
        8192,
        16384,
        32768,
        65536,
        131072,
        262144,
        524288,
        1048576,
        2,
        4,
        8,
        16,
        32,
        64,
        128,
        256,
        512,
        1024,
        2048,
        4096,
        8192,
        16384,
        32768,
        65536,
        131072,
        262144,
        524288,
        1048576
      ],
      [
        16946294.631560642,
        12752877.974510193,
        13297745.288202638,
        8812355.752576862,
        8260461.8189764805,
        9615675.055063687,
        13338245.236559918,
        20016421.07963562,
        33915416.557341814,
        55201232.50186443,
        93207827.89885998,
        166452783.5994959,
        298942929.60464954,
        542142613.1993532,
        1014696910.995245,
        1889007634.2076063,
        3523178755.3071976,
        6967833589.699864,
        13289063073.298336,
        25025185956.197975,
        16991468.835870426,
        13995830.468005605,
        14415374.141931534,
        11043378.109517304,
        11690659.003202306,
        15964364.99711126,
        24098328.19160961,
        37151190.49804551,
        62597705.39999008,
        105316918.30158234,
        183321682.79588223,
        326667363.8045788,
        588051592.206955,
        1079165998.4976053,
        1999022176.7038107,
        3650617243.7042,
        6799144628.995657,
        13282948287.898302,
        24808572748.79217,
        46321057057.69956
      ]
    ]
  },
  "msm_G2": {
    "range": [
      "range",
      "results"
    ],
    "results": [
      [
        2,
        4,
        8,
        16,
        32,
        64,
        128,
        256,
        512,
        1024,
        2048,
        4096,
        8192,
        16384,
        32768,
        65536,
        131072,
        262144,
        524288,
        1048576,
        2,
        4,
        8,
        16,
        32,
        64,
        128,
        256,
        512,
        1024,
        2048,
        4096,
        8192,
        16384,
        32768,
        65536,
        131072,
        262144,
        524288,
        1048576
      ],
      [
        17574513.34184614,
        16357795.518252157,
        18887133.673385337,
        14900139.148620998,
        18860019.81298129,
        26619955.050317865,
        39939134.38916206,
        65485222.50056267,
        112839464.89989758,
        191774415.99965096,
        331407282.3911905,
        596809242.0041561,
        1075788010.4988813,
        1952011110.702157,
        3622314676.696062,
        6687937662.696838,
        12592856435.29296,
        23979510254.907608,
        44829304575.89626,
        83078684683.49278,
        19123263.702348426,
        19685459.500321977,
        22740412.52421296,
        22814309.496771205,
        29280887.112021446,
        43578869.665662445,
        71290888.40186596,
        125690978.50620747,
        198878899.00505543,
        345935808.8940382,
        596998979.1989326,
        1083312316.5994883,
        1948086238.3037806,
        3558496786.3976955,
        6577321817.103028,
        12060281305.503845,
        22653617816.403507,
        43425087574.29421,
        78905815978.59561,
        147209562740.69547
      ]
    ]
  },
  "fft": {
    "range": [
      "range",
      "results"
    ],
    "results": [
      [
        2,
        4,
        8,
        16,
        32,
        64,
        128,
        256,
        512,
        1024,
        2048,
        4096,
        8192,
        16384,
        32768,
        65536,
        131072,
        262144,
        524288,
        1048576,
        2,
        4,
        8,
        16,
        32,
        64,
        128,
        256,
        512,
        1024,
        2048,
        4096,
        8192,
        16384,
        32768,
        65536,
        131072,
        262144,
        524288,
        1048576
      ],
      [
        70188.99492990563,
        69294.15044376829,
        73252.83027781513,
        244265.21651326705,
        230071.25956483578,
        268184.53914038936,
        348307.43375345855,
        514821.7815123959,
        906316.0633803278,
        1673745.9494318052,
        3335581.765770912,
        6830450.0531505905,
        14020070.41540411,
        30478807.000552904,
        63917833.69779587,
        133213651.90148354,
        278473412.49883175,
        610636241.8979406,
        1300990046.9988585,
        2734400814.0027523,
        89831.1933077964,
        99828.1183167117,
        76433.66551971405,
        209927.04720481118,
        217874.6638734356,
        272670.4700725029,
        354064.3196070523,
        521823.9853603375,
        909561.0598542475,
        1696653.7560446789,
        3336921.000679334,
        6891365.068007822,
        14093602.030641504,
        29893320.180037443,
        63732825.100421906,
        133412762.50481606,
        277481252.7060509,
        603405515.5932903,
        1290460622.0066547,
        2705168114.298582
      ]
    ]
  }
}