{
  "add_ff": {
    "range": [
      1
    ],
    "results": [
      415.3411736840267
    ]
  },
  "invert": {
    "range": [
      1
    ],
    "results": [
      6655.320252893137
    ]
  },
  "mul_G1": {
    "range": [
      1
    ],
    "results": [
      901904.882839671
    ]
  },
  "mul_G2": {
    "range": [
      1
    ],
    "results": [
      6147760.829547556
    ]
  },
  "pairing": {
    "range": [
      1
    ],
    "results": [
      4870822.660010127
    ]
  },
  "add_G1": {
    "range": [
      1
    ],
    "results": [
      4966.5612997766
    ]
  },
  "add_G2": {
    "range": [
      1
    ],
    "results": [
      11945.774712149818
    ]
  },
  "msm_G1": {
    "range": [
      2,
      4,
      8,
      16,
      32,
      64,
      128,
      256,
      512,
      1024,
      2048,
      4096,
      8192,
      16384,
      32768,
      65536,
      131072,
      262144,
      524288,
      1048576
    ],
    "results": [
      5367788.957431912,
      5181492.948731811,
      5351801.031962671,
      3132954.1374230757,
      2691939.037613651,
      2451829.7892794306,
      2876955.793142833,
      4054992.2823425266,
      5616780.188679695,
      9399668.77805138,
      12426547.487970533,
      22466361.304016218,
      40003241.0767789,
      73858165.2007997,
      136239019.89981532,
      265040507.0990324,
      458519155.9996456,
      901000591.1998451,
      1908918319.4004,
      3633999077.999592
    ]
  },
  "msm_G2": {
    "range": [
      2,
      4,
      8,
      16,
      32,
      64,
      128,
      256,
      512,
      1024,
      2048,
      4096,
      8192,
      16384,
      32768,
      65536,
      131072,
      262144,
      524288,
      1048576
    ],
    "results": [
      7335536.985509638,
      7715401.876889742,
      7799525.661594593,
      4968268.861606864,
      4434571.141525444,
      5024079.589955509,
      7321709.796948277,
      9598961.151081998,
      16995603.99974386,
      27615806.631743908,
      35216713.33387494,
      67846206.90010488,
      122528591.90106392,
      229331511.59994304,
      449965045.70022225,
      858624118.2997823,
      1410956506.999582,
      3081918261.2001896,
      6019529718.198999,
      11671257494.699955
    ]
  },
  "fft": {
    "range": [
      2,
      4,
      8,
      16,
      32,
      64,
      128,
      256,
      512,
      1024,
      2048,
      4096,
      8192,
      16384,
      32768,
      65536,
      131072,
      262144,
      524288,
      1048576
    ],
    "results": [
      37730.56701530719,
      40325.96475046262,
      45040.52027449256,
      99366.2819855614,
      184750.98633401765,
      383642.85441879113,
      785936.9232888599,
      1793715.6738826877,
      1890116.0340545315,
      2030802.4614506403,
      2249154.273604331,
      2762681.1594466916,
      3659846.605529098,
      5954081.01189172,
      10057332.719862461,
      19961532.692926433,
      40135397.076320186,
      80640727.2003591,
      169906285.90025008,
      350408079.50012386
    ]
  }
}