{
  "add_ff": {
    "range": [
      1
    ],
    "results": [
      527.1074824315275
    ]
  },
  "invert": {
    "range": [
      1
    ],
    "results": [
      9628.01653867986
    ]
  },
  "mul_G1": {
    "range": [
      1
    ],
    "results": [
      1020258.3498539603
    ]
  },
  "mul_G2": {
    "range": [
      1
    ],
    "results": [
      7030681.817895835
    ]
  },
  "pairing": {
    "range": [
      1
    ],
    "results": [
      5608428.811199135
    ]
  },
  "add_G1": {
    "range": [
      1
    ],
    "results": [
      5820.486720767261
    ]
  },
  "add_G2": {
    "range": [
      1
    ],
    "results": [
      14013.11215638132
    ]
  },
  "msm_G1": {
    "range": [
      2,
      4,
      8,
      16,
      32,
      64,
      128,
      256,
      512,
      1024,
      2048,
      4096,
      8192,
      16384,
      32768,
      65536,
      131072,
      262144,
      524288,
      1048576
    ],
    "results": [
      7587099.045063511,
      7292296.398963247,
      7364337.764022982,
      4435118.292812753,
      4643666.267670967,
      5675613.853368866,
      8002471.745487244,
      10699381.807066025,
      18023526.749972787,
      29297445.831199486,
      46556324.9994408,
      90927738.30145597,
      161737298.10118675,
      276707842.39917994,
      535508055.3010106,
      964394963.9990926,
      1794418751.2010336,
      3655042207.598686,
      7266554735.299945,
      12132859489.099682
    ]
  },
  "msm_G2": {
    "range": [
      2,
      4,
      8,
      16,
      32,
      64,
      128,
      256,
      512,
      1024,
      2048,
      4096,
      8192,
      16384,
      32768,
      65536,
      131072,
      262144,
      524288,
      1048576
    ],
    "results": [
      10487968.186537424,
      10607994.104114672,
      11074302.6966634,
      8854743.245923728,
      10488221.478648484,
      13837498.918175697,
      20640275.91943741,
      32938856.687396765,
      55249152.29976177,
      95471787.00119257,
      153485885.30123234,
      298177755.50186634,
      536052334.60217714,
      911769341.4017558,
      1730674942.201376,
      3132367848.998308,
      5940831602.601707,
      11883051374.900341,
      23472267561.101913,
      37717112038.00142
    ]
  },
  "fft": {
    "range": [
      2,
      4,
      8,
      16,
      32,
      64,
      128,
      256,
      512,
      1024,
      2048,
      4096,
      8192,
      16384,
      32768,
      65536,
      131072,
      262144,
      524288,
      1048576
    ],
    "results": [
      52562.8545723991,
      55109.36926766634,
      65412.860166833125,
      159408.45970766235,
      305029.4755617293,
      619750.4486699383,
      641632.8745010572,
      733402.0290294351,
      864224.3228736937,
      1207830.304360908,
      1857491.7591280406,
      3163545.3845345,
      5846527.720953142,
      11684553.884143053,
      23542935.317890212,
      49951653.18657052,
      102541448.10438156,
      209770942.0993924,
      426442535.5002284,
      888774423.0031967
    ]
  }
}