{
  "add_ff": {
    "range": [
      "range",
      "results"
    ],
    "results": [
      [
        1,
        1
      ],
      [
        413.4278172799751,
        527.1074824315275
      ]
    ]
  },
  "invert": {
    "range": [
      "range",
      "results"
    ],
    "results": [
      [
        1,
        1
      ],
      [
        9831.742061952566,
        9628.01653867986
      ]
    ]
  },
  "mul_G1": {
    "range": [
      "range",
      "results"
    ],
    "results": [
      [
        1,
        1
      ],
      [
        380256.8928937042,
        1020258.3498539603
      ]
    ]
  },
  "mul_G2": {
    "range": [
      "range",
      "results"
    ],
    "results": [
      [
        1,
        1
      ],
      [
        2734546.4970570444,
        7030681.817895835
      ]
    ]
  },
  "pairing": {
    "range": [
      "range",
      "results"
    ],
    "results": [
      [
        1,
        1
      ],
      [
        4691266.6173460325,
        5608428.811199135
      ]
    ]
  },
  "add_G1": {
    "range": [
      "range",
      "results"
    ],
    "results": [
      [
        1,
        1
      ],
      [
        3914.6086468159715,
        5820.486720767261
      ]
    ]
  },
  "add_G2": {
    "range": [
      "range",
      "results"
    ],
    "results": [
      [
        1,
        1
      ],
      [
        8504.14014813916,
        14013.11215638132
      ]
    ]
  },
  "msm_G1": {
    "range": [
      "range",
      "results"
    ],
    "results": [
      [
        2,
        4,
        8,
        16,
        32,
        64,
        128,
        256,
        512,
        1024,
        2048,
        4096,
        8192,
        16384,
        32768,
        65536,
        131072,
        262144,
        524288,
        1048576,
        2,
        4,
        8,
        16,
        32,
        64,
        128,
        256,
        512,
        1024,
        2048,
        4096,
        8192,
        16384,
        32768,
        65536,
        131072,
        262144,
        524288,
        1048576
      ],
      [
        6948385.152758823,
        6259418.729462741,
        6396714.594545244,
        3609650.74094937,
        2973093.9112118715,
        3814044.584040389,
        4670492.786224241,
        6672469.31930383,
        9416211.074425112,
        15403833.028945057,
        24309116.570722487,
        48005994.27385764,
        84570666.19992256,
        144845630.39839268,
        282552592.4026966,
        516289854.902029,
        946416385.2974772,
        1963906332.7983022,
        3852055103.9010286,
        6722559886.002541,
        7587099.045063511,
        7292296.398963247,
        7364337.764022982,
        4435118.292812753,
        4643666.267670967,
        5675613.853368866,
        8002471.745487244,
        10699381.807066025,
        18023526.749972787,
        29297445.831199486,
        46556324.9994408,
        90927738.30145597,
        161737298.10118675,
        276707842.39917994,
        535508055.3010106,
        964394963.9990926,
        1794418751.2010336,
        3655042207.598686,
        7266554735.299945,
        12132859489.099682
      ]
    ]
  },
  "msm_G2": {
    "range": [
      "range",
      "results"
    ],
    "results": [
      [
        2,
        4,
        8,
        16,
        32,
        64,
        128,
        256,
        512,
        1024,
        2048,
        4096,
        8192,
        16384,
        32768,
        65536,
        131072,
        262144,
        524288,
        1048576,
        2,
        4,
        8,
        16,
        32,
        64,
        128,
        256,
        512,
        1024,
        2048,
        4096,
        8192,
        16384,
        32768,
        65536,
        131072,
        262144,
        524288,
        1048576
      ],
      [
        8675727.999415891,
        8351463.41746052,
        9284857.332430504,
        5938979.282624581,
        7085376.4502935,
        8980453.731492162,
        12158485.332060426,
        18778847.295928884,
        31059586.764258496,
        53863957.901299,
        89187758.60220194,
        165793605.89832067,
        299074503.8986206,
        504135609.89946127,
        974112480.9011817,
        1774751826.1998892,
        3366628380.3001046,
        6818680071.097612,
        13321428988.599777,
        21447533062.20025,
        10487968.186537424,
        10607994.104114672,
        11074302.6966634,
        8854743.245923728,
        10488221.478648484,
        13837498.918175697,
        20640275.91943741,
        32938856.687396765,
        55249152.29976177,
        95471787.00119257,
        153485885.30123234,
        298177755.50186634,
        536052334.60217714,
        911769341.4017558,
        1730674942.201376,
        3132367848.998308,
        5940831602.601707,
        11883051374.900341,
        23472267561.101913,
        37717112038.00142
      ]
    ]
  },
  "fft": {
    "range": [
      "range",
      "results"
    ],
    "results": [
      [
        2,
        4,
        8,
        16,
        32,
        64,
        128,
        256,
        512,
        1024,
        2048,
        4096,
        8192,
        16384,
        32768,
        65536,
        131072,
        262144,
        524288,
        1048576,
        2,
        4,
        8,
        16,
        32,
        64,
        128,
        256,
        512,
        1024,
        2048,
        4096,
        8192,
        16384,
        32768,
        65536,
        131072,
        262144,
        524288,
        1048576
      ],
      [
        53103.952064869656,
        57283.77478306257,
        63584.60156154172,
        147599.36989444486,
        289915.015032326,
        600350.5987029115,
        643669.7296807818,
        729739.8487741328,
        896211.1307515037,
        1172113.3165393,
        1899532.102895054,
        3116392.71398879,
        6001757.048425221,
        11632413.674925648,
        23757432.5454506,
        50077030.45146032,
        104282800.00090599,
        213452970.70145607,
        434834913.1003022,
        900111325.1015544,
        52562.8545723991,
        55109.36926766634,
        65412.860166833125,
        159408.45970766235,
        305029.4755617293,
        619750.4486699383,
        641632.8745010572,
        733402.0290294351,
        864224.3228736937,
        1207830.304360908,
        1857491.7591280406,
        3163545.3845345,
        5846527.720953142,
        11684553.884143053,
        23542935.317890212,
        49951653.18657052,
        102541448.10438156,
        209770942.0993924,
        426442535.5002284,
        888774423.0031967
      ]
    ]
  }
}