{"add_ff": {"range": [1], "results": [6.100351831260956]}, "mul_ff": {"range": [1], "results": [33.22454928002316]}, "invert": {"range": [1], "results": [11913.691974457837]}, "add_G1": {"range": [1], "results": [1108.107707115283]}, "mul_G1": {"range": [1], "results": [471474.4218222123]}, "pairing": {"range": [1], "results": [1811658.5374509103]}, "msm_Gt": {"range": [16, 32, 64, 128, 256, 512, 1024], "results": [5837963.598888888, 10346558.918000001, 19850572.043333337, 38833421.875, 76355467.87, 151378768.47, 301515085.23]}}