{"add_ff": {"range": [1], "results": [5.533388132336952]}, "mul_ff": {"range": [1], "results": [30.155315108380265]}, "invert": {"range": [1], "results": [10701.581876329432]}, "add_G1": {"range": [1], "results": [994.7046351984552]}, "mul_G1": {"range": [1], "results": [423267.1798655369]}, "pairing": {"range": [1], "results": [1625257.155084417]}, "msm_Gt": {"range": [16, 32, 64, 128, 256, 512, 1024], "results": [5231516.997, 9262552.283333333, 17418227.14666666, 33656138.94, 66079861.72, 131077812.98, 262841834.36]}}