{"add_ff": {"range": [1], "results": [16.242084915444817]}, "mul_ff": {"range": [1], "results": [108.11682590528471]}, "invert": {"range": [1], "results": [28182.500641785373]}, "pairing": {"range": [1], "results": [897874786.01]}}