{"add_ff": {"range": [1], "results": [5.533388132336952]}, "mul_ff": {"range": [1], "results": [30.155315108380265]}, "invert": {"range": [1], "results": [10701.581876329432]}, "add_G1": {"range": [1], "results": [994.7046351984552]}, "mul_G1": {"range": [1], "results": [423267.1798655369]}, "pairing": {"range": [1], "results": [262841834.36]}}